,ID,segment_id,pois_type,type_ID,dir,dist_along_segment,ID.1,demand_0,tc_0,demand_1,tc_1,projected_points
0,0,0.0,link,,2,0.0,0,0.0,0.0,0.0,0.0,
1,1,0.0,ra,1.0,2,239.7158,1,0.0,0.0,0.0,0.0,
2,2,0.0,ra,0.0,2,24427.4622,2,0.0,0.0,0.0,0.0,
3,3,0.0,ra,2.0,1,68504.6013,3,0.0,0.0,0.0,0.0,
4,4,0.0,ra,3.0,0,79329.1375,4,0.0,0.0,0.0,0.0,
5,5,0.0,ra,4.0,2,104473.7124,5,0.0,0.0,0.0,0.0,
6,6,0.0,ra,5.0,2,133409.2104,6,0.0,0.0,0.0,0.0,
7,7,0.0,ra,6.0,2,173065.4138,7,0.0,0.0,0.0,0.0,
8,8,0.0,ra,7.0,1,176940.2207,8,0.0,0.0,0.0,0.0,
9,9,0.0,link,0.0,2,194059.9649,9,0.0,0.0,0.0,0.0,
10,10,1.0,link,0.0,2,0.0,10,0.0,0.0,0.0,0.0,
11,11,1.0,ra,8.0,2,8218.2159,11,0.0,0.0,0.0,0.0,
12,12,1.0,ra,9.0,0,16747.064,12,0.0,0.0,0.0,0.0,
13,13,1.0,ra,10.0,2,16911.7408,13,0.0,0.0,0.0,0.0,
14,14,1.0,ra,14.0,2,27721.265,14,0.0,0.0,0.0,0.0,
15,15,1.0,ra,13.0,1,29194.631,15,0.0,0.0,0.0,0.0,
16,16,1.0,ra,12.0,0,29478.4737,16,0.0,0.0,0.0,0.0,
17,17,1.0,ra,15.0,0,33381.7234,17,0.0,0.0,0.0,0.0,
18,18,1.0,ra,16.0,2,34103.2605,18,0.0,0.0,0.0,0.0,
19,19,1.0,link,,2,34449.3465,19,0.0,0.0,0.0,0.0,
20,20,2.0,link,0.0,2,0.0,20,0.0,0.0,0.0,0.0,
21,21,2.0,ra,11.0,1,2598.4116,21,0.0,0.0,0.0,0.0,
22,22,2.0,ra,17.0,0,19826.0309,22,0.0,0.0,0.0,0.0,
23,23,2.0,ra,18.0,1,19924.5545,23,0.0,0.0,0.0,0.0,
24,24,2.0,ra,19.0,0,24376.2839,24,0.0,0.0,0.0,0.0,
25,25,2.0,ra,20.0,0,38424.0481,25,0.0,0.0,0.0,0.0,
26,26,2.0,ra,21.0,1,38987.6806,26,0.0,0.0,0.0,0.0,
27,27,2.0,ra,22.0,2,60686.5332,27,0.0,0.0,0.0,0.0,
28,28,2.0,ra,23.0,2,60687.5223,28,0.0,0.0,0.0,0.0,
29,29,2.0,link,,2,74788.4586,29,0.0,0.0,0.0,0.0,
30,30,3.0,link,,2,0.0,30,0.0,1792.0,0.0,3407.0,POINT (370825.2216 429968.8574)
31,31,3.0,od,0.0,2,0.0,31,0.0,1792.0,13.348275079,3407.0,POINT (370825.2216 429968.8574)
32,32,3.0,ra,24.0,0,291.1391,32,5.2172126720000005,1792.0,0.0,0.0,POINT (371116.16053535754 429979.3559376325)
33,33,3.0,ra,25.0,1,391.7897,33,0.0,0.0,72.70282134300001,3407.0,POINT (371216.76755942893 429982.30554910994)
34,34,3.0,link,1.0,2,2525.7146,34,40.043592960000005,1792.0,0.0,3407.0,POINT (373265.76707094477 430342.4914701595)
35,35,4.0,link,1.0,2,0.0,35,0.0,314.0,104.751728288,382.0,POINT (373265.7671 430342.4915)
36,36,4.0,ra,29.0,1,27421.9184,36,0.0,0.0,68.19641782800002,382.0,POINT (386766.8523661307 409433.2682788165)
37,37,4.0,ra,28.0,0,27456.2755,37,86.21270507,314.0,0.0,0.0,POINT (386781.0617192726 409401.98815432756)
38,38,4.0,od,2.0,2,45274.3838,38,55.94886006200001,314.0,40.18942674199999,317.0,POINT (391939.4723886975 393255.38790568657)
39,39,4.0,ra,31.0,2,57952.4364,39,26.497129933999997,209.0,0.0733024460000038,317.0,POINT (403744.11458122125 391279.7387402485)
40,40,4.0,ra,30.0,2,57975.5602,40,0.0483287420000025,209.0,64.98783746700002,317.0,POINT (403764.930439027 391269.6684775782)
41,41,4.0,ra,35.0,2,78476.4553,41,42.84687075900001,209.0,65.84169852300002,317.0,POINT (407082.9236611305 372083.8980431826)
42,42,4.0,ra,40.0,0,96645.2667,42,37.97281582599998,209.0,0.0,0.0,POINT (416464.3969102968 359075.7417356957)
43,43,4.0,ra,41.0,1,99246.7072,43,0.0,0.0,11.064356560999997,317.0,POINT (418562.4328136651 357565.0343573405)
44,44,4.0,od,3.0,2,102737.0405,44,12.731807242000022,209.0,110.49631109399998,507.0,POINT (420945.97566042066 355088.35267316253)
45,45,4.0,ra,42.0,2,124531.1847,45,85.215103822,391.0,69.39183872399997,507.0,POINT (418755.31809881405 335713.64902848133)
46,46,4.0,od,4.0,2,138217.9379,46,53.51520501199997,391.0,38.26929614000005,491.0,POINT (411596.34990066336 325272.724261363)
47,47,4.0,od,5.0,2,146012.0919,47,28.91631134000004,371.0,88.32835464499992,607.0,POINT (416247.8067568104 319949.2272002828)
48,48,4.0,ra,45.0,2,160563.7154,48,59.66165634999994,410.0,39.205530891000166,607.0,POINT (425776.82644223684 309340.2538954314)
49,49,4.0,ra,49.0,2,167022.6167,49,26.48149533000011,410.0,91.31609726699998,607.0,POINT (431220.418855336 306066.1453691733)
50,50,4.0,link,2.0,2,182066.4548,50,61.67973620999998,410.0,0.0,607.0,POINT (443649.113568629 302106.45203662023)
51,51,5.0,link,1.0,2,0.0,51,0.0,2174.0,298.64608323,3721.0,POINT (373265.7671 430342.4915)
52,52,5.0,od,7.0,2,8025.963,52,174.48443562,2174.0,103.44473241000004,3981.0,POINT (377405.6122739093 436582.48009012727)
53,53,5.0,ra,26.0,1,10624.424,53,0.0,0.0,1140.5154797760003,3981.0,POINT (379959.1040804212 436814.2977074193)
54,54,5.0,ra,27.0,0,12028.5387,54,94.660915305,2365.0,0.0,0.0,POINT (380809.5132748487 437797.2150787287)
55,55,5.0,ra,32.0,2,39273.3936,55,644.3408183850003,2365.0,320.74798764299976,3981.0,POINT (404666.3393909041 437565.1373344102)
56,56,5.0,ra,36.0,1,47330.3639,56,0.0,0.0,810.77917839,3981.0,POINT (407495.79724174016 442612.7173526537)
57,57,5.0,ra,39.0,0,54808.4651,57,367.404440975,2365.0,0.0,0.0,POINT (412548.91993552307 446915.67800408334)
58,58,5.0,ra,43.0,1,67696.5829,58,0.0,0.0,593.1405438120006,3981.0,POINT (423086.51063181605 450802.4533375033)
59,59,5.0,ra,44.0,0,67916.7177,59,310.0101739899998,2365.0,0.0,0.0,POINT (423297.81130778336 450863.93424038205)
60,60,5.0,od,8.0,2,82595.8681,60,347.16190696000035,2365.0,145.7458364999997,4100.0,POINT (435250.9029366367 455838.054213921)
61,61,5.0,ra,50.0,1,86150.6446,61,0.0,0.0,654.5406664999999,4100.0,POINT (438760.7746039549 456263.6320063508)
62,62,5.0,ra,51.0,0,86198.2119,62,86.5643215139997,2403.0,0.0,0.0,POINT (438808.22944083123 456260.3629871813)
63,63,5.0,link,4.0,2,102115.0511,63,382.4816459760001,2403.0,0.0,4100.0,POINT (452559.0184 462855.2281)
64,64,6.0,link,,2,0.0,64,0.0,1801.0,0.0,3403.0,POINT (406895.9783 501318.3961)
65,65,6.0,od,10.0,2,0.0,65,0.0,1801.0,649.974289737,3403.0,POINT (406895.9783 501318.3961)
66,66,6.0,ra,34.0,0,1229.5619,66,22.144409819000003,1801.0,0.0,0.0,POINT (406960.3088094094 500140.1726753872)
67,67,6.0,ra,33.0,0,4398.318,67,57.06929736100002,1801.0,0.0,0.0,POINT (406013.181578617 497130.29396834417)
68,68,6.0,ra,38.0,1,19100.0379,68,0.0,0.0,128.10608473200008,3403.0,POINT (411915.9276660478 486015.5919906238)
69,69,6.0,ra,37.0,0,19123.3135,69,265.19716895500005,1801.0,0.0,0.0,POINT (411927.4770427959 485995.3839364847)
70,70,6.0,od,11.0,2,22864.5423,70,67.37953068800002,1801.0,699.0939773590001,3613.0,POINT (414200.22737178975 483070.5300195685)
71,71,6.0,ra,48.0,2,42213.9466,71,374.023985119,1933.0,674.2680896879998,3613.0,POINT (430763.28443148907 475496.7161735058)
72,72,6.0,link,3.0,2,60876.2242,72,360.7418260079999,1933.0,0.0,3613.0,POINT (448379.4659612143 475821.8973165772)
73,73,7.0,link,,2,0.0,73,0.0,2666.0,0.0,2516.0,POINT (423692.9672 292765.924)
74,74,7.0,od,13.0,2,0.0,74,0.0,2666.0,167.76575786400002,2516.0,POINT (423692.9672 292765.924)
75,75,7.0,ra,46.0,2,6667.9554,75,177.76769096400002,2666.0,1.3465506200000086,2516.0,POINT (427954.4888481733 296765.06880840345)
76,76,7.0,ra,47.0,2,6721.4749,76,1.426829870000009,2666.0,467.29836572,2516.0,POINT (428007.0412899602 296775.17913568765)
77,77,7.0,link,2.0,2,25294.5419,77,495.15796622,2666.0,0.0,2516.0,POINT (443649.1136 302106.452)
78,78,8.0,link,2.0,2,0.0,78,0.0,0.0,0.0,0.0,POINT (443649.1136 302106.452)
79,79,8.0,ra,52.0,2,9055.8245,79,0.0,0.0,0.0,0.0,POINT (451018.32470143714 297821.78149879136)
80,80,8.0,od,14.0,2,21173.6853,80,0.0,0.0,0.0,0.0,POINT (451820.2167027485 287091.6655052039)
81,81,8.0,link,,2,21173.6853,81,0.0,0.0,0.0,0.0,POINT (451820.2167027485 287091.6655052039)
82,82,9.0,link,2.0,2,0.0,82,0.0,2780.0,436.64066078600007,2827.0,POINT (443649.1136 302106.452)
83,83,9.0,ra,55.0,2,15445.3718,83,429.38133604000006,2780.0,500.71131385,2827.0,POINT (458306.7940764559 303735.45581565396)
84,84,9.0,link,7.0,2,33157.1268,84,492.386789,2780.0,0.0,2827.0,POINT (473413.6635578576 307051.16952054534)
85,85,10.0,link,3.0,2,0.0,85,0.0,164.0,29.29094487,198.0,POINT (448379.466 475821.8973)
86,86,10.0,ra,53.0,2,14793.4065,86,24.26118666,164.0,0.8595754200000016,198.0,POINT (452251.4105970054 463161.5663374772)
87,87,10.0,link,4.0,2,15227.5355,87,0.7119715600000014,164.0,0.0,198.0,POINT (452559.0183850873 462855.2281149292)
88,88,11.0,link,3.0,2,0.0,88,0.0,1769.0,237.93968446500003,3415.0,POINT (448379.466 475821.8973)
89,89,11.0,ra,54.0,2,6967.4871,89,123.254846799,1769.0,241.983522565,3415.0,POINT (455044.0371973333 477090.9602798865)
90,90,11.0,ra,56.0,1,14053.3882,90,0.0,0.0,198.93405988500004,3415.0,POINT (461296.28356646636 476629.742582689)
91,91,11.0,link,5.0,2,19878.6901,91,228.39918107000005,1769.0,0.0,3415.0,POINT (466701.1495 477269.0321)
92,92,12.0,link,4.0,2,0.0,92,0.0,2247.0,544.264837092,3951.0,POINT (452559.0184 462855.2281)
93,93,12.0,ra,58.0,0,13722.6357,93,308.34762417900004,2247.0,0.0,0.0,POINT (461425.82137697656 473244.4040326094)
94,94,12.0,ra,57.0,1,13775.3692,94,0.0,0.0,274.583697966,3951.0,POINT (461454.74063140346 473288.4999588424)
95,95,12.0,link,5.0,2,20725.0958,95,157.34527844699997,2247.0,0.0,3951.0,POINT (466701.1494684333 477269.03208977124)
96,96,13.0,link,4.0,2,0.0,96,0.0,376.0,78.48567299300001,403.0,POINT (452559.0184 462855.2281)
97,97,13.0,od,17.0,2,19475.3531,97,73.22732765600001,376.0,67.50651422199999,401.0,POINT (457557.77515631256 444742.9578175954)
98,98,13.0,ra,59.0,2,36309.8953,98,56.564061792,336.0,74.894759574,401.0,POINT (463187.38909662433 430798.1157237469)
99,99,13.0,ra,63.0,1,54986.8927,99,0.0,0.0,54.38478129600002,401.0,POINT (475213.97663490084 418767.01555088477)
100,100,13.0,ra,62.0,0,55258.2919,100,63.666612576000006,336.0,0.0,0.0,POINT (475291.9288971077 418507.23990962235)
101,101,13.0,od,18.0,2,68549.1823,101,44.65739174400002,336.0,26.272704978000007,153.0,POINT (473100.10728726967 407270.1451146825)
102,102,13.0,ra,70.0,2,85720.8849,102,0.0,0.0,9.833543783999996,153.0,POINT (486609.63663864566 400344.48091879673)
103,103,13.0,ra,71.0,1,92148.0377,103,0.0,0.0,44.562918618,153.0,POINT (492625.01981975813 398497.65593754174)
104,104,13.0,ra,75.0,0,106351.1983,104,0.0,0.0,0.0,0.0,POINT (504861.3719958824 392840.50024646265)
105,105,13.0,ra,80.0,2,121274.1283,105,0.0,0.0,17.354546576999997,153.0,POINT (518324.52481764357 388654.0569974916)
106,106,13.0,link,8.0,2,132616.9692,106,0.0,0.0,0.0,153.0,POINT (526729.497785401 383262.22561345744)
107,107,14.0,link,5.0,2,0.0,107,0.0,4016.0,341.320691754,7366.0,POINT (466701.1495 477269.0321)
108,108,14.0,ra,61.0,0,4629.4826,108,185.92002121600004,4016.0,0.0,0.0,POINT (470561.1669555975 479800.5982637369)
109,109,14.0,ra,60.0,1,4633.7319,109,0.0,0.0,144.58489371000005,7366.0,POINT (470564.684594975 479802.98211853526)
110,110,14.0,link,6.0,2,6596.6004,110,78.99945084800001,4016.0,0.0,7366.0,POINT (472157.1388 480950.0432)
111,111,15.0,link,6.0,2,0.0,111,0.0,402.0,17.599703346000002,222.0,POINT (472157.1388 480950.0432)
112,112,15.0,od,21.0,2,7927.7943,112,31.869733086,402.0,25.825875905000007,145.0,POINT (472920.55812910217 487785.5696206992)
113,113,15.0,ra,64.0,1,25738.7432,113,0.0,0.0,28.59234729,145.0,POINT (483152.3628103555 494879.49433593673)
114,114,15.0,ra,65.0,0,25740.9022,114,50.94548859400001,286.0,0.0,0.0,POINT (483153.50574832014 494881.3259946956)
115,115,15.0,od,22.0,2,45457.6034,115,56.389765432,286.0,0.0,0.0,POINT (487528.062811924 511765.1137423326)
116,116,15.0,link,,2,48631.1786,116,0.0,0.0,0.0,0.0,POINT (486731.1665 514538.4749)
117,117,16.0,link,6.0,2,0.0,117,0.0,11453.0,1409.66217777,11445.0,POINT (472157.1388 480950.0432)
118,118,16.0,ra,66.0,1,12316.8386,118,0.0,0.0,2359.6057386300004,11445.0,POINT (483210.5218739728 479130.24269001244)
119,119,16.0,ra,67.0,0,12575.9467,119,1440.323175551,11453.0,0.0,0.0,POINT (483466.69560813945 479091.4297788081)
120,120,16.0,ra,72.0,0,25449.0803,120,1474.3599912080003,11453.0,0.0,0.0,POINT (492850.13430531794 471853.21911061683)
121,121,16.0,ra,74.0,1,32933.752,121,0.0,0.0,1903.5056644800004,11445.0,POINT (499256.0289558316 469168.02242452133)
122,122,16.0,ra,76.0,0,49497.4689,122,2754.2619463580004,11453.0,0.0,0.0,POINT (514585.97515063186 473009.73440669803)
123,123,16.0,ra,77.0,1,49565.5184,123,0.0,0.0,2063.58504828,11445.0,POINT (514653.8683744405 473014.34359438275)
124,124,16.0,ra,82.0,1,67595.9688,124,0.0,0.0,353.2989897150005,11445.0,POINT (531485.813964628 474320.63813732873)
125,125,16.0,ra,83.0,0,68666.0746,125,2195.380410821001,11453.0,0.0,0.0,POINT (532412.4719649106 474846.1041536926)
126,126,16.0,od,24.0,2,70682.8975,126,230.9867267369999,11453.0,0.0,0.0,POINT (534408.6319473161 475122.4405057204)
127,127,16.0,ra,86.0,1,81021.8927,127,0.0,0.0,0.0,0.0,POINT (543005.5417629546 479555.4163932542)
128,128,16.0,ra,89.0,0,92123.3791,128,0.0,0.0,0.0,0.0,POINT (552245.0186812596 479296.501492194)
129,129,16.0,ra,90.0,1,92203.5095,129,0.0,0.0,0.0,0.0,POINT (552316.2429692361 479259.78662046045)
130,130,16.0,ra,94.0,2,106046.1166,130,0.0,0.0,0.0,0.0,POINT (565422.8968527094 477766.7902318694)
131,131,16.0,link,12.0,2,113917.8108,131,0.0,0.0,0.0,0.0,POINT (573191.6347 478224.432)
132,132,17.0,link,,2,0.0,132,0.0,0.0,0.0,0.0,POINT (473345.786 306964.8875)
133,133,17.0,link,7.0,2,109.925,133,0.0,0.0,0.0,0.0,POINT (473413.66357077454 307051.16946633556)
134,134,18.0,link,7.0,2,0.0,134,0.0,2800.0,0.044067276,2827.0,POINT (473413.6636 307051.1695)
135,135,18.0,od,27.0,2,1.5588,135,0.0436464,2800.0,29.269536736000003,2827.0,POINT (473415.0647626311 307050.4864182177)
136,136,18.0,od,28.0,2,1036.9156,136,28.989990400000003,2800.0,0.0,0.0,POINT (474319.3333233694 306553.4347924273)
137,137,18.0,ra,68.0,0,12318.138,137,315.87422720000006,2800.0,0.0,0.0,POINT (484587.93053559517 305090.1406469151)
138,138,18.0,ra,69.0,1,12346.3057,138,0.0,0.0,0.0,0.0,POINT (484616.01242867263 305087.9931726395)
139,139,18.0,ra,73.0,2,27186.3294,139,416.3093592,2800.0,0.0,0.0,POINT (496627.86895286466 309499.01551627065)
140,140,18.0,ra,81.0,2,76811.9777,140,1389.5181524000002,2800.0,0.0,0.0,POINT (520211.8543913453 341031.2935614888)
141,141,18.0,ra,84.0,0,91803.7907,141,419.7707639999999,2800.0,0.0,0.0,POINT (533952.9397252677 342495.0689461542)
142,142,18.0,ra,85.0,1,91872.4612,142,0.0,0.0,0.0,0.0,POINT (534021.5493312958 342493.4794256167)
143,143,18.0,ra,92.0,2,121334.7327,143,826.8663760000001,2800.0,0.0,0.0,POINT (555869.9693444432 342137.7008539572)
144,144,18.0,link,11.0,2,126075.5317,144,132.7423720000004,2800.0,0.0,0.0,POINT (557911.3213693777 346371.59987189784)
145,145,19.0,link,7.0,2,0.0,145,0.0,0.0,0.0,0.0,POINT (473413.6636 307051.1695)
146,146,19.0,link,,2,18219.5771,146,0.0,0.0,0.0,0.0,POINT (480627.9627864985 322072.3263827177)
147,147,20.0,link,,2,0.0,147,0.0,0.0,0.0,0.0,POINT (498239.7266 364454.5736)
148,148,20.0,od,32.0,2,15887.6367,148,0.0,0.0,19.689512128000004,304.0,POINT (511924.38353022136 370168.57324040117)
149,149,20.0,ra,78.0,0,22308.8999,149,35.70222339200001,556.0,0.0,0.0,POINT (517080.05814847944 373841.0743235341)
150,150,20.0,ra,79.0,1,22364.4499,150,0.0,0.0,45.261886944,304.0,POINT (517131.4762532034 373862.0956394425)
151,151,20.0,link,8.0,2,37253.2285,151,83.09046701599999,556.0,0.0,304.0,POINT (526729.4978 383262.2256)
152,152,21.0,link,8.0,2,0.0,152,0.0,391.0,121.666031552,416.0,POINT (526729.4978 383262.2256)
153,153,21.0,ra,87.0,2,29246.6422,153,114.354371002,391.0,13.427778624000013,416.0,POINT (550299.1409837399 369267.15059305215)
154,154,21.0,link,10.0,2,32474.4736,154,12.620820774000013,391.0,0.0,416.0,POINT (551433.5608994506 366421.43591014016)
155,155,22.0,link,8.0,2,0.0,155,0.0,147.0,54.81670981500001,215.0,POINT (526729.4978 383262.2256)
156,156,22.0,link,9.0,2,25496.1441,156,37.479331827,147.0,0.0,215.0,POINT (547014.1024 391490.037)
157,157,23.0,link,,2,0.0,157,0.0,0.0,0.0,0.0,POINT (546667.4286 391481.0288)
158,158,23.0,link,9.0,2,348.031,158,0.0,0.0,0.0,0.0,POINT (547014.1024 391490.037)
159,159,24.0,link,9.0,2,0.0,159,0.0,171.0,11.562236608,236.0,POINT (547014.1024 391490.037)
160,160,24.0,od,36.0,2,4899.2528,160,8.377722288000001,171.0,12.539628984000002,226.0,POINT (549434.3774114938 395694.6152147715)
161,161,24.0,ra,88.0,0,7001.1249,161,3.405032802,162.0,0.0,0.0,POINT (551310.1321834999 396522.8177472326)
162,162,24.0,ra,91.0,1,10447.7612,162,0.0,0.0,46.125634754,226.0,POINT (553797.3538703603 398348.53499805613)
163,163,24.0,ra,97.0,0,30840.5692,163,38.61989976600001,162.0,0.0,0.0,POINT (569852.5921306515 409027.07570448815)
164,164,24.0,ra,98.0,1,30857.3341,164,0.0,0.0,56.29392077000001,226.0,POINT (569869.344178634 409027.73202788306)
165,165,24.0,ra,108.0,2,55766.1486,165,40.379438628,162.0,45.73016323,226.0,POINT (589631.7528217871 419755.42994200945)
166,166,24.0,ra,114.0,2,76000.7341,166,32.78002851000001,162.0,4.914913981999988,226.0,POINT (607738.8828278296 426804.05623605434)
167,167,24.0,link,15.0,2,78175.4748,167,3.523079933999992,162.0,0.0,226.0,POINT (609820.2056966277 427385.10480010416)
168,168,25.0,link,9.0,2,0.0,168,0.0,21.0,8.459561424,24.0,POINT (547014.1024 391490.037)
169,169,25.0,link,10.0,2,35248.1726,169,7.402116246,21.0,0.0,24.0,POINT (551433.5609015936 366421.4359114221)
170,170,26.0,link,10.0,2,0.0,170,0.0,412.0,58.876030840000006,440.0,POINT (551433.5609 366421.4359)
171,171,26.0,od,38.0,2,13380.9161,171,55.129374332000005,412.0,42.42244779000001,395.0,POINT (555381.0166407089 354963.4444289703)
172,172,26.0,link,11.0,2,24120.7763,172,40.48927295400001,377.0,0.0,395.0,POINT (557911.3214 346371.5999)
173,173,27.0,link,11.0,2,0.0,173,0.0,3003.0,540.2732306,3422.0,POINT (557911.3214 346371.5999)
174,174,27.0,ra,99.0,0,15398.2815,174,462.410393445,3003.0,0.0,0.0,POINT (570426.1645889839 354029.0937114281)
175,175,27.0,ra,100.0,1,15788.23,175,0.0,0.0,336.374671226,3422.0,POINT (570813.5617772832 354037.8785314648)
176,176,27.0,od,39.0,2,25617.9983,176,306.898095504,3003.0,216.55305623600003,3377.0,POINT (579081.667466008 358266.6667895764)
177,177,27.0,ra,107.0,2,32030.5851,177,189.81256928000005,2960.0,681.721774393,3377.0,POINT (584814.6308686035 359115.67462654103)
178,178,27.0,ra,111.0,0,51994.4553,178,590.9305579200001,2960.0,0.0,0.0,POINT (601147.6167923071 360875.8479976578)
179,179,27.0,ra,110.0,1,52217.786,179,0.0,0.0,953.5314085,3377.0,POINT (601133.0416753588 361098.69918433606)
180,180,27.0,ra,113.0,2,80453.836,180,842.3976687199998,2960.0,67.40368064100011,3377.0,POINT (606179.3838319452 385000.05733237456)
181,181,27.0,od,40.0,2,82449.7993,181,59.080513680000095,2960.0,835.7389016339998,3367.0,POINT (606798.5153924268 386883.54408641264)
182,182,27.0,ra,115.0,0,99290.1863,182,496.9598203700001,2951.0,0.0,0.0,POINT (608357.2770084516 402221.48874017654)
183,183,27.0,ra,116.0,2,107271.2695,183,235.52176523199984,2951.0,728.0546120120001,3367.0,POINT (609535.8360612235 408498.2279365577)
184,184,27.0,link,15.0,2,128894.5131,184,638.1019186360002,2951.0,0.0,3367.0,POINT (609820.2056908829 427385.10476366186)
185,185,28.0,link,11.0,2,0.0,185,0.0,0.0,0.0,0.0,POINT (557911.3214 346371.5999)
186,186,28.0,ra,93.0,0,3445.5591,186,0.0,0.0,0.0,0.0,POINT (559582.6667501996 343373.0937976136)
187,187,28.0,ra,95.0,0,21968.3457,187,0.0,0.0,0.0,0.0,POINT (569014.8819130135 328351.0565052191)
188,188,28.0,ra,96.0,1,22264.1164,188,0.0,0.0,0.0,0.0,POINT (569216.845194543 328135.06342390226)
189,189,28.0,od,41.0,2,27864.0093,189,0.0,0.0,0.0,0.0,POINT (571227.3151997547 322985.5055007852)
190,190,28.0,link,,2,40879.2797,190,0.0,0.0,0.0,0.0,POINT (576836.4224 312753.2016)
191,191,29.0,link,,2,0.0,191,0.0,0.0,0.0,0.0,POINT (569518.508 503390.0006)
192,192,29.0,od,43.0,2,0.0,192,0.0,0.0,0.0,0.0,POINT (569518.508 503390.0006)
193,193,29.0,link,13.0,2,9651.7629,193,0.0,0.0,0.0,0.0,POINT (578678.9354599817 503817.4636893902)
194,194,30.0,link,12.0,2,0.0,194,0.0,0.0,0.0,0.0,POINT (573191.6347 478224.432)
195,195,30.0,ra,101.0,0,1882.305,195,0.0,0.0,0.0,0.0,POINT (573003.0934855662 480087.011955877)
196,196,30.0,ra,102.0,1,15325.3757,196,0.0,0.0,0.0,0.0,POINT (576633.4205734581 492807.1443922821)
197,197,30.0,ra,103.0,0,15632.2115,197,0.0,0.0,0.0,0.0,POINT (576735.767508697 493096.3509923998)
198,198,30.0,link,13.0,2,27311.5906,198,0.0,0.0,0.0,0.0,POINT (578678.9355 503817.4637)
199,199,31.0,link,12.0,2,0.0,199,0.0,6985.0,0.0,0.0,POINT (573191.6347 478224.432)
200,200,31.0,ra,106.0,1,10173.7794,200,0.0,0.0,0.0,0.0,POINT (583164.9105697802 479130.7603887532)
201,201,31.0,ra,105.0,0,10175.4294,201,710.7537435900002,6985.0,0.0,0.0,POINT (583166.5595585105 479130.70262919157)
202,202,31.0,ra,109.0,2,22337.1484,202,849.4960721499999,6985.0,0.0,0.0,POINT (594076.6102301403 476341.5100682081)
203,203,31.0,link,14.0,2,24222.2134,203,131.6717902500002,6985.0,0.0,0.0,POINT (595872.6536874395 476198.36550591124)
204,204,32.0,link,13.0,2,0.0,204,0.0,218.0,0.0,0.0,POINT (578678.9355 503817.4637)
205,205,32.0,ra,104.0,2,2270.2129,205,4.949064122,218.0,0.0,0.0,POINT (580892.3364291979 504221.60771446704)
206,206,32.0,link,16.0,2,35413.569,206,72.25251629800002,218.0,0.0,0.0,POINT (611103.7491858669 502111.93648906954)
207,207,33.0,link,14.0,2,0.0,207,0.0,3707.0,1.1255937,44.0,POINT (595872.6537 476198.3655)
208,208,33.0,od,47.0,2,2558.1675,208,94.831269225,3707.0,0.0,0.0,POINT (597931.8423393861 476916.18632993655)
209,209,33.0,link,,2,22213.6118,209,1373.325893241,6987.0,0.0,0.0,POINT (615468.4411 482218.5792)
210,210,34.0,link,14.0,2,0.0,210,0.0,8.0,0.0,0.0,POINT (595872.6537 476198.3655)
211,211,34.0,ra,112.0,2,14615.9886,211,1.169279088,8.0,0.0,0.0,POINT (603538.9837838783 466957.08989902167)
212,212,34.0,ra,120.0,0,26934.1492,212,0.985452848,8.0,0.0,0.0,POINT (613742.6112356755 467615.2752728114)
213,213,34.0,od,49.0,2,32359.2641,213,0.4340091920000001,8.0,0.0,0.0,POINT (617518.2763035541 471181.3568931859)
214,214,34.0,link,20.0,2,38220.8595,214,0.4689276319999999,8.0,0.0,0.0,POINT (622624.511 473136.7616)
215,215,35.0,link,,2,0.0,215,0.0,0.0,0.0,0.0,POINT (600290.2192 532218.8785)
216,216,35.0,link,16.0,2,35104.463,216,0.0,0.0,0.0,0.0,POINT (611103.7492 502111.9365)
217,217,36.0,link,15.0,2,0.0,217,0.0,0.0,0.0,0.0,POINT (609820.2057 427385.1048)
218,218,36.0,ra,121.0,0,5978.4063,218,0.0,0.0,0.0,0.0,POINT (614013.2341724553 431555.29393757787)
219,219,36.0,ra,122.0,1,6884.7641,219,0.0,0.0,0.0,0.0,POINT (614593.7540761257 432247.9695182297)
220,220,36.0,link,17.0,2,10780.415,220,0.0,0.0,0.0,0.0,POINT (615114.9379 436015.9319)
221,221,37.0,link,16.0,2,0.0,221,0.0,218.0,44.60968858500001,451.0,POINT (611103.7492 502111.9365)
222,222,37.0,ra,117.0,0,1531.6016,222,3.338891488,218.0,0.0,0.0,POINT (612604.2151286014 501918.9998978621)
223,223,37.0,link,18.0,2,9891.2835,223,18.224106542,218.0,0.0,451.0,POINT (620405.6174681843 499830.42783109867)
224,224,38.0,link,17.0,2,0.0,224,0.0,6317.0,159.305246382,2958.0,POINT (615114.9379 436015.9319)
225,225,38.0,ra,118.0,1,5385.5729,225,0.0,0.0,262.437939654,2958.0,POINT (613259.455893957 441037.60409018287)
226,226,38.0,ra,119.0,0,7097.7861,226,448.3671479370001,6317.0,0.0,0.0,POINT (613140.5519130484 442740.12961969705)
227,227,38.0,ra,123.0,1,14257.7142,227,0.0,0.0,68.11795987199997,2958.0,POINT (614842.1217344278 449540.0404127936)
228,228,38.0,ra,124.0,0,14300.5055,228,454.995784498,6317.0,0.0,0.0,POINT (614842.1291241519 449582.8317121555)
229,229,38.0,od,54.0,2,16560.5526,229,142.767175307,6317.0,0.0,0.0,POINT (614880.0858084701 451842.01148860675)
230,230,38.0,link,22.0,2,31585.4342,230,0.600995264,4.0,0.0,0.0,POINT (623944.0357 463189.9507)
231,231,39.0,link,17.0,2,0.0,231,0.0,141.0,1.3300228500000002,13.0,POINT (615114.9379 436015.9319)
232,232,39.0,od,56.0,2,10230.945,232,14.42563245,141.0,13.749977649,201.0,POINT (624308.9375431093 435971.3540381938)
233,233,39.0,link,24.0,2,17071.7299,233,8.277349728999999,121.0,0.0,201.0,POINT (630260.3079 432998.9845)
234,234,40.0,link,18.0,2,0.0,234,0.0,218.0,62.17305239200001,451.0,POINT (620405.6175 499830.4278)
235,235,40.0,link,26.0,2,13785.5992,235,30.052606256,218.0,0.0,451.0,POINT (633129.2966902701 498971.8236956837)
236,236,41.0,link,18.0,2,0.0,236,0.0,0.0,0.0,0.0,POINT (620405.6175 499830.4278)
237,237,41.0,ra,126.0,1,1570.6219,237,0.0,0.0,0.0,0.0,POINT (621297.2208879641 498556.8494034267)
238,238,41.0,ra,125.0,0,1588.9998,238,0.0,0.0,0.0,0.0,POINT (621304.3016143426 498539.8903196553)
239,239,41.0,link,25.0,2,19664.6825,239,0.0,0.0,0.0,0.0,POINT (630961.227787291 483633.2556114709)
240,240,42.0,link,,2,0.0,240,0.0,0.0,0.0,0.0,POINT (622067.6234 477461.1705)
241,241,42.0,link,21.0,2,974.9931,241,0.0,0.0,0.0,0.0,POINT (623003.7601 477210.9422)
242,242,43.0,link,20.0,2,0.0,242,0.0,3293.0,0.300170763,3.0,POINT (622624.511 473136.7616)
243,243,43.0,ra,127.0,2,10005.6921,243,329.48744085300007,3293.0,0.0106495019999999,3.0,POINT (624061.1291881967 463524.9158916545)
244,244,43.0,link,22.0,2,10360.6755,244,11.689603361999971,3293.0,0.0,3.0,POINT (623944.0357149822 463189.95073977555)
245,245,44.0,link,20.0,2,0.0,245,0.0,996.0,44.558978065000005,1015.0,POINT (622624.511 473136.7616)
246,246,44.0,link,21.0,2,4390.0471,246,43.72486911600001,996.0,0.0,1015.0,POINT (623003.760139333 477210.9421760859)
247,247,45.0,link,20.0,2,0.0,247,0.0,5502.0,907.71876864,9216.0,POINT (622624.511 473136.7616)
248,248,45.0,ra,129.0,2,9849.379,248,541.9128325800001,5502.0,587.812580352,9216.0,POINT (631198.4819944606 474024.91826886096)
249,249,45.0,link,27.0,2,16227.5537,249,350.92717199400005,5502.0,0.0,9216.0,POINT (634775.4067892676 477151.3198714998)
250,250,46.0,link,21.0,2,0.0,250,0.0,996.0,95.45623528000002,1015.0,POINT (623003.7601 477210.9422)
251,251,46.0,link,23.0,2,9404.5552,251,93.669369792,996.0,0.0,1015.0,POINT (629179.1198949532 481658.6334946389)
252,252,47.0,link,22.0,2,0.0,252,0.0,4.0,0.0,0.0,POINT (623944.0357 463189.9507)
253,253,47.0,ra,128.0,2,19815.1128,253,0.792604512,4.0,0.0,0.0,POINT (630494.6909813529 446672.91924839234)
254,254,47.0,link,28.0,2,29618.3313,254,0.3921287400000001,4.0,0.0,0.0,POINT (636749.7936869697 439908.9278180404)
255,255,48.0,link,24.0,2,0.0,255,0.0,0.0,0.0,0.0,POINT (630260.3079 432998.9845)
256,256,48.0,link,,2,34790.8303,256,0.0,0.0,0.0,0.0,POINT (638040.745990481 403814.9042418358)
257,257,49.0,link,,2,0.0,257,0.0,347.0,0.0,388.0,POINT (628680.5363 482175.3604)
258,258,49.0,od,68.0,2,0.0,258,0.0,347.0,2.852247364,388.0,POINT (628680.5363 482175.3604)
259,259,49.0,link,23.0,2,735.1153,259,2.5508500910000005,347.0,0.0,388.0,POINT (629179.1198691422 481658.63352537615)
260,260,50.0,link,23.0,2,0.0,260,0.0,608.0,17.772229512,668.0,POINT (629179.1199 481658.6335)
261,261,50.0,link,25.0,2,2660.5134,261,16.175921472000002,608.0,0.0,668.0,POINT (630961.2277940911 483633.25559345336)
262,262,51.0,link,23.0,2,0.0,262,0.0,0.0,0.0,0.0,POINT (629179.1199 481658.6335)
263,263,51.0,ra,130.0,0,2344.9973,263,0.0,0.0,0.0,0.0,POINT (631284.1961619855 480715.7461228232)
264,264,51.0,link,27.0,2,7784.5887,264,0.0,0.0,0.0,0.0,POINT (634775.4068 477151.3199)
265,265,52.0,link,24.0,2,0.0,265,0.0,0.0,0.0,0.0,POINT (630260.3079 432998.9845)
266,266,52.0,link,,2,776.1827,266,0.0,0.0,0.0,0.0,POINT (630926.4339766685 432605.58761767036)
267,267,53.0,link,24.0,2,0.0,267,0.0,118.0,19.508027865000003,201.0,POINT (630260.3079 432998.9845)
268,268,53.0,link,28.0,2,9705.4865,268,11.452474070000005,118.0,0.0,201.0,POINT (636749.7937 439908.9278)
269,269,54.0,link,25.0,2,0.0,269,0.0,608.0,94.308638128,668.0,POINT (630961.2278 483633.2556)
270,270,54.0,ra,131.0,2,14118.0596,270,85.83780236800001,608.0,37.63253550799999,668.0,POINT (635827.9271025977 495085.6110047872)
271,271,54.0,link,26.0,2,19751.6727,271,34.252367648,608.0,0.0,668.0,POINT (633129.2967353453 498971.82371543907)
272,272,55.0,link,26.0,2,0.0,272,0.0,826.0,119.89226615100004,1119.0,POINT (633129.2967 498971.8237)
273,273,55.0,ra,132.0,2,10714.2329,273,88.49956375400002,826.0,330.40440299700003,1119.0,POINT (637849.8455944903 507952.69809958455)
274,274,55.0,od,70.0,2,40240.9892,274,243.89100703800003,826.0,0.0,0.0,POINT (647277.0063092851 533046.7515469103)
275,275,55.0,link,,2,47911.3669,275,0.0,0.0,0.0,0.0,POINT (644314.0106 539599.9021)
276,276,56.0,link,27.0,2,0.0,276,0.0,5502.0,1352.0740608,9216.0,POINT (634775.4068 477151.3199)
277,277,56.0,ra,134.0,1,14670.9425,277,0.0,0.0,536.3011676160002,9216.0,POINT (647759.8038445172 471449.05762397376)
278,278,56.0,ra,133.0,0,14715.4883,278,809.6461662660001,5502.0,0.0,0.0,POINT (647793.5866158543 471420.02225487964)
279,279,56.0,ra,135.0,2,20490.1826,279,317.723680386,5502.0,973.3320437760002,9216.0,POINT (651873.2388610472 467455.8062054731)
280,280,56.0,link,29.0,2,31051.5112,280,581.0842995720001,5502.0,0.0,9216.0,POINT (661273.7293 463774.6107)
281,281,57.0,link,28.0,2,0.0,281,0.0,0.0,0.0,0.0,POINT (636749.7937 439908.9278)
282,282,57.0,link,,2,6137.9063,282,0.0,0.0,0.0,0.0,POINT (640287.8812 443287.0474)
283,283,58.0,link,28.0,2,0.0,283,0.0,115.0,7.2736734,197.0,POINT (636749.7937 439908.9278)
284,284,58.0,od,74.0,2,3692.22,284,4.246053,115.0,0.0,197.0,POINT (638348.6218993838 436972.16380986554)
285,285,58.0,link,,2,3692.22,285,0.0,115.0,0.0,197.0,POINT (638348.6218993838 436972.16380986554)
286,286,59.0,link,29.0,2,0.0,286,0.0,5502.0,2417.86294272,9216.0,POINT (661273.7293 463774.6107)
287,287,59.0,ra,137.0,0,25939.7161,287,1427.203179822,5502.0,0.0,0.0,POINT (681172.6113965902 454468.47833813756)
288,288,59.0,ra,138.0,1,26235.492,288,0.0,0.0,73.47534336,9216.0,POINT (681466.7660265773 454443.56476481725)
289,289,59.0,od,75.0,2,27032.7505,289,60.13875268799983,5502.0,0.0,9216.0,POINT (682176.8603 454101.615)
290,290,59.0,link,,2,27032.7505,290,0.0,5502.0,0.0,9216.0,POINT (682176.8603 454101.615)
291,291,60.0,link,29.0,2,0.0,291,0.0,0.0,0.0,0.0,POINT (661273.7293 463774.6107)
292,292,60.0,ra,136.0,2,10738.6316,292,0.0,0.0,0.0,0.0,POINT (670597.6022025162 465440.65858610196)
293,293,60.0,link,,2,22135.2935,293,0.0,0.0,0.0,0.0,POINT (678544.2934550102 470230.9313175732)
