segment_id,dir,type_ID,POI_ID,traffic_flow,traffic_flow_0,traffic_flow_1,energy_demand,energy_demand_0,energy_demand_1,dist_along_segment,pois_type,pYi_dir,pYi_dir_0,pYi_dir_1,pE_charged,pE_charged_0,pE_charged_1,pE_input,pE_input_0,pE_input_1,pE_output,pE_output_0,pE_output_1,pXi
3.0,2.0,0.0,30.0,2000.0,1000.0,1000.0,0.0,0.0,0.0,0.0,od,0.0,0.0,0.0,0.0,0.0,0.0,0.0,0.0,0.0,0.0,0.0,0.0,0
3.0,2.0,0.0,31.0,26704.37870000184,1000.0,25704.37870000184,100.70710819560112,0.0,100.70710819560112,0.0,link,0.0,0.0,0.0,0.0,0.0,0.0,0.0,0.0,0.0,43.8,0.0,43.8,0
3.0,0.0,24.0,32.0,27898.063900002824,27898.063900002824,0.0,81.22217215589312,81.22217215589312,0.0,291.1391,ra,0.0,-0.0,0.0,0.0,0.0,0.0,0.0,0.0,0.0,35.326,35.326,0.0,0
3.0,1.0,25.0,33.0,25704.37870000184,0.0,25704.37870000184,548.5121374696356,0.0,548.5121374696356,391.7897,ra,3.0,0.0,3.0,238.563,0.0,238.563,0.0,0.0,0.0,0.0,0.0,0.0,1
3.0,2.0,1.0,34.0,27844.0,14880.0,12964.0,623.4033008838077,623.4033008838077,0.0,2525.7146,link,0.0,0.0,0.0,0.0,0.0,0.0,35.326,35.326,0.0,306.461,306.461,0.0,0
4.0,2.0,1.0,35.0,59761.3086274698,30037.3419745759,29723.9666528939,15969.900467749338,0.0,15969.900467749338,0.0,link,0.0,0.0,0.0,0.0,0.0,0.0,153.2305,153.2305,0.0,7098.978499999999,153.2305,6945.748,0
4.0,1.0,29.0,36.0,58237.7215000003,0.0,58237.7215000003,10396.869080535918,0.0,10396.869080535918,27421.9184,ra,57.0,0.0,57.0,4521.884,0.0,4521.884,6945.748,0.0,6945.748,6945.748,0.0,6945.748,1
4.0,0.0,28.0,37.0,59649.56700000021,59649.56700000021,0.0,16377.549450077144,16377.549450077144,0.0,27456.2755,ra,0.0,0.0,0.0,0.0,0.0,0.0,153.2305,153.2305,0.0,7276.2765,7276.2765,0.0,0
4.0,2.0,2.0,38.0,101773.91100000034,59649.56700000021,42124.344000000136,15968.970938266059,10628.4244485411,5340.546489724959,45274.3838,od,0.0,0.0,0.0,0.0,0.0,0.0,7276.2765,7276.2765,0.0,14221.6205,11898.8705,2322.75,0
4.0,2.0,31.0,39.0,85776.90450000015,43652.560500000014,42124.344000000136,5544.035330494696,5534.294581436823,9.740749057872542,57952.4364,ra,58.0,0.0,58.0,4639.999999999995,4635.762999999995,4.237,11898.8705,11898.8705,0.0,9670.124500000005,9670.124500000005,0.0,1
4.0,2.0,30.0,40.0,85776.90450000015,43652.560500000014,42124.344000000136,8645.961705788071,10.094130784899532,8635.867575003173,57975.5602,ra,47.0,47.0,0.0,3760.0,4.0239999999997895,3755.976,9670.124500000005,9670.124500000005,0.0,9670.490500000005,9670.490500000005,0.0,1
4.0,2.0,35.0,41.0,85776.90450000015,43652.560500000014,42124.344000000136,17698.497996591606,8949.16563656904,8749.332360022567,78476.4553,ra,137.0,137.0,0.0,10960.000000000004,7154.675000000003,3805.325,9670.490500000005,9670.490500000005,0.0,6408.053500000002,6408.053500000002,0.0,1
4.0,0.0,40.0,42.0,43652.560500000014,43652.560500000014,0.0,7931.151388515896,7931.151388515896,0.0,96645.2667,ra,0.0,0.0,0.0,0.0,0.0,0.0,6408.053500000002,6408.053500000002,0.0,9857.529500000002,9857.529500000002,0.0,0
4.0,1.0,41.0,43.0,42124.344000000136,0.0,42124.344000000136,1470.2800060385562,0.0,1470.2800060385562,99246.7072,ra,8.0,0.0,8.0,639.465,0.0,639.465,0.0,0.0,0.0,0.0,0.0,0.0,1
4.0,2.0,3.0,44.0,84363.19200000016,43652.560500000014,40710.63150000015,11531.74897740881,2659.2152435681546,8872.533733840655,102737.0405,od,0.0,0.0,0.0,0.0,0.0,0.0,9857.529500000002,9857.529500000002,0.0,14873.004500000003,11014.095500000003,3858.909,0
4.0,2.0,42.0,45.0,82609.5615000002,41898.93000000005,40710.63150000015,14703.476882023546,9131.51322245707,5571.963659566476,124531.1847,ra,102.0,102.0,0.0,8160.0,5736.6,2423.4,11014.095500000003,11014.095500000003,0.0,9249.041500000001,9249.041500000001,0.0,1
4.0,2.0,4.0,46.0,86225.84550000026,41898.93000000005,44326.91550000021,9189.511200060653,5734.603142540764,3454.9080575198905,138217.9379,od,0.0,0.0,0.0,0.0,0.0,0.0,9249.041500000001,9249.041500000001,0.0,13245.811500000002,11743.177500000002,1502.634,0
4.0,2.0,5.0,47.0,58688.315000000264,45526.79700000008,13161.51800000019,5463.643215692147,3548.428669447391,1915.214546244756,146012.0919,od,0.0,0.0,0.0,0.0,0.0,0.0,11743.177500000002,11743.177500000002,0.0,14119.4655,13286.4865,832.979,0
4.0,2.0,45.0,48.0,27885.41050000021,14723.89250000002,13161.51800000019,2992.654858346488,2142.565401144738,850.0894572017497,160563.7154,ra,54.0,54.0,0.0,4320.0,3950.273,369.727,13286.4865,13286.4865,0.0,10268.074500000002,10268.074500000002,0.0,1
4.0,2.0,49.0,49.0,27885.41050000021,14723.89250000002,13161.51800000019,2930.9991435154934,951.0016840931078,1979.9974594223856,167022.6167,ra,140.0,0.0,140.0,11200.000000000002,10338.845000000001,861.155,10268.074500000002,10268.074500000002,0.0,342.8465000000015,342.8465000000015,0.0,1
4.0,2.0,2.0,50.0,37135.979248738106,18661.9898553614,18473.9893933767,2215.038549718045,2215.038549718045,0.0,182066.4548,link,0.0,0.0,0.0,0.0,0.0,0.0,342.8465000000015,342.8465000000015,0.0,1306.2275000000016,1306.2275000000016,0.0,0
5.0,2.0,1.0,51.0,68793.7826224039,33913.4453688065,34880.3372535974,6672.875280180924,0.0,6672.875280180924,0.0,link,0.0,0.0,0.0,0.0,0.0,0.0,153.2305,153.2305,0.0,3055.4475,153.2305,2902.217,0
5.0,2.0,7.0,52.0,190715.24630000762,83922.9566000033,106792.28970000432,9510.581444083953,6735.625445222322,2774.95599886163,8025.963,od,0.0,0.0,0.0,0.0,0.0,0.0,3055.4475,153.2305,2902.217,7191.861500000001,3082.7395,4109.122,0
5.0,1.0,26.0,53.0,106792.28970000432,0.0,106792.28970000432,30594.89061129818,0.0,30594.89061129818,10624.424,ra,140.0,0.0,140.0,11200.0,0.0,11200.0,0.0,0.0,0.0,0.0,0.0,0.0,1
5.0,0.0,27.0,54.0,104506.31740000224,104506.31740000224,0.0,4182.944465217361,4182.944465217361,0.0,12028.5387,ra,0.0,0.0,0.0,0.0,0.0,0.0,3082.7395,3082.7395,0.0,4902.0165,4902.0165,0.0,0
5.0,2.0,32.0,55.0,211298.60710000654,104506.31740000224,106792.28970000432,37076.81760078337,28472.594536964065,8604.223063819301,39273.3936,ra,140.0,140.0,0.0,11200.000000000002,7457.787000000002,3742.213,4902.0165,4902.0165,0.0,9827.743499999997,9827.743499999997,0.0,1
5.0,1.0,36.0,56.0,106792.28970000432,0.0,106792.28970000432,21749.551595417324,0.0,21749.551595417324,47330.3639,ra,119.0,0.0,119.0,9459.478,0.0,9459.478,0.0,0.0,0.0,0.0,0.0,0.0,1
5.0,0.0,39.0,57.0,104506.31740000224,104506.31740000224,0.0,16235.131130107287,16235.131130107287,0.0,54808.4651,ra,114.0,114.0,0.0,9120.0,9120.0,0.0,9827.743499999997,9827.743499999997,0.0,7768.848499999996,7768.848499999996,0.0,1
5.0,1.0,43.0,58.0,106792.28970000432,0.0,106792.28970000432,15911.287814013886,0.0,15911.287814013886,67696.5829,ra,87.0,0.0,87.0,6920.256,0.0,6920.256,0.0,0.0,0.0,0.0,0.0,0.0,1
5.0,0.0,44.0,59.0,104506.31740000224,104506.31740000224,0.0,13698.95206775004,13698.95206775004,0.0,67916.7177,ra,0.0,-0.0,0.0,0.0,0.0,0.0,7768.848499999996,7768.848499999996,0.0,13726.899499999996,13726.899499999996,0.0,0
5.0,2.0,8.0,60.0,232980.63630000668,104506.31740000224,128474.31890000444,19907.61440544012,15340.639508647711,4566.974896792407,82595.8681,od,0.0,0.0,0.0,0.0,0.0,0.0,13726.899499999996,13726.899499999996,0.0,22385.268499999995,20398.965499999995,1986.303,0
5.0,1.0,50.0,61.0,128474.31890000444,0.0,128474.31890000444,20510.162517303037,0.0,20510.162517303037,86150.6446,ra,112.0,0.0,112.0,8920.433,0.0,8920.433,0.0,0.0,0.0,0.0,0.0,0.0,1
5.0,0.0,51.0,62.0,127673.7826000022,127673.7826000022,0.0,4599.248591716643,4599.248591716643,0.0,86198.2119,ra,139.0,139.0,0.0,11120.0,11120.0,0.0,20398.965499999995,20398.965499999995,0.0,11279.305499999999,11279.305499999999,0.0,1
5.0,2.0,4.0,63.0,48295.9987384735,24204.9992554563,24090.9994830172,20321.63067699993,20321.63067699993,0.0,102115.0511,link,0.0,0.0,0.0,0.0,0.0,0.0,11279.305499999999,11279.305499999999,0.0,20117.741499999996,20117.741499999996,0.0,0
6.0,2.0,10.0,64.0,2000.0,1000.0,1000.0,0.0,0.0,0.0,0.0,od,0.0,0.0,0.0,0.0,0.0,0.0,0.0,0.0,0.0,0.0,0.0,0.0,0
6.0,2.0,0.0,65.0,12016.16230000079,1000.0,11016.16230000079,2104.0911744256628,0.0,2104.0911744256628,0.0,link,0.0,0.0,0.0,0.0,0.0,0.0,0.0,0.0,0.0,915.127,0.0,915.127,0
6.0,0.0,34.0,66.0,11956.313100001207,11956.313100001207,0.0,147.01027052232376,147.01027052232376,0.0,1229.5619,ra,0.0,0.0,0.0,0.0,0.0,0.0,0.0,0.0,0.0,63.939,63.939,0.0,0
6.0,0.0,33.0,67.0,11956.313100001207,11956.313100001207,0.0,378.8664006913875,378.8664006913875,0.0,4398.318,ra,0.0,-0.0,0.0,0.0,0.0,0.0,63.939,63.939,0.0,228.718,228.718,0.0,0
6.0,1.0,38.0,68.0,11016.16230000079,0.0,11016.16230000079,414.7039144946711,0.0,414.7039144946711,19100.0379,ra,3.0,0.0,3.0,180.366,0.0,180.366,0.0,0.0,0.0,0.0,0.0,0.0,1
6.0,0.0,37.0,69.0,11956.313100001207,11956.313100001207,0.0,1760.5665659410886,1760.5665659410886,0.0,19123.3135,ra,0.0,0.0,0.0,0.0,0.0,0.0,228.718,228.718,0.0,994.437,994.437,0.0,0
6.0,2.0,11.0,70.0,94631.84790000635,11956.313100001207,82675.53480000515,16444.536514755615,447.31302911541815,15997.223485640196,22864.5423,od,0.0,0.0,0.0,0.0,0.0,0.0,994.437,994.437,0.0,8146.6179999999995,1188.986,6957.632,0
6.0,2.0,48.0,71.0,165939.29640001085,83263.7616000057,82675.53480000515,31540.179679034816,16111.041867373257,15429.13781166156,42213.9466,ra,138.0,0.0,138.0,11040.0,4329.444000000001,6710.556,1188.986,1188.986,0.0,3866.6769999999997,3866.6769999999997,0.0,1
6.0,2.0,3.0,72.0,43852.3829830634,22912.2538280909,20940.1291549725,15538.91432999526,15538.91432999526,0.0,60876.2242,link,0.0,0.0,0.0,0.0,0.0,0.0,3866.6769999999997,3866.6769999999997,0.0,10624.978,10624.978,0.0,0
7.0,2.0,13.0,73.0,2000.0,1000.0,1000.0,0.0,0.0,0.0,0.0,od,0.0,0.0,0.0,0.0,0.0,0.0,0.0,0.0,0.0,0.0,0.0,0.0,0
7.0,2.0,0.0,74.0,7652.1719999999,1000.0,6652.1719999999,443.56386209128135,0.0,443.56386209128135,0.0,link,0.0,0.0,0.0,0.0,0.0,0.0,0.0,0.0,0.0,192.918,0.0,192.918,0
7.0,2.0,46.0,75.0,12755.642999999896,6103.470999999996,6652.1719999999,410.53693332547374,406.9767241319338,3.560209193539969,6667.9554,ra,7.0,7.0,0.0,178.553,177.005,1.548,0.0,0.0,0.0,0.0,0.0,0.0,1
7.0,2.0,47.0,76.0,12755.642999999896,6103.470999999996,6652.1719999999,1238.7789096770664,3.2665471618450184,1235.5123625152214,6721.4749,ra,7.0,7.0,0.0,538.779,1.421,537.358,0.0,0.0,0.0,0.0,0.0,0.0,1
7.0,2.0,2.0,77.0,31479.2646876848,14962.6751347339,16516.5895529509,1133.601758155569,1133.601758155569,0.0,25294.5419,link,0.0,0.0,0.0,0.0,0.0,0.0,0.0,0.0,0.0,493.035,493.035,0.0,0
8.0,2.0,2.0,78.0,14782.3695846428,7482.84754160049,7299.52204304231,639.1643494475329,0.0,639.1643494475329,0.0,link,0.0,0.0,0.0,0.0,0.0,0.0,539.7787500000004,539.7787500000004,0.0,817.7687500000004,539.7787500000004,277.99,0
8.0,2.0,52.0,79.0,9071.720500000125,8071.720500000125,1000.0,730.9608426105339,730.9608426105339,0.0,9055.8245,ra,11.0,0.0,11.0,857.6937500000004,857.6937500000004,0.0,817.7687500000004,539.7787500000004,277.99,277.99,0.0,277.99,1
8.0,2.0,14.0,80.0,9071.720500000125,8071.720500000125,1000.0,978.1198543550792,978.1198543550792,0.0,21173.6853,od,0.0,0.0,0.0,0.0,0.0,0.0,0.0,0.0,0.0,425.411,425.411,0.0,0
8.0,2.0,0.0,81.0,16129.767500000316,15129.767500000316,1000.0,0.0,0.0,0.0,21173.6853,link,0.0,0.0,0.0,0.0,0.0,0.0,425.411,425.411,0.0,425.411,425.411,0.0,0
9.0,2.0,2.0,82.0,31818.42313617,16104.8835451968,15713.5395909732,0.0,0.0,0.0,0.0,link,0.0,0.0,0.0,0.0,0.0,0.0,1259.483750000001,1259.483750000001,0.0,1259.483750000001,1259.483750000001,0.0,0
9.0,2.0,55.0,83.0,2000.0,1000.0,1000.0,0.0,0.0,0.0,15445.3718,ra,16.0,0.0,16.0,1259.483750000001,1259.483750000001,0.0,1259.483750000001,1259.483750000001,0.0,0.0,0.0,0.0,1
9.0,2.0,27.0,84.0,2000.0,1000.0,1000.0,0.0,0.0,0.0,33157.1268,od,0.0,0.0,0.0,0.0,0.0,0.0,0.0,0.0,0.0,0.0,0.0,0.0,0
9.0,2.0,7.0,85.0,31601.8542643027,15291.9117888883,16309.9424754144,0.0,0.0,0.0,33157.1268,link,0.0,0.0,0.0,0.0,0.0,0.0,0.0,0.0,0.0,0.0,0.0,0.0,0
10.0,2.0,3.0,86.0,31606.6695639389,16070.5474552074,15536.1221087315,7300.172500269172,0.0,7300.172500269172,0.0,link,0.0,0.0,0.0,0.0,0.0,0.0,4249.9912,4249.9912,0.0,7425.037200000001,4249.9912,3175.046,0
10.0,2.0,53.0,87.0,99829.7850000078,50482.31050000559,49347.47450000222,7682.285100430124,7468.053402858009,214.23169757211508,14793.4065,ra,92.0,92.0,0.0,7360.0,7266.825,93.175,7425.037200000001,4249.9912,3175.046,3406.2742,231.22819999999996,3175.046,1
10.0,2.0,4.0,88.0,20473.6189956967,10382.5344994114,10091.0844962853,219.1583497505697,219.1583497505697,0.0,15227.5355,link,0.0,0.0,0.0,0.0,0.0,0.0,231.22819999999996,231.22819999999996,0.0,326.54619999999994,326.54619999999994,0.0,0
11.0,2.0,3.0,89.0,48420.0541429227,24599.8231829302,23820.2309599925,2322.128302082925,0.0,2322.128302082925,0.0,link,0.0,0.0,0.0,0.0,0.0,0.0,6374.9868,6374.9868,0.0,7384.9438,6374.9868,1009.957,0
11.0,2.0,54.0,90.0,66109.51140000302,32781.45110000008,33328.06030000293,4645.636767991885,2284.043376585314,2361.593391406571,6967.4871,ra,104.0,104.0,0.0,8320.0,7292.878,1027.122,7384.9438,6374.9868,1009.957,1085.4587999999999,75.5018,1009.957,1
11.0,1.0,56.0,91.0,33328.06030000293,0.0,33328.06030000293,1941.460129889217,0.0,1941.460129889217,14053.3882,ra,11.0,0.0,11.0,844.394,0.0,844.394,0.0,0.0,0.0,0.0,0.0,0.0,1
11.0,2.0,5.0,92.0,42919.8251598076,21285.3584845686,21634.466675239,4232.479697866744,4232.479697866744,0.0,19878.6901,link,0.0,0.0,0.0,0.0,0.0,0.0,75.5018,75.5018,0.0,1916.3238,1916.3238,0.0,0
12.0,2.0,4.0,93.0,53131.6723320628,26537.1834811746,26594.4888508882,9562.171028664869,0.0,9562.171028664869,0.0,link,0.0,0.0,0.0,0.0,0.0,0.0,14311.001389999998,14311.001389999998,0.0,18469.852389999996,14311.001389999998,4158.851,0
12.0,0.0,58.0,94.0,70203.35680000081,70203.35680000081,0.0,9633.75090283529,9633.75090283529,0.0,13722.6357,ra,140.0,140.0,0.0,11199.999999999996,11199.999999999996,0.0,14311.001389999998,14311.001389999998,0.0,7300.984390000001,7300.984390000001,0.0,1
12.0,1.0,57.0,95.0,69414.98910000079,0.0,69414.98910000079,4824.151961869856,0.0,4824.151961869856,13775.3692,ra,27.0,0.0,27.0,2098.156,0.0,2098.156,4158.851,0.0,4158.851,4158.851,0.0,4158.851,1
12.0,2.0,5.0,96.0,44751.0771921405,22273.0392762582,22478.0379158823,4915.962048780692,4915.962048780692,0.0,20725.0958,link,0.0,0.0,0.0,0.0,0.0,0.0,7300.984390000001,7300.984390000001,0.0,9439.071390000001,9439.071390000001,0.0,0
13.0,2.0,4.0,97.0,25987.610544625597,13119.3784455626,12868.232099063,20464.659087569027,0.0,20464.659087569027,0.0,link,0.0,0.0,0.0,0.0,0.0,0.0,6133.2863099999995,6133.2863099999995,0.0,15033.92931,6133.2863099999995,8900.643,0
13.0,2.0,17.0,98.0,163871.4851999962,104625.71659999908,59245.76859999712,30349.981657935994,20376.22774125513,9973.753916680864,19475.3531,od,0.0,0.0,0.0,0.0,0.0,0.0,15033.92931,6133.2863099999995,8900.643,28233.97031,14995.46731,13238.503,0
13.0,2.0,59.0,99.0,117982.86919999486,58737.10059999775,59245.76859999712,20953.452648594553,9888.121987563074,11065.33066103148,36309.8953,ra,139.0,139.0,0.0,11120.0,6307.384,4812.616,14995.46731,14995.46731,0.0,12988.69931,12988.69931,0.0,1
13.0,1.0,63.0,100.0,59245.76859999712,0.0,59245.76859999712,8035.082713277477,0.0,8035.082713277477,54986.8927,ra,44.0,0.0,44.0,3494.678,0.0,3494.678,0.0,0.0,0.0,0.0,0.0,0.0,1
13.0,0.0,62.0,101.0,58737.10059999775,58737.10059999775,0.0,11129.738773028554,11129.738773028554,0.0,55258.2919,ra,50.0,50.0,0.0,4000.000000000001,4000.000000000001,0.0,12988.69931,12988.69931,0.0,13829.32831,13829.32831,0.0,1
13.0,2.0,18.0,102.0,113468.19419999488,58737.10059999775,54731.093599997126,17204.94428760259,7806.683664883446,9398.260622719145,68549.1823,od,0.0,0.0,0.0,0.0,0.0,0.0,13829.32831,13829.32831,0.0,21312.231310000003,17224.66931,4087.562,0
13.0,2.0,70.0,103.0,108013.44619999499,53282.35259999786,54731.093599997126,12667.138141537838,9149.487126755004,3517.6510147828344,85720.8849,ra,140.0,140.0,0.0,11200.0,9670.077,1529.923,17224.66931,17224.66931,0.0,11533.955309999998,11533.955309999998,0.0,1
13.0,1.0,71.0,104.0,54731.093599997126,0.0,54731.093599997126,15941.027908305963,0.0,15941.027908305963,92148.0377,ra,87.0,0.0,87.0,6933.191,0.0,6933.191,0.0,0.0,0.0,0.0,0.0,0.0,1
13.0,0.0,75.0,105.0,53282.35259999786,53282.35259999786,0.0,10992.31632827261,10992.31632827261,0.0,106351.1983,ra,140.0,140.0,0.0,11200.0,11200.0,0.0,11533.955309999998,11533.955309999998,0.0,5114.815309999999,5114.815309999999,0.0,1
13.0,2.0,80.0,106.0,108013.44619999499,53282.35259999786,54731.093599997126,14159.349050728611,7951.288180850857,6208.060869877755,121274.1283,ra,140.0,0.0,140.0,11200.0,8499.944,2700.056,5114.815309999999,5114.815309999999,0.0,73.10530999999854,73.10530999999854,0.0,1
13.0,2.0,8.0,107.0,20326.8379673694,10049.6549230906,10277.1830442788,6043.732483194769,6043.732483194769,0.0,132616.9692,link,0.0,0.0,0.0,0.0,0.0,0.0,73.10530999999854,73.10530999999854,0.0,2701.6903099999986,2701.6903099999986,0.0,0
14.0,2.0,5.0,108.0,94497.8226477467,47019.266876753,47478.5557709937,4760.83745508073,0.0,4760.83745508073,0.0,link,0.0,0.0,0.0,0.0,0.0,0.0,11355.395190000001,11355.395190000001,0.0,13426.014190000002,11355.395190000001,2070.619,0
14.0,0.0,61.0,109.0,102984.80790000087,102984.80790000087,0.0,4767.663762373966,4767.663762373966,0.0,4629.4826,ra,140.0,140.0,0.0,11200.0,11200.0,0.0,11355.395190000001,11355.395190000001,0.0,2228.983190000001,2228.983190000001,0.0,1
14.0,1.0,60.0,110.0,102743.0494000037,0.0,102743.0494000037,2016.7109526121124,0.0,2016.7109526121124,4633.7319,ra,11.0,0.0,11.0,877.123,0.0,877.123,2070.619,0.0,2070.619,2070.619,0.0,2070.619,1
14.0,2.0,6.0,111.0,94641.6911720278,46900.6207445268,47741.070427501,2025.8324874967236,2025.8324874967236,0.0,6596.6004,link,0.0,0.0,0.0,0.0,0.0,0.0,2228.983190000001,2228.983190000001,0.0,3110.073190000001,3110.073190000001,0.0,0
15.0,2.0,6.0,112.0,75207.4913410466,44538.3019109056,30669.189430141,9753.715796826027,0.0,9753.715796826027,0.0,link,0.0,0.0,0.0,0.0,0.0,0.0,1555.0365950000005,1555.0365950000005,0.0,5797.195595,1555.0365950000005,4242.159,0
15.0,2.0,21.0,113.0,192393.3980000015,125110.59100000068,67282.80700000083,21902.216675250136,9918.510301994364,11983.706373255774,7927.7943,od,0.0,0.0,0.0,0.0,0.0,0.0,5797.195595,1555.0365950000005,4242.159,15323.071595,5868.869595,9454.202,0
15.0,1.0,64.0,114.0,67282.80700000083,0.0,67282.80700000083,13267.402650965978,0.0,13267.402650965978,25738.7432,ra,73.0,0.0,73.0,5770.358,0.0,5770.358,0.0,0.0,0.0,0.0,0.0,0.0,1
15.0,0.0,65.0,115.0,68748.84499999904,68748.84499999904,0.0,12246.305939853588,12246.305939853588,0.0,25740.9022,ra,140.0,140.0,0.0,11195.124595000001,11195.124595000001,0.0,5868.869595,5868.869595,0.0,0.0,0.0,0.0,1
15.0,2.0,22.0,116.0,69748.84499999904,68748.84499999904,1000.0,13555.004347100952,13555.004347100952,0.0,45457.6034,od,0.0,0.0,0.0,0.0,0.0,0.0,0.0,0.0,0.0,5895.444,5895.444,0.0,0
15.0,2.0,0.0,117.0,2000.0,1000.0,1000.0,0.0,0.0,0.0,48631.1786,link,0.0,0.0,0.0,0.0,0.0,0.0,5895.444,5895.444,0.0,5895.444,5895.444,0.0,0
16.0,2.0,6.0,118.0,79740.5667298025,40135.9531021025,39604.6136277,6547.668522711611,0.0,6547.668522711611,0.0,link,0.0,0.0,0.0,0.0,0.0,0.0,1555.0365950000005,1555.0365950000005,0.0,4402.797595,1555.0365950000005,2847.761,0
16.0,1.0,66.0,119.0,53160.30140000057,0.0,53160.30140000057,10960.013302817108,0.0,10960.013302817108,12316.8386,ra,60.0,0.0,60.0,4766.811,0.0,4766.811,2847.761,0.0,2847.761,2847.761,0.0,2847.761,1
16.0,0.0,67.0,120.0,51323.36689999979,51323.36689999979,0.0,6454.399265989417,6454.399265989417,0.0,12575.9467,ra,0.0,0.0,0.0,0.0,0.0,0.0,1555.0365950000005,1555.0365950000005,0.0,4362.232595,4362.232595,0.0,0
16.0,0.0,72.0,121.0,51323.36689999979,51323.36689999979,0.0,6606.925589055152,6606.925589055152,0.0,25449.0803,ra,0.0,0.0,0.0,0.0,0.0,0.0,4362.232595,4362.232595,0.0,7235.765595000001,7235.765595000001,0.0,0
16.0,1.0,74.0,122.0,53160.30140000057,0.0,53160.30140000057,8841.497146384025,0.0,8841.497146384025,32933.752,ra,49.0,0.0,49.0,3845.41,0.0,3845.41,0.0,0.0,0.0,0.0,0.0,0.0,1
16.0,0.0,76.0,123.0,51323.36689999979,51323.36689999979,0.0,12342.442714715722,12342.442714715722,0.0,49497.4689,ra,0.0,-0.0,0.0,0.0,0.0,0.0,7235.765595000001,7235.765595000001,0.0,12603.832595,12603.832595,0.0,0
16.0,1.0,77.0,124.0,53160.30140000057,0.0,53160.30140000057,9585.04177641761,0.0,9585.04177641761,49565.5184,ra,53.0,0.0,53.0,4168.798,0.0,4168.798,0.0,0.0,0.0,0.0,0.0,0.0,1
16.0,1.0,82.0,125.0,53160.30140000057,0.0,53160.30140000057,1641.0206009231215,0.0,1641.0206009231215,67595.9688,ra,9.0,0.0,9.0,713.725,0.0,713.725,0.0,0.0,0.0,0.0,0.0,0.0,1
16.0,0.0,83.0,126.0,51323.36689999979,51323.36689999979,0.0,9837.973833025277,9837.973833025277,0.0,68666.0746,ra,140.0,140.0,0.0,11200.0,11200.0,0.0,12603.832595,12603.832595,0.0,5682.637595,5682.637595,0.0,1
16.0,2.0,24.0,127.0,86380.97029999614,51323.36689999979,35057.60339999635,4659.705349450871,1035.1014166902155,3624.603932760656,70682.8975,od,0.0,0.0,0.0,0.0,0.0,0.0,5682.637595,5682.637595,0.0,7709.271595,6132.831595000001,1576.44,0
16.0,1.0,86.0,128.0,35057.60339999635,0.0,35057.60339999635,3920.006871451365,0.0,3920.006871451365,81021.8927,ra,22.0,0.0,22.0,1704.919,0.0,1704.919,0.0,0.0,0.0,0.0,0.0,0.0,1
16.0,0.0,89.0,129.0,34744.42589999655,34744.42589999655,0.0,7449.372242114396,7449.372242114396,0.0,92123.3791,ra,0.0,0.0,0.0,0.0,0.0,0.0,6132.831595000001,6132.831595000001,0.0,9372.768595000001,9372.768595000001,0.0,0
16.0,1.0,90.0,130.0,35057.60339999635,0.0,35057.60339999635,4852.886297337734,0.0,4852.886297337734,92203.5095,ra,27.0,0.0,27.0,2110.654,0.0,2110.654,0.0,0.0,0.0,0.0,0.0,0.0,1
16.0,2.0,94.0,131.0,69802.0292999929,34744.42589999655,35057.60339999635,7597.00254743505,4837.375213938529,2759.6273334965204,106046.1166,ra,110.0,0.0,110.0,8800.0,7599.762000000001,1200.238,9372.768595000001,9372.768595000001,0.0,3876.913595000001,3876.913595000001,0.0,1
16.0,2.0,12.0,132.0,71147.99996754559,35564.9999847632,35582.9999827824,2734.974958393331,2734.974958393331,0.0,113917.8108,link,0.0,0.0,0.0,0.0,0.0,0.0,3876.913595000001,3876.913595000001,0.0,5066.429595000001,5066.429595000001,0.0,0
17.0,2.0,0.0,133.0,2000.0,1000.0,1000.0,0.0,0.0,0.0,0.0,link,0.0,0.0,0.0,0.0,0.0,0.0,0.0,0.0,0.0,0.0,0.0,0.0,0
17.0,2.0,7.0,134.0,2000.0,1000.0,1000.0,0.0,0.0,0.0,109.925,link,0.0,0.0,0.0,0.0,0.0,0.0,0.0,0.0,0.0,0.0,0.0,0.0,0
18.0,2.0,7.0,135.0,26949.9999999978,13587.9999999988,13361.999999999,412.4660604936761,0.0,412.4660604936761,0.0,link,0.0,0.0,0.0,0.0,0.0,0.0,0.0,0.0,0.0,179.393,0.0,179.393,0
18.0,2.0,28.0,136.0,83260.43099999918,40083.480999999934,43176.94999999925,5298.681576293901,415.6318675120354,4883.049708781866,1036.9156,od,0.0,0.0,0.0,0.0,0.0,0.0,179.393,0.0,179.393,2483.935,180.77,2303.165,0
18.0,0.0,68.0,137.0,42958.05899999944,42958.05899999944,0.0,4846.1941745131535,4846.1941745131535,0.0,12318.138,ra,0.0,-0.0,0.0,0.0,0.0,0.0,180.77,180.77,0.0,2288.513,2288.513,0.0,0
18.0,1.0,69.0,138.0,43176.94999999925,0.0,43176.94999999925,6407.469612937039,0.0,6407.469612937039,12346.3057,ra,35.0,0.0,35.0,2786.785,0.0,2786.785,0.0,0.0,0.0,0.0,0.0,0.0,1
18.0,2.0,73.0,139.0,86135.00899999868,42958.05899999944,43176.94999999925,27813.927787511322,6387.086433844842,21426.84135366648,27186.3294,ra,140.0,0.0,140.0,11200.0,1880.8780000000006,9319.122,2288.513,2288.513,0.0,3185.553999999999,3185.553999999999,0.0,1
18.0,2.0,81.0,140.0,86135.00899999868,42958.05899999944,43176.94999999925,27820.872706399357,21318.21527584622,6502.657430553138,76811.9777,ra,104.0,104.0,0.0,8320.0,5491.816,2828.184,3185.553999999999,3185.553999999999,0.0,6965.616,6965.616,0.0,1
18.0,0.0,84.0,141.0,42958.05899999944,42958.05899999944,0.0,6440.191873709584,6440.191873709584,0.0,91803.7907,ra,0.0,-0.0,0.0,0.0,0.0,0.0,6965.616,6965.616,0.0,9766.632,9766.632,0.0,0
18.0,1.0,85.0,142.0,43176.94999999925,0.0,43176.94999999925,12720.910234419023,0.0,12720.910234419023,91872.4612,ra,70.0,0.0,70.0,5532.673,0.0,5532.673,0.0,0.0,0.0,0.0,0.0,0.0,1
18.0,2.0,92.0,143.0,86135.00899999868,42958.05899999944,43176.94999999925,14732.851901446085,12685.919487615614,2046.9324138304703,121334.7327,ra,81.0,0.0,81.0,6480.0,5589.733,890.267,9766.632,9766.632,0.0,9694.354,9694.354,0.0,1
18.0,2.0,11.0,144.0,53098.002767233804,24816.3642256391,28281.6385415947,2036.5552314913891,2036.5552314913891,0.0,126075.5317,link,0.0,0.0,0.0,0.0,0.0,0.0,9694.354,9694.354,0.0,10580.108,10580.108,0.0,0
19.0,2.0,7.0,145.0,19888.0,9830.0,10058.0,0.0,0.0,0.0,0.0,link,0.0,0.0,0.0,0.0,0.0,0.0,0.0,0.0,0.0,0.0,0.0,0.0,0
19.0,2.0,0.0,146.0,2000.0,1000.0,1000.0,0.0,0.0,0.0,18219.5771,link,0.0,0.0,0.0,0.0,0.0,0.0,0.0,0.0,0.0,0.0,0.0,0.0,0
20.0,2.0,0.0,147.0,2000.0,1000.0,1000.0,0.0,0.0,0.0,0.0,link,0.0,0.0,0.0,0.0,0.0,0.0,0.0,0.0,0.0,0.0,0.0,0.0,0
20.0,2.0,32.0,148.0,15509.502000000137,1000.0,14509.502000000137,939.753340790273,0.0,939.753340790273,15887.6367,od,0.0,0.0,0.0,0.0,0.0,0.0,0.0,0.0,0.0,408.725,0.0,408.725,0
20.0,0.0,78.0,149.0,14324.67699999994,14324.67699999994,0.0,919.8252127198604,919.8252127198604,0.0,22308.8999,ra,6.0,6.0,0.0,400.057,400.057,0.0,0.0,0.0,0.0,0.0,0.0,0.0,1
20.0,1.0,79.0,150.0,14509.502000000137,0.0,14509.502000000137,2160.287628742592,0.0,2160.287628742592,22364.4499,ra,12.0,0.0,12.0,939.568,0.0,939.568,0.0,0.0,0.0,0.0,0.0,0.0,1
20.0,2.0,8.0,151.0,21962.979690817003,10983.9900500203,10978.9896407967,2140.726801768613,2140.726801768613,0.0,37253.2285,link,0.0,0.0,0.0,0.0,0.0,0.0,0.0,0.0,0.0,931.061,931.061,0.0,0
21.0,2.0,8.0,152.0,21649.000000000102,11074.0,10575.0000000001,0.0,0.0,0.0,0.0,link,0.0,0.0,0.0,0.0,0.0,0.0,1816.3756549999994,1816.3756549999994,0.0,1816.3756549999994,1816.3756549999994,0.0,0
21.0,2.0,87.0,153.0,2000.0,1000.0,1000.0,0.0,0.0,0.0,29246.6422,ra,16.0,16.0,0.0,1280.0,1280.0,0.0,1816.3756549999994,1816.3756549999994,0.0,536.3756549999994,536.3756549999994,0.0,1
21.0,2.0,10.0,154.0,23288.9999999998,11776.9999999999,11511.9999999999,0.0,0.0,0.0,32474.4736,link,0.0,0.0,0.0,0.0,0.0,0.0,536.3756549999994,536.3756549999994,0.0,536.3756549999994,536.3756549999994,0.0,0
22.0,2.0,8.0,155.0,18089.34980232114,9293.63667702267,8795.71312529847,16079.33796522066,0.0,16079.33796522066,0.0,link,0.0,0.0,0.0,0.0,0.0,0.0,1816.3756549999994,1816.3756549999994,0.0,8809.721655,1816.3756549999994,6993.346,0
22.0,2.0,9.0,156.0,22551.7599214391,11229.4921808602,11322.2677405789,15662.841623892187,15662.841623892187,0.0,25496.1441,link,0.0,0.0,0.0,0.0,0.0,0.0,8809.721655,1816.3756549999994,6993.346,15621.921654999998,8628.575654999999,6993.346,0
23.0,2.0,0.0,157.0,2000.0,1000.0,1000.0,0.0,0.0,0.0,0.0,link,0.0,0.0,0.0,0.0,0.0,0.0,0.0,0.0,0.0,0.0,0.0,0.0,0
23.0,2.0,9.0,158.0,2000.0,1000.0,1000.0,0.0,0.0,0.0,348.031,link,0.0,0.0,0.0,0.0,0.0,0.0,0.0,0.0,0.0,0.0,0.0,0.0,0
24.0,2.0,9.0,159.0,25786.108144857702,12922.6073175015,12863.5008273562,1398.8058567485718,0.0,1398.8058567485718,0.0,link,0.0,0.0,0.0,0.0,0.0,0.0,5191.766454999999,5191.766454999999,0.0,5800.145454999999,5191.766454999999,608.379,0
24.0,2.0,36.0,160.0,47821.26169999146,28664.330599996032,19156.93109999543,2467.2619507870213,1404.3380195215625,1062.923931265459,4899.2528,od,0.0,0.0,0.0,0.0,0.0,0.0,5800.145454999999,5191.766454999999,608.379,6873.225454999999,5802.551454999999,1070.674,0
24.0,0.0,88.0,161.0,19373.629599995787,19373.629599995787,0.0,407.208915319653,407.208915319653,0.0,7001.1249,ra,1.0,1.0,0.0,76.4602824999995,76.4602824999995,0.0,5802.551454999999,5802.551454999999,0.0,5903.197172499999,5903.197172499999,0.0,1
24.0,1.0,91.0,162.0,19156.93109999543,0.0,19156.93109999543,3909.847818256339,0.0,3909.847818256339,10447.7612,ra,22.0,0.0,22.0,1700.5,0.0,1700.5,0.0,0.0,0.0,0.0,0.0,0.0,1
24.0,0.0,97.0,163.0,19373.629599995787,19373.629599995787,0.0,4618.565637379309,4618.565637379309,0.0,30840.5692,ra,0.0,-0.0,0.0,0.0,0.0,0.0,5903.197172499999,5903.197172499999,0.0,7911.938172499999,7911.938172499999,0.0,0
24.0,1.0,98.0,164.0,19156.93109999543,0.0,19156.93109999543,4771.764431590671,0.0,4771.764431590671,30857.3341,ra,26.0,0.0,26.0,2075.371,0.0,2075.371,0.0,0.0,0.0,0.0,0.0,0.0,1
24.0,2.0,108.0,165.0,38530.56069999121,19373.629599995787,19156.93109999543,8705.315031213519,4828.989428608852,3876.325602604666,55766.1486,ra,22.0,0.0,22.0,1760.0,74.07899999999995,1685.921,7911.938172499999,7911.938172499999,0.0,9938.119172499999,9938.119172499999,0.0,1
24.0,2.0,114.0,166.0,38530.56069999121,19373.629599995787,19156.93109999543,4336.787223367013,3920.173645864456,416.6135775025573,76000.7341,ra,140.0,0.0,140.0,11199.999999999998,11018.802999999998,181.197,9938.119172499999,9938.119172499999,0.0,624.3071725000015,624.3071725000015,0.0,1
24.0,2.0,15.0,167.0,28738.6713502246,14383.3123439625,14355.3590062621,421.32620797835466,421.32620797835466,0.0,78175.4748,link,0.0,0.0,0.0,0.0,0.0,0.0,624.3071725000015,624.3071725000015,0.0,807.5531725000014,807.5531725000014,0.0,0
25.0,2.0,9.0,168.0,18444.994544675952,9036.99752648209,9407.99701819386,20568.306235383843,0.0,20568.306235383843,0.0,link,0.0,0.0,0.0,0.0,0.0,0.0,3436.8092,3436.8092,0.0,12308.0463,3362.3243,8945.722,0
25.0,2.0,10.0,169.0,19006.7279100321,9665.34291491844,9341.38499511366,19952.702364391625,19952.702364391625,0.0,35248.1726,link,0.0,0.0,0.0,0.0,0.0,0.0,12308.0463,3362.3243,8945.722,20775.7375,11830.0155,8945.722,0
26.0,2.0,10.0,170.0,39799.090315948604,19727.656489473,20071.4338264756,7808.143224275351,0.0,7808.143224275351,0.0,link,0.0,0.0,0.0,0.0,0.0,0.0,11939.233654999998,11939.233654999998,0.0,15335.209654999999,11939.233654999998,3395.976,0
26.0,2.0,38.0,171.0,144920.29299999808,56606.34549999799,88313.9475000001,17059.242097232265,7574.447598630857,9484.794498601408,13380.9161,od,0.0,0.0,0.0,0.0,0.0,0.0,15335.209654999999,11939.233654999998,3395.976,22754.742655000002,15233.568655,7521.174000000001,0
26.0,2.0,11.0,172.0,61239.0276416527,31319.7944712375,29919.2331704152,9878.17780325862,9878.17780325862,0.0,24120.7763,link,0.0,0.0,0.0,0.0,0.0,0.0,15233.568655,15233.568655,0.0,19529.859655,19529.859655,0.0,0
27.0,2.0,11.0,173.0,68446.95855219441,33632.3321209786,34814.6264312158,8052.143420068573,0.0,8052.143420068573,0.0,link,0.0,0.0,0.0,0.0,0.0,0.0,15054.9838275,15054.9838275,0.0,18557.0818275,15054.9838275,3502.098,0
27.0,0.0,99.0,174.0,53431.195499998285,53431.195499998285,0.0,8227.48589190507,8227.48589190507,0.0,15398.2815,ra,0.0,0.0,0.0,0.0,0.0,0.0,15054.9838275,15054.9838275,0.0,18633.3438275,18633.3438275,0.0,0
27.0,1.0,100.0,175.0,51000.92549999951,0.0,51000.92549999951,5013.272807505568,0.0,5013.272807505568,15788.23,ra,28.0,0.0,28.0,2180.41,0.0,2180.41,3502.098,0.0,3502.098,3502.098,0.0,3502.098,1
27.0,2.0,39.0,176.0,99500.27099999884,53431.195499998285,46069.07550000055,8414.73631734924,5460.516862954169,2954.2194543950704,25617.9983,od,0.0,0.0,0.0,0.0,0.0,0.0,18633.3438275,18633.3438275,0.0,22293.1438275,21008.2728275,1284.871,0
27.0,2.0,107.0,177.0,90955.89100000222,44886.815500001656,46069.07550000055,12178.462829651253,2878.406005693461,9300.056823957791,32030.5851,ra,140.0,0.0,140.0,11200.0,7155.15,4044.85,21008.2728275,21008.2728275,0.0,15105.020827499999,15105.020827499999,0.0,1
27.0,0.0,111.0,178.0,44886.815500001656,44886.815500001656,0.0,8961.145583333813,8961.145583333813,0.0,51994.4553,ra,0.0,0.0,0.0,0.0,0.0,0.0,15105.020827499999,15105.020827499999,0.0,19002.468827499997,19002.468827499997,0.0,0
27.0,1.0,110.0,179.0,46069.07550000055,0.0,46069.07550000055,13008.087192717903,0.0,13008.087192717903,52217.786,ra,71.0,0.0,71.0,5657.575,0.0,5657.575,0.0,0.0,0.0,0.0,0.0,0.0,1
27.0,2.0,113.0,180.0,90955.89100000222,44886.815500001656,46069.07550000055,13694.031546881382,12774.509707252078,919.521839629304,80453.836,ra,140.0,140.0,0.0,11200.0,10800.075,399.925,19002.468827499997,19002.468827499997,0.0,13758.378827499997,13758.378827499997,0.0,1
27.0,2.0,40.0,181.0,68189.5290000016,44886.815500001656,23302.713499999936,6680.000451112606,895.924363918746,5784.07608719386,82449.7993,od,0.0,0.0,0.0,0.0,0.0,0.0,13758.378827499997,13758.378827499997,0.0,16663.694827499996,14148.040827499997,2515.654,0
27.0,0.0,115.0,182.0,21429.31850000099,21429.31850000099,0.0,3608.780166862763,3608.780166862763,0.0,99290.1863,ra,0.0,0.0,0.0,0.0,0.0,0.0,14148.040827499997,14148.040827499997,0.0,15717.598827499998,15717.598827499998,0.0,0
27.0,2.0,116.0,183.0,44732.03200000092,21429.31850000099,23302.713499999936,6749.094244193143,1710.2917386780698,5038.802505515073,107271.2695,ra,140.0,140.0,0.0,11200.0,9008.486,2191.514,15717.598827499998,15717.598827499998,0.0,7452.965827499998,7452.965827499998,0.0,1
27.0,2.0,15.0,184.0,39893.9999998457,18725.9999999336,21167.9999999121,4633.713741075081,4633.713741075081,0.0,128894.5131,link,0.0,0.0,0.0,0.0,0.0,0.0,7452.965827499998,7452.965827499998,0.0,9468.294827499998,9468.294827499998,0.0,0
28.0,2.0,11.0,185.0,61992.2787513973,31725.312247826,30266.9665035713,1571.4117996467517,0.0,1571.4117996467517,0.0,link,0.0,0.0,0.0,0.0,0.0,0.0,15054.9838275,15054.9838275,0.0,15738.433827500001,15054.9838275,683.45,0
28.0,0.0,93.0,186.0,8071.720500000125,8071.720500000125,0.0,278.1159002143198,278.1159002143198,0.0,3445.5591,ra,58.0,58.0,0.0,4626.206827499998,4626.206827499998,0.0,15054.9838275,15054.9838275,0.0,10549.737000000001,10549.737000000001,0.0,1
28.0,0.0,95.0,187.0,8071.720500000125,8071.720500000125,0.0,1495.1075631634765,1495.1075631634765,0.0,21968.3457,ra,140.0,140.0,0.0,11200.000000000002,11200.000000000002,0.0,10549.737000000001,10549.737000000001,0.0,0.0,0.0,0.0,1
28.0,1.0,96.0,188.0,7058.047000000196,0.0,7058.047000000196,395.24307283167417,0.0,395.24307283167417,22264.1164,ra,3.0,0.0,3.0,171.902,0.0,171.902,683.45,0.0,683.45,683.45,0.0,683.45,1
28.0,2.0,41.0,189.0,9071.720500000125,8071.720500000125,1000.0,475.8814874122454,475.8814874122454,0.0,27864.0093,od,0.0,0.0,0.0,0.0,0.0,0.0,0.0,0.0,0.0,206.974,206.974,0.0,0
28.0,2.0,0.0,190.0,2000.0,1000.0,1000.0,0.0,0.0,0.0,40879.2797,link,0.0,0.0,0.0,0.0,0.0,0.0,206.974,206.974,0.0,206.974,206.974,0.0,0
29.0,2.0,43.0,191.0,2000.0,1000.0,1000.0,0.0,0.0,0.0,0.0,od,0.0,0.0,0.0,0.0,0.0,0.0,0.0,0.0,0.0,0.0,0.0,0.0,0
29.0,2.0,0.0,192.0,31660.307000001256,1000.0,30660.307000001256,2959.2601360522244,0.0,2959.2601360522244,0.0,link,0.0,0.0,0.0,0.0,0.0,0.0,0.0,0.0,0.0,1287.064,0.0,1287.064,0
29.0,2.0,13.0,193.0,2000.0,1000.0,1000.0,2793.4379270311306,2793.4379270311306,0.0,9651.7629,link,0.0,0.0,0.0,0.0,0.0,0.0,0.0,0.0,0.0,1214.943,1214.943,0.0,0
30.0,2.0,12.0,194.0,31173.0077127878,15334.6891591729,15838.3185536149,3562.3903246303066,0.0,3562.3903246303066,0.0,link,0.0,0.0,0.0,0.0,0.0,0.0,1519.9288785000003,1519.9288785000003,0.0,3069.3098785,1519.9288785000003,1549.381,0
30.0,0.0,101.0,195.0,25165.586500000187,25165.586500000187,0.0,473.6930929688286,473.6930929688286,0.0,1882.305,ra,0.0,0.0,0.0,0.0,0.0,0.0,1519.9288785000003,1519.9288785000003,0.0,1725.9508785000003,1725.9508785000003,0.0,0
30.0,1.0,102.0,196.0,23245.043999999987,0.0,23245.043999999987,2786.2009274395546,0.0,2786.2009274395546,15325.3757,ra,16.0,0.0,16.0,1211.795,0.0,1211.795,1549.381,0.0,1549.381,1549.381,0.0,1549.381,1
30.0,0.0,103.0,197.0,25165.586500000187,25165.586500000187,0.0,3460.244613926648,3460.244613926648,0.0,15632.2115,ra,0.0,0.0,0.0,0.0,0.0,0.0,1725.9508785000003,1725.9508785000003,0.0,3230.9058785,3230.9058785,0.0,0
30.0,2.0,13.0,198.0,18934.3901725728,9143.1385769236,9791.2515956492,2939.1842500734438,2939.1842500734438,0.0,27311.5906,link,0.0,0.0,0.0,0.0,0.0,0.0,3230.9058785,3230.9058785,0.0,4509.2378785,4509.2378785,0.0,0
31.0,2.0,12.0,199.0,61211.2617744492,30941.9007084376,30269.3610660116,3890.005738698994,0.0,3890.005738698994,0.0,link,0.0,0.0,0.0,0.0,0.0,0.0,3546.5007165000006,3546.5007165000006,0.0,5238.3707165000005,3546.5007165000006,1691.87,0
31.0,1.0,106.0,200.0,38235.60139999688,0.0,38235.60139999688,4650.737287650786,0.0,4650.737287650786,10173.7794,ra,26.0,0.0,26.0,2022.733,0.0,2022.733,1691.87,0.0,1691.87,1691.87,0.0,1691.87,1
31.0,0.0,105.0,201.0,36001.881399996884,36001.881399996884,0.0,3663.346024528415,3663.346024528415,0.0,10175.4294,ra,0.0,-0.0,0.0,0.0,0.0,0.0,3546.5007165000006,3546.5007165000006,0.0,5139.790716500001,5139.790716500001,0.0,0
31.0,2.0,109.0,202.0,74237.48279999377,36001.881399996884,38235.60139999688,5099.213590111738,4378.447650580886,720.765939530852,22337.1484,ra,92.0,92.0,0.0,7357.5787165,7044.0977165,313.481,5139.790716500001,5139.790716500001,0.0,0.0,0.0,0.0,1
31.0,2.0,14.0,203.0,62766.261417807,31611.057809806,31155.203608001,678.6588656128522,678.6588656128522,0.0,24222.2134,link,0.0,0.0,0.0,0.0,0.0,0.0,0.0,0.0,0.0,295.167,295.167,0.0,0
32.0,2.0,13.0,204.0,24034.0,12223.0,11811.0,228.1303457569868,0.0,228.1303457569868,0.0,link,0.0,0.0,0.0,0.0,0.0,0.0,5724.1808785,5724.1808785,0.0,5823.4008785000005,5724.1808785,99.22,0
32.0,2.0,104.0,205.0,20300.196500001308,10251.34400000068,10048.852500000628,3563.2543019503523,232.72733391139144,3330.526968038961,2270.2129,ra,70.0,0.0,70.0,5600.0,4151.4619999999995,1448.538,5823.4008785000005,5724.1808785,99.22,1773.1588785000004,1673.9388785000003,99.22,1
32.0,2.0,16.0,206.0,35472.0,17897.0,17575.0,3397.6394469562097,3397.6394469562097,0.0,35413.569,link,0.0,0.0,0.0,0.0,0.0,0.0,1673.9388785000003,1673.9388785000003,0.0,3151.6658785000004,3151.6658785000004,0.0,0
33.0,2.0,14.0,207.0,25491.3919282071,13297.3329457903,12194.0589824168,1324.3411098561585,0.0,1324.3411098561585,0.0,link,0.0,0.0,0.0,0.0,0.0,0.0,59.0334,59.0334,0.0,635.0254,59.0334,575.992,0
33.0,2.0,47.0,208.0,49736.78200000281,48736.78200000281,1000.0,1246.768517669922,1246.768517669922,0.0,2558.1675,od,0.0,0.0,0.0,0.0,0.0,0.0,635.0254,59.0334,575.992,1177.2794,601.2874,575.992,0
33.0,2.0,0.0,209.0,2000.0,1000.0,1000.0,0.0,0.0,0.0,22213.6118,link,0.0,0.0,0.0,0.0,0.0,0.0,601.2874,601.2874,0.0,601.2874,601.2874,0.0,0
34.0,2.0,14.0,210.0,40290.9817282687,40289.5340857765,1.44764249220084,4418.191424608899,0.0,4418.191424608899,0.0,link,0.0,0.0,0.0,0.0,0.0,0.0,236.1336,236.1336,0.0,2157.7266,236.1336,1921.593,0
34.0,2.0,112.0,211.0,61255.59319999675,31027.111599998112,30228.48159999864,9898.44186411957,4534.919094365002,5363.522769754567,14615.9886,ra,49.0,0.0,49.0,3919.9999999999995,1587.2569999999996,2332.743,2157.7266,236.1336,1921.593,2542.8306000000007,621.2376000000005,1921.593,1
34.0,0.0,120.0,212.0,31027.111599998112,31027.111599998112,0.0,3821.969436428997,3821.969436428997,0.0,26934.1492,ra,0.0,-0.0,0.0,-2.2737367544323206e-13,-2.2737367544323206e-13,0.0,621.2376000000005,621.2376000000005,0.0,2283.5176000000006,2283.5176000000006,0.0,0
34.0,2.0,49.0,213.0,230922.4701999982,31027.111599998112,199895.3586000001,13400.313598962233,1683.2564544511265,11717.057144511107,32359.2641,od,0.0,0.0,0.0,0.0,0.0,0.0,2283.5176000000006,2283.5176000000006,0.0,8111.6816,3015.6116000000006,5096.07,0
34.0,2.0,20.0,214.0,42848.933143860995,20473.5804606555,22375.3526832055,11631.75674638022,11631.75674638022,0.0,38220.8595,link,0.0,0.0,0.0,0.0,0.0,0.0,3015.6116000000006,3015.6116000000006,0.0,8074.5826,8074.5826,0.0,0
35.0,2.0,0.0,215.0,2000.0,1000.0,1000.0,0.0,0.0,0.0,0.0,link,0.0,0.0,0.0,0.0,0.0,0.0,0.0,0.0,0.0,0.0,0.0,0.0,0
35.0,2.0,16.0,216.0,13637.0,6766.0,6871.0,0.0,0.0,0.0,35104.463,link,0.0,0.0,0.0,0.0,0.0,0.0,0.0,0.0,0.0,0.0,0.0,0.0,0
36.0,2.0,15.0,217.0,63592.0,31158.0,32434.0,2561.0376210018776,0.0,2561.0376210018776,0.0,link,0.0,0.0,0.0,0.0,0.0,0.0,10275.848,10275.848,0.0,11389.714,10275.848,1113.866,0
36.0,0.0,121.0,218.0,35541.92909999657,35541.92909999657,0.0,2124.8409284557283,2124.8409284557283,0.0,5978.4063,ra,140.0,140.0,0.0,11200.0,11200.0,0.0,10275.848,10275.848,0.0,0.0,0.0,0.0,1
36.0,1.0,122.0,219.0,37198.625599995175,0.0,37198.625599995175,1449.1285929738428,0.0,1449.1285929738428,6884.7641,ra,8.0,0.0,8.0,630.266,0.0,630.266,1113.866,0.0,1113.866,1113.866,0.0,1113.866,1
36.0,2.0,17.0,220.0,63592.0,31158.0,32434.0,1706.7265275296677,1706.7265275296677,0.0,10780.415,link,0.0,0.0,0.0,0.0,0.0,0.0,0.0,0.0,0.0,742.302,742.302,0.0,0
37.0,2.0,16.0,221.0,61280.6441162145,31014.1744637331,30266.4696524814,993.9604892718996,0.0,993.9604892718996,0.0,link,0.0,0.0,0.0,0.0,0.0,0.0,3151.6658785000004,3151.6658785000004,0.0,3583.9668785000003,3151.6658785000004,432.301,0
37.0,0.0,117.0,222.0,10251.34400000068,10251.34400000068,0.0,157.0097487255144,157.0097487255144,0.0,1531.6016,ra,0.0,-0.0,0.0,-2.2737367544323206e-13,-2.2737367544323206e-13,0.0,3151.6658785000004,3151.6658785000004,0.0,3219.953878500001,3219.953878500001,0.0,0
37.0,2.0,18.0,223.0,64809.525076994905,32882.2900340846,31927.2350429103,856.9797488747928,856.9797488747928,0.0,9891.2835,link,0.0,0.0,0.0,0.0,0.0,0.0,3652.254878500001,3219.953878500001,432.301,4024.978878500001,3592.677878500001,432.301,0
38.0,2.0,17.0,224.0,73980.9084088181,36437.7364219997,37543.1719868184,5284.784089718923,0.0,5284.784089718923,0.0,link,0.0,0.0,0.0,0.0,0.0,0.0,519.6114,519.6114,0.0,2818.1094000000003,519.6114,2298.498,0
38.0,1.0,118.0,225.0,98128.54059999672,0.0,98128.54059999672,8706.102777659578,0.0,8706.102777659578,5385.5729,ra,48.0,0.0,48.0,3786.523,0.0,3786.523,2298.498,0.0,2298.498,2298.498,0.0,2298.498,1
38.0,0.0,119.0,226.0,96224.43709999832,96224.43709999832,0.0,6829.804721286924,6829.804721286924,0.0,7097.7861,ra,0.0,-0.0,0.0,0.0,0.0,0.0,519.6114,519.6114,0.0,3490.0814,3490.0814,0.0,0
38.0,1.0,123.0,227.0,98128.54059999672,0.0,98128.54059999672,2259.741714296314,0.0,2259.741714296314,14257.7142,ra,13.0,0.0,13.0,982.824,0.0,982.824,0.0,0.0,0.0,0.0,0.0,0.0,1
38.0,0.0,124.0,228.0,96224.43709999832,96224.43709999832,0.0,6930.776198542376,6930.776198542376,0.0,14300.5055,ra,82.0,82.0,0.0,6504.4664,6504.4664,0.0,3490.0814,3490.0814,0.0,0.0,0.0,0.0,1
38.0,2.0,54.0,229.0,225018.49169999885,96224.43709999832,128794.05460000053,21525.87181165927,2174.7176001698363,19351.154211489436,16560.5526,od,0.0,0.0,0.0,0.0,0.0,0.0,0.0,0.0,0.0,9362.193,945.844,8416.349,0
38.0,2.0,22.0,230.0,105896.4428578996,51540.438437961,54356.0044199386,18891.24972253268,18891.24972253268,0.0,31585.4342,link,0.0,0.0,0.0,0.0,0.0,0.0,945.844,945.844,0.0,9162.168000000001,9162.168000000001,0.0,0
39.0,2.0,17.0,231.0,25562.2788538132,12328.3002896388,13233.9785641744,6478.329010241423,0.0,6478.329010241423,0.0,link,0.0,0.0,0.0,0.0,0.0,0.0,222.6906,222.6906,0.0,3040.2936,222.6906,2817.603,0
39.0,2.0,56.0,232.0,64568.33200000151,63568.33200000151,1000.0,6503.641084337554,6503.641084337554,0.0,10230.945,od,0.0,0.0,0.0,0.0,0.0,0.0,3040.2936,222.6906,2817.603,5868.9056,3051.3026,2817.603,0
39.0,2.0,24.0,233.0,21529.4529436522,10591.5844792127,10937.8684644395,0.0,0.0,0.0,17071.7299,link,0.0,0.0,0.0,0.0,0.0,0.0,3051.3026,3051.3026,0.0,3051.3026,3051.3026,0.0,0
40.0,2.0,18.0,234.0,25932.8384078479,12821.1458632264,13111.6925446215,1015.1140391392876,0.0,1015.1140391392876,0.0,link,0.0,0.0,0.0,0.0,0.0,0.0,1077.80336355,1077.80336355,0.0,1519.30436355,1077.80336355,441.501,0
40.0,2.0,26.0,235.0,22387.8945153677,11334.7070106569,11053.1875047108,1052.539183847461,1052.539183847461,0.0,13785.5992,link,0.0,0.0,0.0,0.0,0.0,0.0,1519.30436355,1077.80336355,441.501,1977.08236355,1535.58136355,441.501,0
41.0,2.0,18.0,236.0,65100.0643805413,32409.6776559215,32690.3867246198,180.54932486438,0.0,180.54932486438,0.0,link,0.0,0.0,0.0,0.0,0.0,0.0,2514.87451495,2514.87451495,0.0,2593.40051495,2514.87451495,78.526,0
41.0,1.0,126.0,237.0,11495.40350000086,0.0,11495.40350000086,2079.9852755046763,0.0,2079.9852755046763,1570.6219,ra,12.0,0.0,12.0,904.643,0.0,904.643,78.526,0.0,78.526,78.526,0.0,78.526,1
41.0,0.0,125.0,238.0,11426.415000000812,11426.415000000812,0.0,181.56571149718292,181.56571149718292,0.0,1588.9998,ra,32.0,32.0,0.0,2555.5899065000003,2555.5899065000003,0.0,2514.87451495,2514.87451495,0.0,38.25260844999967,38.25260844999967,0.0,1
41.0,2.0,25.0,239.0,107717.843361102,52411.8634929897,55305.9798681123,2065.402519385352,2065.402519385352,0.0,19664.6825,link,0.0,0.0,0.0,0.0,0.0,0.0,38.25260844999967,38.25260844999967,0.0,936.5526084499996,936.5526084499996,0.0,0
42.0,2.0,0.0,240.0,2000.0,1000.0,1000.0,0.0,0.0,0.0,0.0,link,0.0,0.0,0.0,0.0,0.0,0.0,0.0,0.0,0.0,0.0,0.0,0.0,0
42.0,2.0,21.0,241.0,64323.0,34358.0,29965.0,0.0,0.0,0.0,974.9931,link,0.0,0.0,0.0,0.0,0.0,0.0,0.0,0.0,0.0,0.0,0.0,0.0,0
43.0,2.0,20.0,242.0,150198.49863614672,75767.4489434685,74431.0496926782,12137.034501246477,0.0,12137.034501246477,0.0,link,0.0,0.0,0.0,0.0,0.0,0.0,3229.8330400000004,3229.8330400000004,0.0,8508.563040000001,3229.8330400000004,5278.73,0
43.0,2.0,127.0,243.0,246599.5637000046,125298.26460000056,121301.29910000402,12967.558038308716,12536.958562519354,430.59947578936266,10005.6921,ra,111.0,0.0,111.0,8869.780040000003,8682.500040000003,187.28,8508.563040000001,3229.8330400000004,5278.73,5278.730999999996,0.0009999999965089046,5278.73,1
43.0,2.0,22.0,244.0,143835.3128743358,71573.2272359724,72262.0856383634,444.78803981807744,444.78803981807744,0.0,10360.6755,link,0.0,0.0,0.0,0.0,0.0,0.0,0.0009999999965089046,0.0009999999965089046,0.0,0.0009999999965089046,0.0009999999965089046,0.0,0
44.0,2.0,20.0,245.0,153959.0,74263.0,79696.0,8308.514155205125,0.0,8308.514155205125,0.0,link,0.0,0.0,0.0,0.0,0.0,0.0,3229.8330400000004,3229.8330400000004,0.0,6843.43404,3229.8330400000004,3613.601,0
44.0,2.0,21.0,246.0,153959.0,74263.0,79696.0,8069.159677965527,8069.159677965527,0.0,4390.0471,link,0.0,0.0,0.0,0.0,0.0,0.0,6843.43404,3229.8330400000004,3613.601,10352.93304,6739.33204,3613.601,0
45.0,2.0,20.0,247.0,62196.7600253059,32348.664026557,29848.0959987489,0.0,0.0,0.0,0.0,link,0.0,0.0,0.0,0.0,0.0,0.0,1614.9165200000002,1614.9165200000002,0.0,1614.9165200000002,1614.9165200000002,0.0,0
45.0,2.0,129.0,248.0,2000.0,1000.0,1000.0,0.0,0.0,0.0,9849.379,ra,0.0,0.0,0.0,0.0,0.0,0.0,1614.9165200000002,1614.9165200000002,0.0,1614.9165200000002,1614.9165200000002,0.0,0
45.0,2.0,27.0,249.0,59265.8366310976,31619.7156039958,27646.1210271018,0.0,0.0,0.0,16227.5537,link,0.0,0.0,0.0,0.0,0.0,0.0,1614.9165200000002,1614.9165200000002,0.0,1614.9165200000002,1614.9165200000002,0.0,0
46.0,2.0,21.0,250.0,122056.3633115633,58092.1447118619,63964.2185997014,17798.87054118576,0.0,17798.87054118576,0.0,link,0.0,0.0,0.0,0.0,0.0,0.0,6739.33204,6739.33204,0.0,14480.55004,6739.33204,7741.218,0
46.0,2.0,23.0,251.0,131872.7061463396,62497.919354533,69374.7867918066,17286.114677230005,17286.114677230005,0.0,9404.5552,link,0.0,0.0,0.0,0.0,0.0,0.0,14480.55004,6739.33204,7741.218,21998.75604,14257.53804,7741.218,0
47.0,2.0,22.0,252.0,38579.2955378498,18952.692150841,19626.6033870088,4487.89002347352,0.0,4487.89002347352,0.0,link,0.0,0.0,0.0,0.0,0.0,0.0,9162.168999999998,9162.168999999998,0.0,11114.075999999997,9162.168999999998,1951.907,0
47.0,2.0,128.0,253.0,46233.66100000024,23584.837,22648.82400000024,6893.6757596465995,4673.362055246135,2220.3137044004643,19815.1128,ra,140.0,140.0,0.0,11199.999999999998,10248.898999999998,951.101,11114.075999999997,9162.168999999998,1951.907,2897.751,945.844,1951.907,1
47.0,2.0,28.0,254.0,35062.119983040204,16961.1414488018,18100.9785342384,2312.073103978845,2312.073103978845,0.0,29618.3313,link,0.0,0.0,0.0,0.0,0.0,0.0,945.844,945.844,0.0,0.0,0.0,0.0,0
48.0,2.0,24.0,255.0,16009.99993438885,7856.99996682075,8152.9999675681,0.0,0.0,0.0,0.0,link,0.0,0.0,0.0,0.0,0.0,0.0,1220.52104,1220.52104,0.0,1220.52104,1220.52104,0.0,0
48.0,2.0,0.0,256.0,2000.0,1000.0,1000.0,0.0,0.0,0.0,34790.8303,link,0.0,0.0,0.0,0.0,0.0,0.0,1220.52104,1220.52104,0.0,1220.52104,1220.52104,0.0,0
49.0,2.0,68.0,257.0,2000.0,1000.0,1000.0,0.0,0.0,0.0,0.0,od,0.0,0.0,0.0,0.0,0.0,0.0,0.0,0.0,0.0,0.0,0.0,0.0,0
49.0,2.0,0.0,258.0,189019.38800000047,1000.0,188019.38800000047,1382.1592881543677,0.0,1382.1592881543677,0.0,link,0.0,0.0,0.0,0.0,0.0,0.0,0.0,0.0,0.0,601.139,0.0,601.139,0
49.0,2.0,23.0,259.0,2000.0,1000.0,1000.0,1422.7464446933334,1422.7464446933334,0.0,735.1153,link,0.0,0.0,0.0,0.0,0.0,0.0,0.0,0.0,0.0,618.792,618.792,0.0,0
50.0,2.0,23.0,260.0,167288.29083468,89420.7692084569,77867.5216262231,304.0013022146316,0.0,304.0013022146316,0.0,link,0.0,0.0,0.0,0.0,0.0,0.0,10413.431027999999,10413.431027999999,0.0,10545.650027999998,10413.431027999999,132.219,0
50.0,2.0,25.0,261.0,167733.1420677742,89424.5683491475,78308.5737186267,305.83675050159184,305.83675050159184,0.0,2660.5134,link,0.0,0.0,0.0,0.0,0.0,0.0,10545.650027999998,10413.431027999999,132.219,10678.667027999998,10546.448027999999,132.219,0
51.0,2.0,23.0,262.0,68004.42841151671,33685.4721908872,34318.9562206295,0.0,0.0,0.0,0.0,link,0.0,0.0,0.0,0.0,0.0,0.0,4462.899012,4462.899012,0.0,4462.899012,4462.899012,0.0,0
51.0,0.0,130.0,263.0,1000.0,1000.0,0.0,0.0,0.0,0.0,2344.9973,ra,14.0,14.0,0.0,1117.8155320000012,1117.8155320000012,0.0,4462.899012,4462.899012,0.0,3345.0834799999984,3345.0834799999984,0.0,1
51.0,2.0,27.0,264.0,64426.2356563276,31754.4889250316,32671.746731296,0.0,0.0,0.0,7784.5887,link,0.0,0.0,0.0,0.0,0.0,0.0,3345.0834799999984,3345.0834799999984,0.0,3345.0834799999984,3345.0834799999984,0.0,0
52.0,2.0,24.0,265.0,2000.0,1000.0,1000.0,0.0,0.0,0.0,0.0,link,0.0,0.0,0.0,0.0,0.0,0.0,0.0,0.0,0.0,0.0,0.0,0.0,0
52.0,2.0,0.0,266.0,2000.0,1000.0,1000.0,0.0,0.0,0.0,776.1827,link,0.0,0.0,0.0,0.0,0.0,0.0,0.0,0.0,0.0,0.0,0.0,0.0,0
53.0,2.0,24.0,267.0,26623.0,13216.0,13407.0,0.0,0.0,0.0,0.0,link,0.0,0.0,0.0,0.0,0.0,0.0,1830.7815600000001,1830.7815600000001,0.0,1756.5513600000002,1756.5513600000002,0.0,0
53.0,2.0,28.0,268.0,26623.0,13216.0,13407.0,0.0,0.0,0.0,9705.4865,link,0.0,0.0,0.0,0.0,0.0,0.0,1756.5513600000002,1756.5513600000002,0.0,813.6803600000001,813.6803600000001,0.0,0
54.0,2.0,25.0,269.0,63790.743083652196,33602.5555376766,30188.1875459756,0.0,0.0,0.0,0.0,link,0.0,0.0,0.0,0.0,0.0,0.0,11483.00063645,11483.00063645,0.0,11483.00063645,11483.00063645,0.0,0
54.0,2.0,131.0,270.0,2000.0,1000.0,1000.0,0.0,0.0,0.0,14118.0596,ra,39.0,0.0,39.0,3120.0,3120.0,0.0,11483.00063645,11483.00063645,0.0,8363.000636449999,8363.000636449999,0.0,1
54.0,2.0,26.0,271.0,32484.7744574449,16371.3543459377,16113.4201115072,0.0,0.0,0.0,19751.6727,link,0.0,0.0,0.0,0.0,0.0,0.0,8363.000636449999,8363.000636449999,0.0,8363.000636449999,8363.000636449999,0.0,0
55.0,2.0,26.0,272.0,35611.1999360093,17306.4999689679,18304.6999670414,788.9514324047693,0.0,788.9514324047693,0.0,link,0.0,0.0,0.0,0.0,0.0,0.0,9898.581999999999,9898.581999999999,0.0,10241.719,9898.581999999999,343.137,0
55.0,2.0,132.0,273.0,14998.64599999939,7635.062999999743,7363.582999999647,2992.2656392398244,818.0384318816996,2174.227207358125,10714.2329,ra,140.0,0.0,140.0,11199.999999999998,10254.368999999999,945.631,10241.719,9898.581999999999,343.137,343.137,0.0,343.137,1
55.0,2.0,70.0,274.0,8635.062999999744,7635.062999999743,1000.0,2254.3864453613933,2254.3864453613933,0.0,40240.9892,od,0.0,0.0,0.0,0.0,0.0,0.0,0.0,0.0,0.0,980.495,980.495,0.0,0
55.0,2.0,0.0,275.0,2000.0,1000.0,1000.0,0.0,0.0,0.0,47911.3669,link,0.0,0.0,0.0,0.0,0.0,0.0,980.495,980.495,0.0,980.495,980.495,0.0,0
56.0,2.0,27.0,276.0,67553.5172847849,34432.267085203,33121.2501995819,0.0,0.0,0.0,0.0,link,0.0,0.0,0.0,0.0,0.0,0.0,4959.999999999999,4959.999999999999,0.0,4959.999999999999,4959.999999999999,0.0,0
56.0,1.0,134.0,277.0,1000.0,0.0,1000.0,0.0,0.0,0.0,14670.9425,ra,0.0,0.0,-0.0,0.0,0.0,0.0,0.0,0.0,0.0,0.0,0.0,0.0,0
56.0,0.0,133.0,278.0,1000.0,1000.0,0.0,0.0,0.0,0.0,14715.4883,ra,0.0,0.0,0.0,0.0,0.0,0.0,4959.999999999999,4959.999999999999,0.0,4959.999999999999,4959.999999999999,0.0,0
56.0,2.0,135.0,279.0,2000.0,1000.0,1000.0,0.0,0.0,0.0,20490.1826,ra,62.0,0.0,62.0,4959.999999999999,4959.999999999999,0.0,4959.999999999999,4959.999999999999,0.0,0.0,0.0,0.0,1
56.0,2.0,29.0,280.0,45237.3265637856,23422.054813021,21815.2717507646,0.0,0.0,0.0,31051.5112,link,0.0,0.0,0.0,0.0,0.0,0.0,0.0,0.0,0.0,0.0,0.0,0.0,0
57.0,2.0,28.0,281.0,21608.0,10785.0,10823.0,0.0,0.0,0.0,0.0,link,0.0,0.0,0.0,0.0,0.0,0.0,732.3123240000001,732.3123240000001,0.0,732.3123240000001,732.3123240000001,0.0,0
57.0,2.0,0.0,282.0,2000.0,1000.0,1000.0,0.0,0.0,0.0,6137.9063,link,0.0,0.0,0.0,0.0,0.0,0.0,732.3123240000001,732.3123240000001,0.0,732.3123240000001,732.3123240000001,0.0,0
58.0,2.0,28.0,283.0,2000.0,1000.0,1000.0,0.0,0.0,0.0,0.0,link,0.0,0.0,0.0,0.0,0.0,0.0,81.36803600000002,81.36803600000002,0.0,0.0,0.0,0.0,0
58.0,2.0,74.0,284.0,24584.837,23584.837,1000.0,870.8040686813999,870.8040686813999,0.0,3692.22,od,0.0,0.0,0.0,0.0,0.0,0.0,0.0,0.0,0.0,378.737,378.737,0.0,0
58.0,2.0,0.0,285.0,47233.66100000023,46233.66100000023,1000.0,0.0,0.0,0.0,3692.22,link,0.0,0.0,0.0,0.0,0.0,0.0,378.737,378.737,0.0,378.737,378.737,0.0,0
59.0,2.0,29.0,286.0,41763.642422810604,21836.3114479028,19927.3309749078,0.0,0.0,0.0,0.0,link,0.0,0.0,0.0,0.0,0.0,0.0,0.0,0.0,0.0,0.0,0.0,0.0,0
59.0,0.0,137.0,287.0,1000.0,1000.0,0.0,0.0,0.0,0.0,25939.7161,ra,0.0,0.0,0.0,0.0,0.0,0.0,0.0,0.0,0.0,0.0,0.0,0.0,0
59.0,1.0,138.0,288.0,1000.0,0.0,1000.0,0.0,0.0,0.0,26235.492,ra,0.0,0.0,-0.0,0.0,0.0,0.0,0.0,0.0,0.0,0.0,0.0,0.0,0
59.0,2.0,75.0,289.0,2000.0,1000.0,1000.0,0.0,0.0,0.0,27032.7505,od,0.0,0.0,0.0,0.0,0.0,0.0,0.0,0.0,0.0,0.0,0.0,0.0,0
59.0,2.0,0.0,290.0,2000.0,1000.0,1000.0,0.0,0.0,0.0,27032.7505,link,0.0,0.0,0.0,0.0,0.0,0.0,0.0,0.0,0.0,0.0,0.0,0.0,0
60.0,2.0,29.0,291.0,15204.99963875321,7325.99983936264,7878.99979939057,0.0,0.0,0.0,0.0,link,0.0,0.0,0.0,0.0,0.0,0.0,0.0,0.0,0.0,0.0,0.0,0.0,0
60.0,2.0,136.0,292.0,2000.0,1000.0,1000.0,0.0,0.0,0.0,10738.6316,ra,0.0,0.0,0.0,0.0,0.0,0.0,0.0,0.0,0.0,0.0,0.0,0.0,0
60.0,2.0,0.0,293.0,2000.0,1000.0,1000.0,0.0,0.0,0.0,22135.2935,link,0.0,0.0,0.0,0.0,0.0,0.0,0.0,0.0,0.0,0.0,0.0,0.0,0
