,fleet_id,charge_cap,batt_cap,d_spec,incoming,all_arrived,arrival_SOC
0,0,250.0,100.0,0.2,34523.0,True,0.312
1,1,250.0,100.0,0.2,775.0,True,0.35848798170873575
2,2,250.0,100.0,0.2,3436.0,True,0.29782193996468803
3,3,250.0,100.0,0.2,4.0,True,0.39721058802668685
4,4,250.0,100.0,0.2,3.0,True,0.3724411449775549
5,5,250.0,100.0,0.2,413.0,True,0.2762279655706436
6,6,250.0,100.0,0.2,2733.0,True,0.2686625039582415
7,7,250.0,100.0,0.2,58.0,True,0.3423795339525527
8,8,250.0,100.0,0.2,5.0,True,0.3489180092951137
9,9,250.0,100.0,0.2,33.0,True,0.3903008478646945
10,10,250.0,100.0,0.2,1.0,True,0.3970970414459437
11,11,250.0,100.0,0.2,1681.0,True,0.3887673771527942
12,12,250.0,100.0,0.2,1.0,True,0.3984948089390168
13,13,250.0,100.0,0.2,669.0,True,0.2907641251533267
14,14,250.0,100.0,0.2,7.0,True,0.21
15,15,250.0,100.0,0.2,56.0,True,0.36231451316827534
16,16,250.0,100.0,0.2,684.0,True,0.2907727370296583
17,17,250.0,100.0,0.2,1662.0,True,0.30284437493014427
18,18,250.0,100.0,0.2,872.0,True,0.3536380587138197
19,19,250.0,100.0,0.2,25.0,True,0.10667626427105756
20,20,250.0,100.0,0.2,349.0,True,0.3163867253992496
21,21,250.0,100.0,0.2,270.0,True,0.3005741575792812
22,22,250.0,100.0,0.2,1563.0,True,0.314732864860376
23,23,250.0,100.0,0.2,6.0,True,0.39893732579900415
24,24,250.0,100.0,0.2,2.0,True,0.39848968319328515
25,25,250.0,100.0,0.2,47.0,True,0.3858004372878627
26,26,250.0,100.0,0.2,6716.0,True,0.2962430062130925
27,27,250.0,100.0,0.2,182.0,True,0.30485603214707346
28,28,250.0,100.0,0.2,1.0,True,0.3945483319470995
29,29,250.0,100.0,0.2,62.0,True,0.3315583797515828
30,30,250.0,100.0,0.2,51.0,True,0.3983703975294785
31,31,250.0,100.0,0.2,2.0,True,0.39941079033637467
32,32,250.0,100.0,0.2,144.0,True,0.37423206197168535
33,33,250.0,100.0,0.2,84.0,True,0.3939331342628205
34,34,250.0,100.0,0.2,3291.0,True,0.2817162011700067
35,35,250.0,100.0,0.2,8.0,True,0.3930971647260457
36,36,250.0,100.0,0.2,11.0,True,0.360977464296527
37,37,250.0,100.0,0.2,557.0,True,0.32075119603382685
38,38,250.0,100.0,0.2,563.0,True,0.3566753218439293
39,39,250.0,100.0,0.2,736.0,True,0.28981027544808297
40,40,250.0,100.0,0.2,292.0,True,0.3650194783520454
41,41,250.0,100.0,0.2,17.0,True,0.3829334324273765
42,42,250.0,100.0,0.2,9393.0,True,0.3385775188644504
43,43,250.0,100.0,0.2,5961.0,True,0.31916252772812215
44,44,250.0,100.0,0.2,835.0,True,0.39199163255647756
45,45,250.0,100.0,0.2,8750.0,True,0.346008131979988
46,46,250.0,100.0,0.2,51.0,True,0.35337852328380964
47,47,250.0,100.0,0.2,190.0,True,0.3223144741568256
48,48,250.0,100.0,0.2,1.0,True,0.3992306417144546
49,49,250.0,100.0,0.2,3.0,True,0.3549320928347305
50,50,250.0,100.0,0.2,1647.0,True,0.3863296558817564
51,51,250.0,100.0,0.2,65.0,True,0.3592496647263283
52,52,250.0,100.0,0.2,353.0,True,0.28066202886366576
53,53,250.0,100.0,0.2,376.0,True,0.3944395613469819
54,54,250.0,100.0,0.2,5821.0,True,0.2902558738042272
55,55,250.0,100.0,0.2,747.0,True,0.3183028064278505
56,56,250.0,100.0,0.2,139.0,True,0.3268106931302422
57,57,250.0,100.0,0.2,3896.0,True,0.31821207322347717
58,58,250.0,100.0,0.2,25.0,True,0.2980285454402919
59,59,250.0,100.0,0.2,12.0,True,0.3991085898639463
60,60,250.0,100.0,0.2,4353.0,True,0.21696023882881782
61,61,250.0,100.0,0.2,302.0,True,0.3529190389913821
62,62,250.0,100.0,0.2,32.0,True,0.3988584250868083
63,63,250.0,100.0,0.2,2552.0,True,0.24680834307765306
64,64,250.0,100.0,0.2,149.0,True,0.3972749550337507
65,65,250.0,100.0,0.2,48.0,True,0.3974173077108783
66,66,250.0,100.0,0.2,1.0,True,0.31594935332368806
67,67,250.0,100.0,0.2,536.0,True,0.3990632187785958
68,68,250.0,100.0,0.2,2.0,True,0.38516977267857744
69,69,250.0,100.0,0.2,4.0,True,0.3844656631487004
70,70,250.0,100.0,0.2,193.0,True,0.3977206687476053
71,71,250.0,100.0,0.2,1233.0,True,0.3678867335167592
72,72,250.0,100.0,0.2,2.0,True,0.3750138323454154
73,73,250.0,100.0,0.2,7.0,True,0.3993963541604319
74,74,250.0,100.0,0.2,5.0,True,0.39824087995745344
75,75,250.0,100.0,0.2,6.0,True,0.3945171033056269
76,76,250.0,100.0,0.2,271.0,True,0.28428599151086636
77,77,250.0,100.0,0.2,637.0,True,0.3038824326471853
78,78,250.0,100.0,0.2,484.0,True,0.36988183232685323
79,79,250.0,100.0,0.2,4155.0,True,0.23702371506164294
80,80,250.0,100.0,0.2,1.0,True,0.39788024367107105
81,81,250.0,100.0,0.2,130.0,True,0.36105868996235796
82,82,250.0,100.0,0.2,27.0,True,0.3992816741673334
83,83,250.0,100.0,0.2,1.0,True,0.3964021030779405
84,84,250.0,100.0,0.2,1616.0,True,0.27160710827878065
85,85,250.0,100.0,0.2,25.0,True,0.3565666929247906
86,86,250.0,100.0,0.2,429.0,True,0.37871882339129725
87,87,250.0,100.0,0.2,1.0,True,0.3971968764911503
88,88,250.0,100.0,0.2,97.0,True,0.3987699645787311
89,89,250.0,100.0,0.2,36.0,True,0.39895309462906947
90,90,250.0,100.0,0.2,440.0,True,0.3751799664633338
91,91,250.0,100.0,0.2,2548.0,True,0.29270447120451926
92,92,250.0,100.0,0.2,220.0,True,0.3971393891823949
93,93,250.0,100.0,0.2,806.0,True,0.27751978347045037
94,94,250.0,100.0,0.2,1651.0,True,0.3540650694383497
95,95,250.0,100.0,0.2,2.0,True,0.37615540732058883
96,96,250.0,100.0,0.2,1.0,True,0.3761248671787186
97,97,250.0,100.0,0.2,1020.0,True,0.3965417752962763
98,98,250.0,100.0,0.2,233.0,True,0.33380645807142784
99,99,250.0,100.0,0.2,121.0,True,0.3024279952155751
100,100,250.0,100.0,0.2,279.0,True,0.39495387619693273
101,101,250.0,100.0,0.2,4.0,True,0.35295570178385666
102,102,250.0,100.0,0.2,46.0,True,0.36761931580747415
103,103,250.0,100.0,0.2,10.0,True,0.3992509009591548
104,104,250.0,100.0,0.2,20.0,True,0.3773282520631715
105,105,250.0,100.0,0.2,3.0,True,0.2859151217603732
106,106,250.0,100.0,0.2,3.0,True,0.39953452337065315
107,107,250.0,100.0,0.2,28.0,True,0.397709695839856
108,108,250.0,100.0,0.2,126.0,True,0.38987960731204924
109,109,250.0,100.0,0.2,12.0,True,0.3978056653492938
110,110,250.0,100.0,0.2,1246.0,True,0.3836474258496907
111,111,250.0,100.0,0.2,1451.0,True,0.32475630874152916
112,112,250.0,100.0,0.2,636.0,True,0.39634259936524696
113,113,250.0,100.0,0.2,408.0,True,0.29392067437435826
114,114,250.0,100.0,0.2,236.0,True,0.3954713183157316
115,115,250.0,100.0,0.2,90.0,True,0.38757131530606803
116,116,250.0,100.0,0.2,30.0,True,0.3976671064561092
117,117,250.0,100.0,0.2,707.0,True,0.3088569117579901
118,118,250.0,100.0,0.2,56.0,True,0.3110010924556061
119,119,250.0,100.0,0.2,14.0,True,0.3982314411048098
120,120,250.0,100.0,0.2,1.0,True,0.3958085337332295
121,121,250.0,100.0,0.2,22.0,True,0.3992060968517822
122,122,250.0,100.0,0.2,198.0,True,0.3717017966847811
123,123,250.0,100.0,0.2,75.0,True,0.3044285797269508
124,124,250.0,100.0,0.2,1.0,True,0.3713485690277635
125,125,250.0,100.0,0.2,23.0,True,0.3986866721894992
126,126,250.0,100.0,0.2,118.0,True,0.3987428533466389
127,127,250.0,100.0,0.2,32.0,True,0.39866708837559506
128,128,250.0,100.0,0.2,199.0,True,0.39375877891315264
129,129,250.0,100.0,0.2,87.0,True,0.39420940955133194
130,130,250.0,100.0,0.2,72.0,True,0.3989970032989127
131,131,250.0,100.0,0.2,232.0,True,0.39762253231719585
132,132,250.0,100.0,0.2,1200.0,True,0.3978353924119831
133,133,250.0,100.0,0.2,37.0,True,0.39370610719274707
134,134,250.0,100.0,0.2,13.0,True,0.30976158116608354
135,135,250.0,100.0,0.2,12.0,True,0.39881755056479645
136,136,250.0,100.0,0.2,1003.0,True,0.3451142740530131
137,137,250.0,100.0,0.2,5.0,True,0.3242649723270433
138,138,250.0,100.0,0.2,36.0,True,0.39792845595755494
139,139,250.0,100.0,0.2,9.0,True,0.37639087976635344
140,140,250.0,100.0,0.2,230.0,True,0.38033338155774404
141,141,250.0,100.0,0.2,331.0,True,0.3936874623522619
142,142,250.0,100.0,0.2,20.0,True,0.33014449539584934
143,143,250.0,100.0,0.2,101.0,True,0.3990164550170166
144,144,250.0,100.0,0.2,65.0,True,0.37509239567886615
145,145,250.0,100.0,0.2,7.0,True,0.39806113014244227
146,146,250.0,100.0,0.2,25.0,True,0.3774798808635322
147,147,250.0,100.0,0.2,222.0,True,0.3634269672338996
148,148,250.0,100.0,0.2,425.0,True,0.3952875695383567
149,149,250.0,100.0,0.2,21.0,True,0.3792423862672964
150,150,250.0,100.0,0.2,86.0,True,0.39860803883388957
151,151,250.0,100.0,0.2,235.0,True,0.34013115254879206
152,152,250.0,100.0,0.2,709.0,True,0.31953155223324664
153,153,250.0,100.0,0.2,9.0,True,0.39918889185222045
154,154,250.0,100.0,0.2,102.0,True,0.37619313763827045
155,155,250.0,100.0,0.2,904.0,True,0.3595860040396566
156,156,250.0,100.0,0.2,801.0,True,0.34466024002939527
157,157,250.0,100.0,0.2,1.0,True,0.3989744589512079
158,158,250.0,100.0,0.2,71.0,True,0.398677227727458
159,159,250.0,100.0,0.2,38.0,True,0.396335284797401
160,160,250.0,100.0,0.2,580.0,True,0.27123927533620473
161,161,250.0,100.0,0.2,349.0,True,0.37311978258234463
162,162,250.0,100.0,0.2,942.0,True,0.37151234024006224
163,163,250.0,100.0,0.2,127.0,True,0.3759284594340399
164,164,250.0,100.0,0.2,19.0,True,0.39912031276578586
165,165,250.0,100.0,0.2,51.0,True,0.3984862424104316
166,166,250.0,100.0,0.2,3996.0,True,0.3929165748765874
167,167,250.0,100.0,0.2,11.0,True,0.37419567215191746
168,168,250.0,100.0,0.2,11.0,True,0.39779917805346326
169,169,250.0,100.0,0.2,12.0,True,0.36759460662227894
170,170,250.0,100.0,0.2,329.0,True,0.2889874569258437
171,171,250.0,100.0,0.2,19.0,True,0.3981796472641568
172,172,250.0,100.0,0.2,42.0,True,0.3988981831053723
173,173,250.0,100.0,0.2,70.0,True,0.39826633393118255
174,174,250.0,100.0,0.2,8.0,True,0.39899730395668237
175,175,250.0,100.0,0.2,376.0,True,0.3803563548797719
176,176,250.0,100.0,0.2,70.0,True,0.3991955550045492
177,177,250.0,100.0,0.2,58.0,True,0.34374910961696026
178,178,250.0,100.0,0.2,10.0,True,0.3200808480707452
179,179,250.0,100.0,0.2,181.0,True,0.323661418784961
180,180,250.0,100.0,0.2,106.0,True,0.3858057458152216
181,181,250.0,100.0,0.2,165.0,True,0.35566478104869226
182,182,250.0,100.0,0.2,21.0,True,0.3769548595212059
183,183,250.0,100.0,0.2,267.0,True,0.3788939816101306
184,184,250.0,100.0,0.2,11.0,True,0.39919570979654984
185,185,250.0,100.0,0.2,46.0,True,0.35395489701327826
186,186,250.0,100.0,0.2,54.0,True,0.378959151045263
187,187,250.0,100.0,0.2,1896.0,True,0.3840914238332214
188,188,250.0,100.0,0.2,150.0,True,0.37764294782056607
189,189,250.0,100.0,0.2,14.0,True,0.39928183421217417
190,190,250.0,100.0,0.2,23.0,True,0.3770552989725245
191,191,250.0,100.0,0.2,747.0,True,0.364011338435632
192,192,250.0,100.0,0.2,76.0,True,0.36083680433822424
193,193,250.0,100.0,0.2,30.0,True,0.39825714446959415
194,194,250.0,100.0,0.2,6.0,True,0.39924397972267367
195,195,250.0,100.0,0.2,18.0,True,0.3712847447763078
196,196,250.0,100.0,0.2,108.0,True,0.39826355973040967
197,197,250.0,100.0,0.2,20.0,True,0.3980698467119803
198,198,250.0,100.0,0.2,3.0,True,0.39902423566459
199,199,250.0,100.0,0.2,6.0,True,0.39884169428463323
200,200,250.0,100.0,0.2,27.0,True,0.3278031758830616
201,201,250.0,100.0,0.2,212.0,True,0.3977146520327669
202,202,250.0,100.0,0.2,117.0,True,0.3144634701686275
203,203,250.0,100.0,0.2,404.0,True,0.3400390955126001
204,204,250.0,100.0,0.2,8618.0,True,0.3215104210968297
205,205,250.0,100.0,0.2,246.0,True,0.3971041854150061
206,206,250.0,100.0,0.2,19.0,True,0.371168737851334
207,207,250.0,100.0,0.2,21.0,True,0.39921516265080803
208,208,250.0,100.0,0.2,72.0,True,0.3767559896408461
209,209,250.0,100.0,0.2,151.0,True,0.3597462412650228
210,210,250.0,100.0,0.2,3.0,True,0.37703921547272357
211,211,250.0,100.0,0.2,14.0,True,0.3773859411680515
212,212,250.0,100.0,0.2,32.0,True,0.3863154789209014
213,213,250.0,100.0,0.2,93.0,True,0.39792133605707014
214,214,250.0,100.0,0.2,147.0,True,0.376196680725649
215,215,250.0,100.0,0.2,13.0,True,0.36650903276406366
216,216,250.0,100.0,0.2,70.0,True,0.3965241590433473
217,217,250.0,100.0,0.2,95.0,True,0.39712673605674104
218,218,250.0,100.0,0.2,45.0,True,0.3943390685093744
219,219,250.0,100.0,0.2,94.0,True,0.3990565738823956
220,220,250.0,100.0,0.2,491.0,True,0.35684628349821407
221,221,250.0,100.0,0.2,29.0,True,0.3839733339745995
222,222,250.0,100.0,0.2,9.0,True,0.39854035698235046
223,223,250.0,100.0,0.2,11.0,True,0.39342446976779405
224,224,250.0,100.0,0.2,139.0,True,0.3331969356271981
225,225,250.0,100.0,0.2,669.0,True,0.34190836040312206
226,226,250.0,100.0,0.2,173.0,True,0.37639768376494737
227,227,250.0,100.0,0.2,5979.0,True,0.315074791993243
228,228,250.0,100.0,0.2,12.0,True,0.36375925603297715
229,229,250.0,100.0,0.2,48.0,True,0.318135541791795
230,230,250.0,100.0,0.2,2911.0,True,0.37632001030666323
231,231,250.0,100.0,0.2,75.0,True,0.37718526040587746
232,232,250.0,100.0,0.2,39.0,True,0.3326266062119077
233,233,250.0,100.0,0.2,12.0,True,0.37766839815339237
234,234,250.0,100.0,0.2,68.0,True,0.39905264380482525
235,235,250.0,100.0,0.2,12.0,True,0.39962540535478147
236,236,250.0,100.0,0.2,32.0,True,0.39886434888360167
237,237,250.0,100.0,0.2,24.0,True,0.3989873928104524
238,238,250.0,100.0,0.2,36.0,True,0.3976119336007195
239,239,250.0,100.0,0.2,20.0,True,0.39207043136009295
240,240,250.0,100.0,0.2,864.0,True,0.38057202822900765
241,241,250.0,100.0,0.2,65.0,True,0.3059608007622107
242,242,250.0,100.0,0.2,360.0,True,0.39781484804407163
243,243,250.0,100.0,0.2,28.0,True,0.35509451275332576
244,244,250.0,100.0,0.2,6.0,True,0.39089590585936307
245,245,250.0,100.0,0.2,90.0,True,0.34754914225750405
246,246,250.0,100.0,0.2,87.0,True,0.39629631614550787
247,247,250.0,100.0,0.2,3.0,True,0.399101962711032
248,248,250.0,100.0,0.2,9.0,True,0.39894117147601277
249,249,250.0,100.0,0.2,117.0,True,0.29871411353204225
250,250,250.0,100.0,0.2,31.0,True,0.39858347389629123
251,251,250.0,100.0,0.2,112.0,True,0.3571497670821063
252,252,250.0,100.0,0.2,128.0,True,0.37023025814995386
253,253,250.0,100.0,0.2,63.0,True,0.39706512843851266
254,254,250.0,100.0,0.2,26.0,True,0.3980226727289342
255,255,250.0,100.0,0.2,2.0,True,0.3952637447438425
256,256,250.0,100.0,0.2,19.0,True,0.3208784693911098
257,257,250.0,100.0,0.2,75.0,True,0.39812558906776707
258,258,250.0,100.0,0.2,216.0,True,0.35529974029357275
259,259,250.0,100.0,0.2,212.0,True,0.32420315731095684
260,260,250.0,100.0,0.2,133.0,True,0.3920820629581944
261,261,250.0,100.0,0.2,6.0,True,0.3969147301666825
262,262,250.0,100.0,0.2,13.0,True,0.39929276275499903
263,263,250.0,100.0,0.2,8927.0,True,0.3201575698224595
264,264,250.0,100.0,0.2,37.0,True,0.36753344178893715
265,265,250.0,100.0,0.2,23.0,True,0.37744046026872285
266,266,250.0,100.0,0.2,175.0,True,0.37695683521670753
267,267,250.0,100.0,0.2,19.0,True,0.3990229138355574
268,268,250.0,100.0,0.2,214.0,True,0.3982176789016763
269,269,250.0,100.0,0.2,68.0,True,0.39734107954940917
270,270,250.0,100.0,0.2,110.0,True,0.3639191880724435
271,271,250.0,100.0,0.2,662.0,True,0.30994502498148274
272,272,250.0,100.0,0.2,9.0,True,0.39622914622005706
273,273,250.0,100.0,0.2,36587.0,True,0.29760288889972
274,274,250.0,100.0,0.2,35.0,True,0.3902255662385441
275,275,250.0,100.0,0.2,839.0,True,0.3263292959917834
276,276,250.0,100.0,0.2,101.0,True,0.3955059233360893
277,277,250.0,100.0,0.2,47.0,True,0.39880934675642465
278,278,250.0,100.0,0.2,75.0,True,0.33294475001390633
279,279,250.0,100.0,0.2,1.0,True,0.3689009880870545
280,280,250.0,100.0,0.2,93.0,True,0.3783560709728778
281,281,250.0,100.0,0.2,22.0,True,0.39819613650035596
282,282,250.0,100.0,0.2,385.0,True,0.3174606398662968
283,283,250.0,100.0,0.2,14.0,True,0.3992923084801686
284,284,250.0,100.0,0.2,9.0,True,0.3773483579888188
285,285,250.0,100.0,0.2,2580.0,True,0.2923745988582542
286,286,250.0,100.0,0.2,55.0,True,0.36122227706137927
287,287,250.0,100.0,0.2,103.0,True,0.3987592555259913
288,288,250.0,100.0,0.2,1.0,True,0.35067218175803305
289,289,250.0,100.0,0.2,416.0,True,0.3280967270557737
290,290,250.0,100.0,0.2,201.0,True,0.3877466479058498
291,291,250.0,100.0,0.2,182.0,True,0.3996514816883907
292,292,250.0,100.0,0.2,3.0,True,0.3764724390209564
293,293,250.0,100.0,0.2,64.0,True,0.3933897157302749
294,294,250.0,100.0,0.2,432.0,True,0.39412102285366657
295,295,250.0,100.0,0.2,65.0,True,0.3982634505335615
296,296,250.0,100.0,0.2,183.0,True,0.3387313604624181
297,297,250.0,100.0,0.2,23.0,True,0.3990731314024248
298,298,250.0,100.0,0.2,94.0,True,0.3661793057960455
299,299,250.0,100.0,0.2,10.0,True,0.39907916548542166
300,300,250.0,100.0,0.2,21.0,True,0.37699250069058277
301,301,250.0,100.0,0.2,2063.0,True,0.32679681515541653
302,302,250.0,100.0,0.2,278.0,True,0.38771613320946297
303,303,250.0,100.0,0.2,80.0,True,0.3252828557989702
304,304,250.0,100.0,0.2,29.0,True,0.35301940946148086
305,305,250.0,100.0,0.2,3.0,True,0.3986881510940929
306,306,250.0,100.0,0.2,1999.0,True,0.393956199113834
307,307,250.0,100.0,0.2,38.0,True,0.34882777936901826
308,308,250.0,100.0,0.2,148.0,True,0.3599161577225627
309,309,250.0,100.0,0.2,200.0,True,0.291917657931108
310,310,250.0,100.0,0.2,10.0,True,0.3888168558935679
311,311,250.0,100.0,0.2,28.0,True,0.3975825762638505
312,312,250.0,100.0,0.2,3785.0,True,0.3816120232214134
313,313,250.0,100.0,0.2,95.0,True,0.33302711297444826
314,314,250.0,100.0,0.2,54.0,True,0.3984274652009636
315,315,250.0,100.0,0.2,84.0,True,0.3438141301493394
316,316,250.0,100.0,0.2,28.0,True,0.39861590557416665
317,317,250.0,100.0,0.2,24.0,True,0.38737979269854955
318,318,250.0,100.0,0.2,23.0,True,0.39640742215624647
319,319,250.0,100.0,0.2,35.0,True,0.3530027695163065
320,320,250.0,100.0,0.2,50.0,True,0.39864658598428593
321,321,250.0,100.0,0.2,36.0,True,0.38262488147480644
322,322,250.0,100.0,0.2,141.0,True,0.39953036823954297
323,323,250.0,100.0,0.2,78.0,True,0.39727830152533855
324,324,250.0,100.0,0.2,43.0,True,0.3771841600261897
325,325,250.0,100.0,0.2,141.0,True,0.3797362202006415
326,326,250.0,100.0,0.2,68.0,True,0.3971359471905283
327,327,250.0,100.0,0.2,16.0,True,0.37722663083069835
328,328,250.0,100.0,0.2,22.0,True,0.39928174482684925
329,329,250.0,100.0,0.2,11.0,True,0.39834878637905335
330,330,250.0,100.0,0.2,100.0,True,0.39960312189605235
331,331,250.0,100.0,0.2,144.0,True,0.32973853186081264
332,332,250.0,100.0,0.2,569.0,True,0.32255900170099105
333,333,250.0,100.0,0.2,10.0,True,0.399271746536314
334,334,250.0,100.0,0.2,126.0,True,0.3589765420997125
335,335,250.0,100.0,0.2,47.0,True,0.39839937624814703
336,336,250.0,100.0,0.2,11.0,True,0.3768702933227368
337,337,250.0,100.0,0.2,763.0,True,0.2621942429148907
338,338,250.0,100.0,0.2,22.0,True,0.3706952376959983
339,339,250.0,100.0,0.2,65.0,True,0.39914793663582326
340,340,250.0,100.0,0.2,37.0,True,0.35445398241071496
341,341,250.0,100.0,0.2,13.0,True,0.3989718110172066
342,342,250.0,100.0,0.2,90.0,True,0.39828330698384257
343,343,250.0,100.0,0.2,34.0,True,0.3526845713211481
344,344,250.0,100.0,0.2,61.0,True,0.376300481781978
345,345,250.0,100.0,0.2,27.0,True,0.37690627304947416
346,346,250.0,100.0,0.2,9.0,True,0.39741887273165066
347,347,250.0,100.0,0.2,166.0,True,0.3971523738190658
348,348,250.0,100.0,0.2,116.0,True,0.36238602616304083
349,349,250.0,100.0,0.2,191.0,True,0.3630444358072785
350,350,250.0,100.0,0.2,5.0,True,0.37613163438614017
351,351,250.0,100.0,0.2,3202.0,True,0.337846848524661
352,352,250.0,100.0,0.2,215.0,True,0.36720906978824913
353,353,250.0,100.0,0.2,188.0,True,0.3891241336765943
354,354,250.0,100.0,0.2,19.0,True,0.3932614721399681
355,355,250.0,100.0,0.2,12.0,True,0.377501203532426
356,356,250.0,100.0,0.2,918.0,True,0.30689175086097403
357,357,250.0,100.0,0.2,38.0,True,0.3081869527150586
358,358,250.0,100.0,0.2,38.0,True,0.3986248846185156
359,359,250.0,100.0,0.2,8.0,True,0.37593127446009367
360,360,250.0,100.0,0.2,2.0,True,0.39675439147075325
361,361,250.0,100.0,0.2,30.0,True,0.301105317575421
362,362,250.0,100.0,0.2,156.0,True,0.3983612266335741
363,363,250.0,100.0,0.2,466.0,True,0.39363998744807066
364,364,250.0,100.0,0.2,43.0,True,0.39605217569456486
365,365,250.0,100.0,0.2,315.0,True,0.3963976523189661
366,366,250.0,100.0,0.2,18.0,True,0.34966751747549624
367,367,250.0,100.0,0.2,139.0,True,0.3409197236855504
368,368,250.0,100.0,0.2,27.0,True,0.3767868985566449
369,369,250.0,100.0,0.2,96.0,True,0.35318081251073563
370,370,250.0,100.0,0.2,14.0,True,0.3774566612093542
371,371,250.0,100.0,0.2,126.0,True,0.37219843603317493
372,372,250.0,100.0,0.2,11.0,True,0.39917926446842955
373,373,250.0,100.0,0.2,100.0,True,0.3473294703636874
374,374,250.0,100.0,0.2,1.0,True,0.39952130178342
375,375,250.0,100.0,0.2,48.0,True,0.3524740600865283
376,376,250.0,100.0,0.2,190.0,True,0.3465048938880189
377,377,250.0,100.0,0.2,12.0,True,0.39898604749134114
378,378,250.0,100.0,0.2,121.0,True,0.39707861677104694
379,379,250.0,100.0,0.2,1449.0,True,0.31493438650647543
380,380,250.0,100.0,0.2,60.0,True,0.3980730975948556
381,381,250.0,100.0,0.2,93.0,True,0.3960958435322119
382,382,250.0,100.0,0.2,37.0,True,0.34526294865651713
383,383,250.0,100.0,0.2,2981.0,True,0.34325369284746193
384,384,250.0,100.0,0.2,45.0,True,0.3984668502720213
385,385,250.0,100.0,0.2,11.0,True,0.39923536261870946
386,386,250.0,100.0,0.2,34.0,True,0.3833122874160219
387,387,250.0,100.0,0.2,11.0,True,0.3993316573359914
388,388,250.0,100.0,0.2,283.0,True,0.37312196674688963
389,389,250.0,100.0,0.2,297.0,True,0.39872926883980775
390,390,250.0,100.0,0.2,36.0,True,0.39869778508522496
391,391,250.0,100.0,0.2,67.0,True,0.39828697929824264
392,392,250.0,100.0,0.2,85.0,True,0.3984635595140479
393,393,250.0,100.0,0.2,30.0,True,0.3982668064113744
394,394,250.0,100.0,0.2,125.0,True,0.38820855764249923
395,395,250.0,100.0,0.2,29.0,True,0.39295419938202447
396,396,250.0,100.0,0.2,319.0,True,0.3579856329057106
397,397,250.0,100.0,0.2,357.0,True,0.3967094406305636
398,398,250.0,100.0,0.2,18.0,True,0.399195151140252
399,399,250.0,100.0,0.2,2.0,True,0.3985855651169776
400,400,250.0,100.0,0.2,5.0,True,0.39876015733577247
401,401,250.0,100.0,0.2,1.0,True,0.3775335455181579
402,402,250.0,100.0,0.2,4.0,True,0.39917260535900045
403,403,250.0,100.0,0.2,42.0,True,0.3884472419818776
404,404,250.0,100.0,0.2,986.0,True,0.37150050154292463
405,405,250.0,100.0,0.2,506.0,True,0.3779666164075203
406,406,250.0,100.0,0.2,46.0,True,0.3600422299590996
407,407,250.0,100.0,0.2,92.0,True,0.39834188201182635
408,408,250.0,100.0,0.2,9.0,True,0.397574973340454
409,409,250.0,100.0,0.2,4.0,True,0.39776028252308515
410,410,250.0,100.0,0.2,3134.0,True,0.3224064122111733
411,411,250.0,100.0,0.2,247.0,True,0.3965880393003688
412,412,250.0,100.0,0.2,8.0,True,0.3662620247317603
413,413,250.0,100.0,0.2,4.0,True,0.39911277350548696
414,414,250.0,100.0,0.2,7.0,True,0.39897291309301414
415,415,250.0,100.0,0.2,31.0,True,0.36141085440124937
416,416,250.0,100.0,0.2,2.0,True,0.3993366734365183
417,417,250.0,100.0,0.2,24.0,True,0.37729950724445455
418,418,250.0,100.0,0.2,22.0,True,0.39670895764078257
419,419,250.0,100.0,0.2,27.0,True,0.3993934544272476
420,420,250.0,100.0,0.2,14.0,True,0.37358039204639304
421,421,250.0,100.0,0.2,141.0,True,0.3807449599411026
422,422,250.0,100.0,0.2,41.0,True,0.39677721633936613
423,423,250.0,100.0,0.2,76.0,True,0.39898504444160265
424,424,250.0,100.0,0.2,66.0,True,0.34655825982613736
425,425,250.0,100.0,0.2,174.0,True,0.3974291030905154
426,426,250.0,100.0,0.2,15.0,True,0.37227509217694055
427,427,250.0,100.0,0.2,153.0,True,0.3920467923178238
428,428,250.0,100.0,0.2,2865.0,True,0.32311487685841034
429,429,250.0,100.0,0.2,28.0,True,0.3948340214417302
430,430,250.0,100.0,0.2,28.0,True,0.39920140834221635
431,431,250.0,100.0,0.2,139.0,True,0.3550243431120929
432,432,250.0,100.0,0.2,647.0,True,0.3892151638678602
433,433,250.0,100.0,0.2,55.0,True,0.398963813139447
434,434,250.0,100.0,0.2,36.0,True,0.39874424558170835
435,435,250.0,100.0,0.2,45.0,True,0.3969634739998381
436,436,250.0,100.0,0.2,36.0,True,0.3984497981139351
437,437,250.0,100.0,0.2,6.0,True,0.39776765704115413
438,438,250.0,100.0,0.2,58.0,True,0.3944300090526588
439,439,250.0,100.0,0.2,97.0,True,0.3771144473256717
440,440,250.0,100.0,0.2,1318.0,True,0.3937932860343184
441,441,250.0,100.0,0.2,116.0,True,0.39095423123897044
442,442,250.0,100.0,0.2,40.0,True,0.3976045638948301
443,443,250.0,100.0,0.2,38.0,True,0.3974429449780353
444,444,250.0,100.0,0.2,91.0,True,0.3989286894003653
445,445,250.0,100.0,0.2,134.0,True,0.3447510497095936
446,446,250.0,100.0,0.2,734.0,True,0.3271219850479071
447,447,250.0,100.0,0.2,23.0,True,0.37147168996960106
448,448,250.0,100.0,0.2,22.0,True,0.3988896298770731
449,449,250.0,100.0,0.2,29.0,True,0.37671194934629715
450,450,250.0,100.0,0.2,24.0,True,0.30889037067302716
451,451,250.0,100.0,0.2,275.0,True,0.3947143366716564
452,452,250.0,100.0,0.2,20.0,True,0.3981061576289861
453,453,250.0,100.0,0.2,43.0,True,0.39842128748759936
454,454,250.0,100.0,0.2,1.0,True,0.3720777231871285
455,455,250.0,100.0,0.2,52.0,True,0.37950188041115274
456,456,250.0,100.0,0.2,113.0,True,0.380022631111405
457,457,250.0,100.0,0.2,92.0,True,0.3812420580523757
458,458,250.0,100.0,0.2,11.0,True,0.377463369745148
459,459,250.0,100.0,0.2,7.0,True,0.398409731879166
460,460,250.0,100.0,0.2,6.0,True,0.3995021068526024
461,461,250.0,100.0,0.2,23.0,True,0.37385056668073025
462,462,250.0,100.0,0.2,17.0,True,0.34921829040623825
463,463,250.0,100.0,0.2,8.0,True,0.37484039574764283
464,464,250.0,100.0,0.2,10.0,True,0.3988172736235986
465,465,250.0,100.0,0.2,14.0,True,0.3975544797515764
466,466,250.0,100.0,0.2,26.0,True,0.39856858552092944
467,467,250.0,100.0,0.2,5.0,True,0.3986546529002578
468,468,250.0,100.0,0.2,20.0,True,0.38143431581509485
469,469,250.0,100.0,0.2,8.0,True,0.39848249063326635
470,470,250.0,100.0,0.2,145.0,True,0.35692060969623773
471,471,250.0,100.0,0.2,11.0,True,0.3991658491477234
472,472,250.0,100.0,0.2,22.0,True,0.3793104084182109
473,473,250.0,100.0,0.2,10.0,True,0.3991552130253936
474,474,250.0,100.0,0.2,1068.0,True,0.3034568824410498
475,475,250.0,100.0,0.2,21.0,True,0.3200379369909497
476,476,250.0,100.0,0.2,41.0,True,0.39834303331804444
477,477,250.0,100.0,0.2,40.0,True,0.3938149015311247
478,478,250.0,100.0,0.2,9.0,True,0.37667824041318415
479,479,250.0,100.0,0.2,2036.0,True,0.3790867356883422
480,480,250.0,100.0,0.2,29.0,True,0.39852861604160433
481,481,250.0,100.0,0.2,10.0,True,0.37937610479574857
482,482,250.0,100.0,0.2,49.0,True,0.38716561007904204
483,483,250.0,100.0,0.2,35.0,True,0.3958836668578846
484,484,250.0,100.0,0.2,9.0,True,0.39943008710291034
485,485,250.0,100.0,0.2,16.0,True,0.39894090341045796
486,486,250.0,100.0,0.2,10.0,True,0.39921461178333034
487,487,250.0,100.0,0.2,12.0,True,0.37747444103981137
488,488,250.0,100.0,0.2,4.0,True,0.3741562882397124
489,489,250.0,100.0,0.2,527.0,True,0.3413533315134806
490,490,250.0,100.0,0.2,331.0,True,0.39426130007486454
491,491,250.0,100.0,0.2,1.0,True,0.3994126585502995
492,492,250.0,100.0,0.2,65.0,True,0.3993160529518918
493,493,250.0,100.0,0.2,280.0,True,0.39938898485912594
494,494,250.0,100.0,0.2,27.0,True,0.39777614691686136
495,495,250.0,100.0,0.2,6.0,True,0.399439306988413
496,496,250.0,100.0,0.2,52.0,True,0.3967073816378635
497,497,250.0,100.0,0.2,58.0,True,0.3975673783388938
498,498,250.0,100.0,0.2,57.0,True,0.38269873885455696
499,499,250.0,100.0,0.2,307.0,True,0.3922250859154035
500,500,250.0,100.0,0.2,14.0,True,0.39890127161303124
501,501,250.0,100.0,0.2,18.0,True,0.3975207930665994
502,502,250.0,100.0,0.2,88.0,True,0.38694054305873554
503,503,250.0,100.0,0.2,42.0,True,0.37168312141697524
504,504,250.0,100.0,0.2,2897.0,True,0.34564555618730664
505,505,250.0,100.0,0.2,636.0,True,0.38689433475357726
506,506,250.0,100.0,0.2,7.0,True,0.39898692795360524
507,507,250.0,100.0,0.2,9.0,True,0.39926234648580555
508,508,250.0,100.0,0.2,14.0,True,0.3648495007852365
509,509,250.0,100.0,0.2,25.0,True,0.3548262825157534
510,510,250.0,100.0,0.2,8.0,True,0.39927844578005467
511,511,250.0,100.0,0.2,2114.0,True,0.32363632031745476
512,512,250.0,100.0,0.2,11.0,True,0.3990440423167604
513,513,250.0,100.0,0.2,35.0,True,0.39219289299221005
514,514,250.0,100.0,0.2,50.0,True,0.3989641923904525
515,515,250.0,100.0,0.2,10.0,True,0.39925269853802126
516,516,250.0,100.0,0.2,2463.0,True,0.2992884671032441
517,517,250.0,100.0,0.2,63.0,True,0.39833682274679394
518,518,250.0,100.0,0.2,16.0,True,0.39863360484079485
519,519,250.0,100.0,0.2,3.0,True,0.3958475515207356
520,520,250.0,100.0,0.2,16.0,True,0.37513681033506924
521,521,250.0,100.0,0.2,21.0,True,0.3991812059382107
522,522,250.0,100.0,0.2,16.0,True,0.39781920166364376
523,523,250.0,100.0,0.2,10.0,True,0.3993262609185685
524,524,250.0,100.0,0.2,7.0,True,0.3824965264790356
525,525,250.0,100.0,0.2,25.0,True,0.3983094867001153
526,526,250.0,100.0,0.2,526.0,True,0.3819416049526499
527,527,250.0,100.0,0.2,20.0,True,0.3760301952113087
528,528,250.0,100.0,0.2,4.0,True,0.3949702597730079
529,529,250.0,100.0,0.2,18.0,True,0.39807622294413825
530,530,250.0,100.0,0.2,14.0,True,0.3991876338668139
531,531,250.0,100.0,0.2,64.0,True,0.3990370407325833
532,532,250.0,100.0,0.2,601.0,True,0.3344613552131237
533,533,250.0,100.0,0.2,11.0,True,0.3887062114076497
534,534,250.0,100.0,0.2,89.0,True,0.3862055702435049
535,535,250.0,100.0,0.2,169.0,True,0.39803755610354413
536,536,250.0,100.0,0.2,2131.0,True,0.262008002455145
537,537,250.0,100.0,0.2,25.0,True,0.39923623663010394
538,538,250.0,100.0,0.2,26.0,True,0.39880303716748855
539,539,250.0,100.0,0.2,6.0,True,0.39844824327320655
540,540,250.0,100.0,0.2,14.0,True,0.3994103126275102
541,541,250.0,100.0,0.2,4.0,True,0.37983060202687036
542,542,250.0,100.0,0.2,389.0,True,0.3697358321713287
543,543,250.0,100.0,0.2,4.0,True,0.39942630164899945
544,544,250.0,100.0,0.2,6.0,True,0.37701978369165245
545,545,250.0,100.0,0.2,22.0,True,0.39915525200215846
546,546,250.0,100.0,0.2,24.0,True,0.3836198354538132
547,547,250.0,100.0,0.2,9.0,True,0.3976294471217913
548,548,250.0,100.0,0.2,15.0,True,0.3549087412333142
549,549,250.0,100.0,0.2,61.0,True,0.32200364518838986
550,550,250.0,100.0,0.2,801.0,True,0.32897396755580827
551,551,250.0,100.0,0.2,41.0,True,0.3946058831910601
552,552,250.0,100.0,0.2,9.0,True,0.39826784592489667
553,553,250.0,100.0,0.2,8.0,True,0.3981207470537517
554,554,250.0,100.0,0.2,11.0,True,0.36772583321059277
555,555,250.0,100.0,0.2,1292.0,True,0.29798968034375145
556,556,250.0,100.0,0.2,27.0,True,0.34309952728330406
557,557,250.0,100.0,0.2,7.0,True,0.39856169409234865
558,558,250.0,100.0,0.2,11.0,True,0.37208729732447277
559,559,250.0,100.0,0.2,84.0,True,0.396464884653089
560,560,250.0,100.0,0.2,33.0,True,0.3935224486788273
561,561,250.0,100.0,0.2,20.0,True,0.3898643891808638
562,562,250.0,100.0,0.2,15.0,True,0.39910064163817827
563,563,250.0,100.0,0.2,8.0,True,0.3766726082792989
564,564,250.0,100.0,0.2,9.0,True,0.39896576259114047
565,565,250.0,100.0,0.2,2988.0,True,0.319716610064444
566,566,250.0,100.0,0.2,3.0,True,0.3916879438459884
567,567,250.0,100.0,0.2,55.0,True,0.39534307943277136
568,568,250.0,100.0,0.2,17.0,True,0.3636390087277791
569,569,250.0,100.0,0.2,10.0,True,0.3672342803888683
570,570,250.0,100.0,0.2,9.0,True,0.3698361410999779
571,571,250.0,100.0,0.2,2354.0,True,0.28671302275995947
572,572,250.0,100.0,0.2,10.0,True,0.37926188319137666
573,573,250.0,100.0,0.2,15.0,True,0.355180908612247
574,574,250.0,100.0,0.2,13.0,True,0.3928159408423762
575,575,250.0,100.0,0.2,203.0,True,0.061795643098987454
576,576,250.0,100.0,0.2,22.0,True,0.3988946636239264
577,577,250.0,100.0,0.2,2.0,True,0.3995203007481933
578,578,250.0,100.0,0.2,2.0,True,0.39929203361366056
579,579,250.0,100.0,0.2,5.0,True,0.37665870398197865
580,580,250.0,100.0,0.2,4.0,True,0.39941198525574223
581,581,250.0,100.0,0.2,11.0,True,0.39853213266658993
582,582,250.0,100.0,0.2,74.0,True,0.3955646387075704
583,583,250.0,100.0,0.2,42.0,True,0.3984328680396697
584,584,250.0,100.0,0.2,11.0,True,0.39926118721925963
585,585,250.0,100.0,0.2,5.0,True,0.3979745575303165
586,586,250.0,100.0,0.2,13.0,True,0.3812439094226006
587,587,250.0,100.0,0.2,19.0,True,0.38801132545877265
588,588,250.0,100.0,0.2,15.0,True,0.3982602605618124
589,589,250.0,100.0,0.2,6.0,True,0.38062844143882046
590,590,250.0,100.0,0.2,4.0,True,0.3993191368744584
591,591,250.0,100.0,0.2,26.0,True,0.3428118412141609
592,592,250.0,100.0,0.2,8.0,True,0.3982422522270308
593,593,250.0,100.0,0.2,3.0,True,0.39873819082712214
594,594,250.0,100.0,0.2,164.0,True,0.3907288097782399
595,595,250.0,100.0,0.2,449.0,True,0.3304262987396033
596,596,250.0,100.0,0.2,3.0,True,0.35484669811181235
597,597,250.0,100.0,0.2,5.0,True,0.3977036502034697
598,598,250.0,100.0,0.2,5.0,True,0.38112575902205664
599,599,250.0,100.0,0.2,8.0,True,0.39879399120495296
600,600,250.0,100.0,0.2,5.0,True,0.395042907869246
601,601,250.0,100.0,0.2,7.0,True,0.3865230754069861
602,602,250.0,100.0,0.2,13.0,True,0.39879925817087075
603,603,250.0,100.0,0.2,90.0,True,0.38860062421351915
604,604,250.0,100.0,0.2,16.0,True,0.38026532224803805
605,605,250.0,100.0,0.2,1.0,True,0.39661774491840274
606,606,250.0,100.0,0.2,3.0,True,0.3991186249565528
607,607,250.0,100.0,0.2,3.0,True,0.38963448324974675
608,608,250.0,100.0,0.2,4.0,True,0.3866545933932348
609,609,250.0,100.0,0.2,73.0,True,0.3896592957131656
610,610,250.0,100.0,0.2,3.0,True,0.3991797993434436
611,611,250.0,100.0,0.2,14.0,True,0.3986752015470221
612,612,250.0,100.0,0.2,4.0,True,0.39893337625510544
613,613,250.0,100.0,0.2,40.0,True,0.3795850795308855
614,614,250.0,100.0,0.2,2.0,True,0.39936361544594334
615,615,250.0,100.0,0.2,13.0,True,0.3737830708416103
616,616,250.0,100.0,0.2,2.0,True,0.39930771510845287
617,617,250.0,100.0,0.2,187.0,True,0.22068779608255482
618,618,250.0,100.0,0.2,9.0,True,0.3430633820322951
619,619,250.0,100.0,0.2,27.0,True,0.3982757557272488
620,620,250.0,100.0,0.2,16.0,True,0.3984251985306064
621,621,250.0,100.0,0.2,4.0,True,0.3761265170763433
622,622,250.0,100.0,0.2,225.0,True,0.3126550793189209
623,623,250.0,100.0,0.2,5.0,True,0.3980880444995354
624,624,250.0,100.0,0.2,51.0,True,0.35866852250313686
625,625,250.0,100.0,0.2,292.0,True,0.2900334275324797
626,626,250.0,100.0,0.2,1.0,True,0.3986158572307892
627,627,250.0,100.0,0.2,20.0,True,0.3454530685171371
628,628,250.0,100.0,0.2,4.0,True,0.3979967506268569
629,629,250.0,100.0,0.2,6.0,True,0.3990637421821948
630,630,250.0,100.0,0.2,2.0,True,0.3104780370492379
631,631,250.0,100.0,0.2,2.0,True,0.398602873982792
632,632,250.0,100.0,0.2,2.0,True,0.37700955853388735
633,633,250.0,100.0,0.2,2.0,True,0.3772355366681187
634,634,250.0,100.0,0.2,44.0,True,0.39645455425823656
635,635,250.0,100.0,0.2,10.0,True,0.399122231086291
636,636,250.0,100.0,0.2,761.0,True,0.3285948464001717
637,637,250.0,100.0,0.2,6.0,True,0.39742320883512244
638,638,250.0,100.0,0.2,2.0,True,0.3542163919902943
639,639,250.0,100.0,0.2,7.0,True,0.3963944342109072
640,640,250.0,100.0,0.2,118.0,True,0.3708919916851714
641,641,250.0,100.0,0.2,10.0,True,0.3937574559080042
642,642,250.0,100.0,0.2,2.0,True,0.3989153251293421
643,643,250.0,100.0,0.2,97.0,True,0.3995567765674239
644,644,250.0,100.0,0.2,17.0,True,0.38845002877718254
645,645,250.0,100.0,0.2,4.0,True,0.39059800604932116
646,646,250.0,100.0,0.2,5.0,True,0.3977762469810239
647,647,250.0,100.0,0.2,2.0,True,0.3992689597364609
648,648,250.0,100.0,0.2,3.0,True,0.3601239319721252
649,649,250.0,100.0,0.2,1.0,True,0.37743677800722397
650,650,250.0,100.0,0.2,66.0,True,0.3863226422646931
651,651,250.0,100.0,0.2,218.0,True,0.3425955076024173
652,652,250.0,100.0,0.2,1.0,True,0.3990744103135013
653,653,250.0,100.0,0.2,1.0,True,0.3978955701353837
654,654,250.0,100.0,0.2,117.0,True,0.3025492090856945
655,655,250.0,100.0,0.2,3.0,True,0.39903764511371254
656,656,250.0,100.0,0.2,1.0,True,0.3991191945873041
657,657,250.0,100.0,0.2,155.0,True,0.3063098521176068
658,658,250.0,100.0,0.2,7.0,True,0.3307044195882791
659,659,250.0,100.0,0.2,1.0,True,0.39911042327929874
660,660,250.0,100.0,0.2,2.0,True,0.3984783185469936
661,661,250.0,100.0,0.2,3.0,True,0.3961891353956764
662,662,250.0,100.0,0.2,1.0,True,0.3951990182965434
663,663,250.0,100.0,0.2,3.0,True,0.39921171172929526
664,664,250.0,100.0,0.2,18.0,True,0.22922613253994692
665,665,250.0,100.0,0.2,7.0,True,0.3985255995652853
666,666,250.0,100.0,0.2,1.0,True,0.3701680415002468
667,667,250.0,100.0,0.2,3.0,True,0.39943238406781917
668,668,250.0,100.0,0.2,2.0,True,0.37629175390624914
669,669,250.0,100.0,0.2,15.0,True,0.3305989052305509
670,670,250.0,100.0,0.2,1.0,True,0.39827009934752977
671,671,250.0,100.0,0.2,1.0,True,0.3987516156499438
672,672,250.0,100.0,0.2,123.0,True,0.39935880512175154
673,673,250.0,100.0,0.2,1.0,True,0.37430984544322127
674,674,250.0,100.0,0.2,3.0,True,0.3759118150483367
675,675,250.0,100.0,0.2,1.0,True,0.39396535058887155
676,676,250.0,100.0,0.2,1.0,True,0.39931487369434854
677,677,250.0,100.0,0.2,6.0,True,0.39656575520281223
678,678,250.0,100.0,0.2,2.0,True,0.39814078390975866
679,679,250.0,100.0,0.2,1.0,True,0.39899007141033954
680,680,250.0,100.0,0.2,2.0,True,0.3881279807056627
681,681,250.0,100.0,0.2,2.0,True,0.37109879711560156
682,682,250.0,100.0,0.2,1.0,True,0.37387169181398133
683,683,250.0,100.0,0.2,29.0,True,0.3993402772085585
684,684,250.0,100.0,0.2,2.0,True,0.39888131092582013
685,685,250.0,100.0,0.2,2.0,True,0.3943546368974272
686,686,250.0,100.0,0.2,1.0,True,0.3291341431243441
687,687,250.0,100.0,0.2,55.0,True,0.33772448416651013
688,688,250.0,100.0,0.2,1.0,True,0.39921191964991276
689,689,250.0,100.0,0.2,1.0,True,0.3984445922713825
690,690,250.0,100.0,0.2,1.0,True,0.39710954304384205
691,691,250.0,100.0,0.2,1.0,True,0.3886350610355412
692,692,250.0,100.0,0.2,25.0,True,0.3346247178179513
693,693,250.0,100.0,0.2,2.0,True,0.3989552002101822
694,694,250.0,100.0,0.2,1.0,True,0.39777296067720785
695,695,250.0,100.0,0.2,1.0,True,0.36785306534562834
696,696,250.0,100.0,0.2,14.0,True,0.2930327789216261
697,697,250.0,100.0,0.2,1.0,True,0.3956155806354884
698,698,250.0,100.0,0.2,3.0,True,0.39781656546937166
699,699,250.0,100.0,0.2,1.0,True,0.37662028210786963
