Unnamed: 0,cell_id,load_factor,max_load,peak_wait,wait_times
,0.0,0.0,0.0,0.0,
,1.0,0.0,0.0,0.0,
,2.0,0.0300163642564734,12006.545702589368,0.0,0.0
,3.0,0.0050632606917785,2025.3042767114064,0.0,
,4.0,0.0,0.0,0.0,
,5.0,0.0,0.0,0.0,
,6.0,0.0,0.0,0.0,
,7.0,0.0072846302860487,2913.852114419517,0.0,0.0
,8.0,0.0,0.0,0.0,
,9.0,0.0,0.0,0.0,
,10.0,0.0,0.0,0.0,
,11.0,0.0,0.0,0.0,
,12.0,0.0,0.0,0.0,
,13.0,0.1114730836744515,44589.233469780615,0.0,0.0
,14.0,0.0,0.0,0.0,
,15.0,0.0372069942958732,14882.797718349304,0.0,0.0
,16.0,0.0,0.0,0.0,
,17.0,0.0,0.0,0.0,
,18.0,0.0,0.0,0.0,
,19.0,0.0,0.0,0.0,
,20.0,0.0,0.0,0.0,
,21.0,0.0,0.0,0.0,
,22.0,0.0,0.0,0.0,
,23.0,0.0,0.0,0.0,
,24.0,0.0,0.0,0.0,
,25.0,0.03125,12500.0,0.0,0.0
,26.0,0.0,0.0,0.0,
,27.0,0.0,0.0,0.0,
,28.0,0.0,0.0,0.0,
,29.0,0.163743510749539,65497.4042998156,0.0,0.0
,30.0,0.0,0.0,0.0,
,31.0,0.0,0.0,0.0,
,32.0,0.0,0.0,0.0,
,33.0,0.2161408458434795,86456.3383373918,0.0,0.0
,34.0,0.0,0.0,0.0,
,35.0,0.0,0.0,0.0,
,36.0,0.0,0.0,0.0,
,37.0,0.0,0.0,0.0,
,38.0,0.0,0.0,0.0,
,39.0,0.0,0.0,0.0,
,40.0,0.0,0.0,0.0,
,41.0,0.0,0.0,0.0,
,42.0,0.0,0.0,0.0,
,43.0,0.0,0.0,0.0,
,44.0,0.0,0.0,0.0,
,45.0,0.0,0.0,0.0,
,46.0,0.0,0.0,0.0,
,47.0,0.0,0.0,0.0,
,48.0,0.0,0.0,0.0,
,49.0,0.0,0.0,0.0,
,50.0,0.0,0.0,0.0,
,51.0,0.0,0.0,0.0,
,52.0,0.0,0.0,0.0,
,53.0,0.0,0.0,0.0,
,54.0,0.0,0.0,0.0,
,55.0,0.0,0.0,0.0,
,56.0,0.0,0.0,0.0,
,57.0,0.0,0.0,0.0,
,58.0,0.0,0.0,0.0,
,59.0,0.0,0.0,0.0,
,60.0,0.0,0.0,0.0,
,61.0,0.0,0.0,0.0,
,62.0,0.0,0.0,0.0,
,63.0,0.1087572115851144,43502.884634045775,0.0,0.0
,64.0,0.0,0.0,0.0,
,65.0,0.0,0.0,0.0,
,66.0,0.0,0.0,0.0,
,67.0,0.0,0.0,0.0,
,68.0,0.0,0.0,0.0,
,69.0,0.0,0.0,0.0,
,70.0,0.0,0.0,0.0,
,71.0,0.0,0.0,0.0,
,72.0,0.0,0.0,0.0,
,73.0,0.0,0.0,0.0,
,74.0,0.0,0.0,0.0,
,75.0,0.0,0.0,0.0,
,76.0,0.0,0.0,0.0,
,77.0,0.0,0.0,0.0,
,78.0,0.0,0.0,0.0,
,79.0,0.0,0.0,0.0,
,80.0,0.0,0.0,0.0,
,81.0,0.0,0.0,0.0,
,82.0,0.0,0.0,0.0,
,83.0,0.0,0.0,0.0,
,84.0,0.0,0.0,0.0,
,85.0,0.0,0.0,0.0,
,86.0,0.0052907725882007,2116.309035280298,0.0,
,87.0,0.0056753722533162,2270.1489013264813,0.0,0.0
,88.0,0.0,0.0,0.0,
,89.0,0.0,0.0,0.0,
,90.0,0.0,0.0,0.0,
,91.0,0.0,0.0,0.0,
,92.0,0.0,0.0,0.0,
,93.0,0.0598996533552298,23959.861342091936,0.0,0.0
,94.0,0.0,0.0,0.0,
,95.0,0.0,0.0,0.0,
,96.0,0.0,0.0,0.0,
,97.0,0.0,0.0,0.0,
,98.0,0.0,0.0,0.0,
,99.0,0.0,0.0,0.0,
,100.0,0.0463191923041557,18527.67692166232,0.0,0.0
,101.0,0.0,0.0,0.0,
,102.0,0.0,0.0,0.0,
,103.0,0.0,0.0,0.0,
,104.0,0.0,0.0,0.0,
,105.0,0.0,0.0,0.0,
,106.0,0.0,0.0,0.0,
,107.0,0.0,0.0,0.0,
,108.0,0.0,0.0,0.0,
,109.0,0.0,0.0,0.0,
,110.0,0.0,0.0,0.0,
,111.0,0.0,0.0,0.0,
,112.0,0.0,0.0,0.0,
,113.0,0.0,0.0,0.0,
,114.0,0.0,0.0,0.0,
,115.0,0.0,0.0,0.0,
,116.0,0.0,0.0,0.0,
,117.0,0.0,0.0,0.0,
,118.0,0.0,0.0,0.0,
,119.0,0.0,0.0,0.0,
,120.0,0.0,0.0,0.0,
,121.0,0.0,0.0,0.0,
,122.0,0.0,0.0,0.0,
,123.0,0.0,0.0,0.0,
,0.0,0.0,0.0,0.0,
,1.0,0.0,0.0,0.0,
,2.0,0.0073637481416254,2945.499256650181,0.0,
,3.0,0.0,0.0,0.0,
,4.0,0.0,0.0,0.0,
,5.0,0.0,0.0,0.0,
,6.0,0.0,0.0,0.0,
,7.0,0.0,0.0,0.0,
,8.0,0.0,0.0,0.0,
,9.0,0.0,0.0,0.0,
,10.0,0.0,0.0,0.0,
,11.0,0.0,0.0,0.0,
,12.0,0.0,0.0,0.0,
,13.0,0.118445649394197,47378.259757678825,0.0,0.0
,14.0,0.0,0.0,0.0,
,15.0,0.0848471789549635,33938.87158198541,0.0,0.0
,16.0,0.0,0.0,0.0,
,17.0,0.0,0.0,0.0,
,18.0,0.0261717966181148,10468.718647245929,0.0,
,19.0,0.0,0.0,0.0,
,20.0,0.0,0.0,0.0,
,21.0,0.0,0.0,0.0,
,22.0,0.0,0.0,0.0,
,23.0,0.0,0.0,0.0,
,24.0,0.0,0.0,0.0,
,25.0,0.0781384065370797,31255.36261483188,0.0,0.0
,26.0,0.0,0.0,0.0,
,27.0,0.0,0.0,0.0,
,28.0,0.0,0.0,0.0,
,29.0,0.096202643079625,38481.05723185003,0.0,0.0
,30.0,0.0,0.0,0.0,
,31.0,0.0,0.0,0.0,
,32.0,0.0,0.0,0.0,
,33.0,0.1033759021683091,41350.360867323645,0.0,0.0
,34.0,0.0,0.0,0.0,
,35.0,0.0,0.0,0.0,
,36.0,0.0,0.0,0.0,
,37.0,0.0,0.0,0.0,
,38.0,0.0,0.0,0.0,
,39.0,0.0,0.0,0.0,
,40.0,0.0,0.0,0.0,
,41.0,0.0,0.0,0.0,
,42.0,0.0,0.0,0.0,
,43.0,0.0185763446989444,7430.537879577791,0.0,
,44.0,0.0,0.0,0.0,
,45.0,0.0,0.0,0.0,
,46.0,0.0,0.0,0.0,
,47.0,0.0,0.0,0.0,
,48.0,0.0,0.0,0.0,
,49.0,0.0,0.0,0.0,
,50.0,0.0,0.0,0.0,
,51.0,0.011687700134322,4675.080053728828,0.0,
,52.0,0.0,0.0,0.0,
,53.0,0.0,0.0,0.0,
,54.0,0.0,0.0,0.0,
,55.0,0.0,0.0,0.0,
,56.0,0.0,0.0,0.0,
,57.0,0.0,0.0,0.0,
,58.0,0.0,0.0,0.0,
,59.0,0.0,0.0,0.0,
,60.0,0.0,0.0,0.0,
,61.0,0.0,0.0,0.0,
,62.0,0.0,0.0,0.0,
,63.0,0.0179186763981768,7167.470559270731,0.0,0.0
,64.0,0.0,0.0,0.0,
,65.0,0.0,0.0,0.0,
,66.0,0.0,0.0,0.0,
,67.0,0.0,0.0,0.0,
,68.0,0.0,0.0,0.0,
,69.0,0.0,0.0,0.0,
,70.0,0.0,0.0,0.0,
,71.0,0.0,0.0,0.0,
,72.0,0.0,0.0,0.0,
,73.0,0.0,0.0,0.0,
,74.0,0.0,0.0,0.0,
,75.0,0.0,0.0,0.0,
,76.0,0.0,0.0,0.0,
,77.0,0.0,0.0,0.0,
,78.0,0.0,0.0,0.0,
,79.0,0.0,0.0,0.0,
,80.0,0.0,0.0,0.0,
,81.0,0.0179046598432594,7161.863937303776,0.0,
,82.0,0.0,0.0,0.0,
,83.0,0.0,0.0,0.0,
,84.0,0.0,0.0,0.0,
,85.0,0.0,0.0,0.0,
,86.0,0.0573144051677868,22925.76206711473,0.0,0.0
,87.0,0.0325994681230307,13039.787249212302,0.0,0.0
,88.0,0.0,0.0,0.0,
,89.0,0.0,0.0,0.0,
,90.0,0.0,0.0,0.0,
,91.0,0.0,0.0,0.0,
,92.0,0.0,0.0,0.0,
,93.0,0.0233422186150187,9336.88744600749,0.0,0.0
,94.0,0.0,0.0,0.0,
,95.0,0.0,0.0,0.0,
,96.0,0.0,0.0,0.0,
,97.0,0.0,0.0,0.0,
,98.0,0.0,0.0,0.0,
,99.0,0.0,0.0,0.0,
,100.0,0.0567243010960989,22689.720438439585,0.0,0.0
,101.0,0.0,0.0,0.0,
,102.0,0.0,0.0,0.0,
,103.0,0.0,0.0,0.0,
,104.0,0.0,0.0,0.0,
,105.0,0.0,0.0,0.0,
,106.0,0.0,0.0,0.0,
,107.0,0.0,0.0,0.0,
,108.0,0.0,0.0,0.0,
,109.0,0.0,0.0,0.0,
,110.0,0.0,0.0,0.0,
,111.0,0.0,0.0,0.0,
,112.0,0.0,0.0,0.0,
,113.0,0.0,0.0,0.0,
,114.0,0.0,0.0,0.0,
,115.0,0.0,0.0,0.0,
,116.0,0.0,0.0,0.0,
,117.0,0.0,0.0,0.0,
,118.0,0.0,0.0,0.0,
,119.0,0.0,0.0,0.0,
,120.0,0.0,0.0,0.0,
,121.0,0.0,0.0,0.0,
,122.0,0.0,0.0,0.0,
,123.0,0.0,0.0,0.0,
,0.0,0.0,0.0,0.0,
,1.0,0.0,0.0,0.0,
,2.0,0.0217551710214393,8702.068408575726,0.0,0.0
,3.0,0.0168790747072325,6751.62988289301,0.0,0.0
,4.0,0.0,0.0,0.0,
,5.0,0.0,0.0,0.0,
,6.0,0.0,0.0,0.0,
,7.0,0.0060226860362778,2409.0744145111544,0.0,
,8.0,0.0,0.0,0.0,
,9.0,0.0,0.0,0.0,
,10.0,0.0,0.0,0.0,
,11.0,0.0,0.0,0.0,
,12.0,0.0,0.0,0.0,
,13.0,0.1509314930872727,60372.59723490909,0.0,0.0
,14.0,0.0,0.0,0.0,
,15.0,0.1725542381683403,69021.69526733615,0.0,0.0
,16.0,0.0,0.0,0.0,
,17.0,0.0,0.0,0.0,
,18.0,0.0,0.0,0.0,
,19.0,0.0,0.0,0.0,
,20.0,0.0,0.0,0.0,
,21.0,0.0,0.0,0.0,
,22.0,0.0,0.0,0.0,
,23.0,0.0,0.0,0.0,
,24.0,0.0,0.0,0.0,
,25.0,0.0002551674837509,102.06699350036502,0.0,
,26.0,0.0,0.0,0.0,
,27.0,0.0,0.0,0.0,
,28.0,0.0,0.0,0.0,
,29.0,0.297285402644253,118914.1610577012,0.0,0.0
,30.0,0.0,0.0,0.0,
,31.0,0.0,0.0,0.0,
,32.0,0.0,0.0,0.0,
,33.0,0.2574718307957991,102988.73231831964,0.0,0.0
,34.0,0.0,0.0,0.0,
,35.0,0.0,0.0,0.0,
,36.0,0.0,0.0,0.0,
,37.0,0.0,0.0,0.0,
,38.0,0.0,0.0,0.0,
,39.0,0.0,0.0,0.0,
,40.0,0.0,0.0,0.0,
,41.0,0.0,0.0,0.0,
,42.0,0.0,0.0,0.0,
,43.0,0.0,0.0,0.0,
,44.0,0.0,0.0,0.0,
,45.0,0.0,0.0,0.0,
,46.0,0.0,0.0,0.0,
,47.0,0.0,0.0,0.0,
,48.0,0.0,0.0,0.0,
,49.0,0.0,0.0,0.0,
,50.0,0.0,0.0,0.0,
,51.0,0.0,0.0,0.0,
,52.0,0.0,0.0,0.0,
,53.0,0.0,0.0,0.0,
,54.0,0.0,0.0,0.0,
,55.0,0.0,0.0,0.0,
,56.0,0.0,0.0,0.0,
,57.0,0.0,0.0,0.0,
,58.0,0.0,0.0,0.0,
,59.0,0.0,0.0,0.0,
,60.0,0.0,0.0,0.0,
,61.0,0.0,0.0,0.0,
,62.0,0.0,0.0,0.0,
,63.0,0.151034345122326,60413.73804893039,0.0,0.0
,64.0,0.0,0.0,0.0,
,65.0,0.0,0.0,0.0,
,66.0,0.0,0.0,0.0,
,67.0,0.0,0.0,0.0,
,68.0,0.0,0.0,0.0,
,69.0,0.0,0.0,0.0,
,70.0,0.0,0.0,0.0,
,71.0,0.0,0.0,0.0,
,72.0,0.0,0.0,0.0,
,73.0,0.0,0.0,0.0,
,74.0,0.0,0.0,0.0,
,75.0,0.0,0.0,0.0,
,76.0,0.0,0.0,0.0,
,77.0,0.0,0.0,0.0,
,78.0,0.0,0.0,0.0,
,79.0,0.0,0.0,0.0,
,80.0,0.0,0.0,0.0,
,81.0,0.0,0.0,0.0,
,82.0,0.0,0.0,0.0,
,83.0,0.0,0.0,0.0,
,84.0,0.0,0.0,0.0,
,85.0,0.0,0.0,0.0,
,86.0,0.0156813087326833,6272.523493073336,0.0,0.0
,87.0,0.0168402628086674,6736.105123466996,0.0,0.0
,88.0,0.0,0.0,0.0,
,89.0,0.0,0.0,0.0,
,90.0,0.0,0.0,0.0,
,91.0,0.0,0.0,0.0,
,92.0,0.0,0.0,0.0,
,93.0,0.0956621773862913,38264.87095451652,0.0,0.0
,94.0,0.0,0.0,0.0,
,95.0,0.0,0.0,0.0,
,96.0,0.0,0.0,0.0,
,97.0,0.0,0.0,0.0,
,98.0,0.0,0.0,0.0,
,99.0,0.0,0.0,0.0,
,100.0,0.0254014889326631,10160.595573065251,0.0,0.0
,101.0,0.0,0.0,0.0,
,102.0,0.0,0.0,0.0,
,103.0,0.0,0.0,0.0,
,104.0,0.0,0.0,0.0,
,105.0,0.0,0.0,0.0,
,106.0,0.0,0.0,0.0,
,107.0,0.0,0.0,0.0,
,108.0,0.0,0.0,0.0,
,109.0,0.0,0.0,0.0,
,110.0,0.0,0.0,0.0,
,111.0,0.0,0.0,0.0,
,112.0,0.0,0.0,0.0,
,113.0,0.0,0.0,0.0,
,114.0,0.0,0.0,0.0,
,115.0,0.0,0.0,0.0,
,116.0,0.0,0.0,0.0,
,117.0,0.0,0.0,0.0,
,118.0,0.0,0.0,0.0,
,119.0,0.0,0.0,0.0,
,120.0,0.0,0.0,0.0,
,121.0,0.0,0.0,0.0,
,122.0,0.0,0.0,0.0,
,123.0,0.0,0.0,0.0,
,0.0,0.0,0.0,0.0,
,1.0,0.0,0.0,0.0,
,2.0,0.0623116406639759,24924.65626559038,0.0,0.0
,3.0,0.0,0.0,0.0,
,4.0,0.0,0.0,0.0,
,5.0,0.0,0.0,0.0,
,6.0,0.0,0.0,0.0,
,7.0,0.0,0.0,0.0,
,8.0,0.0,0.0,0.0,
,9.0,0.0,0.0,0.0,
,10.0,0.0,0.0,0.0,
,11.0,0.0,0.0,0.0,
,12.0,0.0,0.0,0.0,
,13.0,0.1346977181338251,53879.08725353004,0.0,0.0
,14.0,0.0,0.0,0.0,
,15.0,0.1954549914162386,78181.99656649547,0.0,0.0
,16.0,0.0,0.0,0.0,
,17.0,0.0,0.0,0.0,
,18.0,0.0251587374529279,10063.494981171165,0.0,0.0
,19.0,0.0,0.0,0.0,
,20.0,0.0,0.0,0.0,
,21.0,0.0,0.0,0.0,
,22.0,0.0,0.0,0.0,
,23.0,0.0,0.0,0.0,
,24.0,0.0,0.0,0.0,
,25.0,0.0216733184901708,8669.327396068347,0.0,0.0
,26.0,0.0,0.0,0.0,
,27.0,0.0,0.0,0.0,
,28.0,0.0,0.0,0.0,
,29.0,0.336912526990512,134765.0107962048,0.0,0.0
,30.0,0.0,0.0,0.0,
,31.0,0.0,0.0,0.0,
,32.0,0.0,0.0,0.0,
,33.0,0.3194308648686499,127772.34594745998,0.0,0.0
,34.0,0.0,0.0,0.0,
,35.0,0.0,0.0,0.0,
,36.0,0.0203571781373465,8142.871254938619,0.0,0.0
,37.0,0.0,0.0,0.0,
,38.0,0.0,0.0,0.0,
,39.0,0.0,0.0,0.0,
,40.0,0.0,0.0,0.0,
,41.0,0.0,0.0,0.0,
,42.0,0.0,0.0,0.0,
,43.0,0.0110364536082474,4414.581443298961,0.0,0.0
,44.0,0.0,0.0,0.0,
,45.0,0.0,0.0,0.0,
,46.0,0.0,0.0,0.0,
,47.0,0.0,0.0,0.0,
,48.0,0.0,0.0,0.0,
,49.0,0.0,0.0,0.0,
,50.0,0.0,0.0,0.0,
,51.0,0.0625,25000.0,0.0,
,52.0,0.0,0.0,0.0,
,53.0,0.0,0.0,0.0,
,54.0,0.0,0.0,0.0,
,55.0,0.0,0.0,0.0,
,56.0,0.0,0.0,0.0,
,57.0,0.0,0.0,0.0,
,58.0,0.0,0.0,0.0,
,59.0,0.0,0.0,0.0,
,60.0,0.0,0.0,0.0,
,61.0,0.0,0.0,0.0,
,62.0,0.0,0.0,0.0,
,63.0,0.2186885090696549,87475.40362786196,0.0,0.0
,64.0,0.0,0.0,0.0,
,65.0,0.0,0.0,0.0,
,66.0,0.0,0.0,0.0,
,67.0,0.0,0.0,0.0,
,68.0,0.0,0.0,0.0,
,69.0,0.0,0.0,0.0,
,70.0,0.0,0.0,0.0,
,71.0,0.0,0.0,0.0,
,72.0,0.0,0.0,0.0,
,73.0,0.0,0.0,0.0,
,74.0,0.0570101273532077,22804.050941283112,0.0,0.0
,75.0,0.0,0.0,0.0,
,76.0,0.0,0.0,0.0,
,77.0,0.0,0.0,0.0,
,78.0,0.0,0.0,0.0,
,79.0,0.0,0.0,0.0,
,80.0,0.0,0.0,0.0,
,81.0,0.0155278524361896,6211.140974475869,0.0,
,82.0,0.0,0.0,0.0,
,83.0,0.0,0.0,0.0,
,84.0,0.0,0.0,0.0,
,85.0,0.0,0.0,0.0,
,86.0,0.0021173208382137,846.9283352854886,0.0,0.0
,87.0,0.0025618250660328,1024.730026413136,0.0,
,88.0,0.0,0.0,0.0,
,89.0,0.0,0.0,0.0,
,90.0,0.0,0.0,0.0,
,91.0,0.0,0.0,0.0,
,92.0,0.0,0.0,0.0,
,93.0,0.0994716007449191,39788.640297967664,0.0,0.0
,94.0,0.0,0.0,0.0,
,95.0,0.0,0.0,0.0,
,96.0,0.0,0.0,0.0,
,97.0,0.0,0.0,0.0,
,98.0,0.0,0.0,0.0,
,99.0,0.0,0.0,0.0,
,100.0,0.0362637319100246,14505.492764009849,0.0,0.0
,101.0,0.0,0.0,0.0,
,102.0,0.0,0.0,0.0,
,103.0,0.0,0.0,0.0,
,104.0,0.0,0.0,0.0,
,105.0,0.0,0.0,0.0,
,106.0,0.0,0.0,0.0,
,107.0,0.0,0.0,0.0,
,108.0,0.0,0.0,0.0,
,109.0,0.0,0.0,0.0,
,110.0,0.0,0.0,0.0,
,111.0,0.0,0.0,0.0,
,112.0,0.0,0.0,0.0,
,113.0,0.0,0.0,0.0,
,114.0,0.0,0.0,0.0,
,115.0,0.0,0.0,0.0,
,116.0,0.0,0.0,0.0,
,117.0,0.0,0.0,0.0,
,118.0,0.0,0.0,0.0,
,119.0,0.0,0.0,0.0,
,120.0,0.0,0.0,0.0,
,121.0,0.0,0.0,0.0,
,122.0,0.0,0.0,0.0,
,123.0,0.0,0.0,0.0,
,0.0,0.0,0.0,0.0,
,1.0,0.0,0.0,0.0,
,2.0,0.0161305238493522,6452.209539740908,0.0,0.0
,3.0,0.0032070777255677,1282.831090227087,0.0,
,4.0,0.0,0.0,0.0,
,5.0,0.0,0.0,0.0,
,6.0,0.0,0.0,0.0,
,7.0,0.0,0.0,0.0,
,8.0,0.0,0.0,0.0,
,9.0,0.0,0.0,0.0,
,10.0,0.0,0.0,0.0,
,11.0,0.0,0.0,0.0,
,12.0,0.0,0.0,0.0,
,13.0,0.0528205320174579,21128.212806983192,0.0,0.0
,14.0,0.0,0.0,0.0,
,15.0,0.0364213628000656,14568.545120026243,0.0,0.0
,16.0,0.0,0.0,0.0,
,17.0,0.0,0.0,0.0,
,18.0,0.0,0.0,0.0,
,19.0,0.0,0.0,0.0,
,20.0,0.0,0.0,0.0,
,21.0,0.0,0.0,0.0,
,22.0,0.0,0.0,0.0,
,23.0,0.0,0.0,0.0,
,24.0,0.0,0.0,0.0,
,25.0,0.0531118837944161,21244.75351776645,0.0,0.0
,26.0,0.0,0.0,0.0,
,27.0,0.0,0.0,0.0,
,28.0,0.0,0.0,0.0,
,29.0,0.1915509037737261,76620.36150949045,0.0,0.0
,30.0,0.0,0.0,0.0,
,31.0,0.0,0.0,0.0,
,32.0,0.0,0.0,0.0,
,33.0,0.1587766399745638,63510.65598982554,0.0,0.0
,34.0,0.0,0.0,0.0,
,35.0,0.0,0.0,0.0,
,36.0,0.0124398393567507,4975.935742700312,0.0,0.0
,37.0,0.0,0.0,0.0,
,38.0,0.0,0.0,0.0,
,39.0,0.0,0.0,0.0,
,40.0,0.0,0.0,0.0,
,41.0,0.0,0.0,0.0,
,42.0,0.0,0.0,0.0,
,43.0,0.0,0.0,0.0,
,44.0,0.0,0.0,0.0,
,45.0,0.0,0.0,0.0,
,46.0,0.0,0.0,0.0,
,47.0,0.0,0.0,0.0,
,48.0,0.0,0.0,0.0,
,49.0,0.0,0.0,0.0,
,50.0,0.0,0.0,0.0,
,51.0,0.063352842790763,25341.13711630523,0.0,
,52.0,0.0,0.0,0.0,
,53.0,0.0,0.0,0.0,
,54.0,0.0,0.0,0.0,
,55.0,0.0,0.0,0.0,
,56.0,0.0,0.0,0.0,
,57.0,0.0,0.0,0.0,
,58.0,0.0,0.0,0.0,
,59.0,0.0,0.0,0.0,
,60.0,0.0,0.0,0.0,
,61.0,0.0,0.0,0.0,
,62.0,0.0,0.0,0.0,
,63.0,0.0795054944060737,31802.19776242949,0.0,0.0
,64.0,0.0,0.0,0.0,
,65.0,0.0,0.0,0.0,
,66.0,0.0,0.0,0.0,
,67.0,0.0,0.0,0.0,
,68.0,0.0,0.0,0.0,
,69.0,0.0,0.0,0.0,
,70.0,0.0,0.0,0.0,
,71.0,0.0,0.0,0.0,
,72.0,0.0,0.0,0.0,
,73.0,0.0,0.0,0.0,
,74.0,0.0254296499911171,10171.859996446869,0.0,0.0
,75.0,0.0,0.0,0.0,
,76.0,0.0,0.0,0.0,
,77.0,0.0,0.0,0.0,
,78.0,0.0,0.0,0.0,
,79.0,0.0,0.0,0.0,
,80.0,0.0,0.0,0.0,
,81.0,0.0,0.0,0.0,
,82.0,0.0,0.0,0.0,
,83.0,0.0,0.0,0.0,
,84.0,0.0,0.0,0.0,
,85.0,0.0,0.0,0.0,
,86.0,0.0110236616675957,4409.464667038305,0.0,0.0
,87.0,0.0036004642878718,1440.1857151487472,0.0,0.0
,88.0,0.0,0.0,0.0,
,89.0,0.0,0.0,0.0,
,90.0,0.0,0.0,0.0,
,91.0,0.0,0.0,0.0,
,92.0,0.0,0.0,0.0,
,93.0,0.0708958996286587,28358.35985146351,0.0,0.0
,94.0,0.0,0.0,0.0,
,95.0,0.0,0.0,0.0,
,96.0,0.0,0.0,0.0,
,97.0,0.0,0.0,0.0,
,98.0,0.0,0.0,0.0,
,99.0,0.0,0.0,0.0,
,100.0,0.0377834303718842,15113.37214875368,0.0,0.0
,101.0,0.0,0.0,0.0,
,102.0,0.0,0.0,0.0,
,103.0,0.0,0.0,0.0,
,104.0,0.0,0.0,0.0,
,105.0,0.0,0.0,0.0,
,106.0,0.0,0.0,0.0,
,107.0,0.0,0.0,0.0,
,108.0,0.0,0.0,0.0,
,109.0,0.0,0.0,0.0,
,110.0,0.0,0.0,0.0,
,111.0,0.0,0.0,0.0,
,112.0,0.0,0.0,0.0,
,113.0,0.0,0.0,0.0,
,114.0,0.0,0.0,0.0,
,115.0,0.0,0.0,0.0,
,116.0,0.0,0.0,0.0,
,117.0,0.0,0.0,0.0,
,118.0,0.0,0.0,0.0,
,119.0,0.0,0.0,0.0,
,120.0,0.0,0.0,0.0,
,121.0,0.0,0.0,0.0,
,122.0,0.0,0.0,0.0,
,123.0,0.0,0.0,0.0,
,0.0,0.0,0.0,0.0,
,1.0,0.0,0.0,0.0,
,2.0,0.0157535292641658,6301.411705666323,0.0,0.0
,3.0,0.0,0.0,0.0,
,4.0,0.0,0.0,0.0,
,5.0,0.0,0.0,0.0,
,6.0,0.0,0.0,0.0,
,7.0,0.0270928147821259,10837.125912850368,0.0,0.0
,8.0,0.0,0.0,0.0,
,9.0,0.0,0.0,0.0,
,10.0,0.0,0.0,0.0,
,11.0,0.0,0.0,0.0,
,12.0,0.0,0.0,0.0,
,13.0,0.0806821844598794,32272.873783951785,0.0,0.0
,14.0,0.0,0.0,0.0,
,15.0,0.0671087670194662,26843.506807786493,0.0,0.0
,16.0,0.0,0.0,0.0,
,17.0,0.0,0.0,0.0,
,18.0,0.0,0.0,0.0,
,19.0,0.0,0.0,0.0,
,20.0,0.0,0.0,0.0,
,21.0,0.0,0.0,0.0,
,22.0,0.0,0.0,0.0,
,23.0,0.0,0.0,0.0,
,24.0,0.0,0.0,0.0,
,25.0,0.0,0.0,0.0,
,26.0,0.0,0.0,0.0,
,27.0,0.0,0.0,0.0,
,28.0,0.0,0.0,0.0,
,29.0,0.1453717884680538,58148.71538722153,0.0,0.0
,30.0,0.0,0.0,0.0,
,31.0,0.0,0.0,0.0,
,32.0,0.0,0.0,0.0,
,33.0,0.2402066661459144,96082.66645836575,0.0,0.0
,34.0,0.0,0.0,0.0,
,35.0,0.0,0.0,0.0,
,36.0,0.0388215077868467,15528.603114738691,0.0,0.0
,37.0,0.0,0.0,0.0,
,38.0,0.0,0.0,0.0,
,39.0,0.0,0.0,0.0,
,40.0,0.0,0.0,0.0,
,41.0,0.0,0.0,0.0,
,42.0,0.0,0.0,0.0,
,43.0,0.0,0.0,0.0,
,44.0,0.0,0.0,0.0,
,45.0,0.0,0.0,0.0,
,46.0,0.0,0.0,0.0,
,47.0,0.0,0.0,0.0,
,48.0,0.0,0.0,0.0,
,49.0,0.0,0.0,0.0,
,50.0,0.0,0.0,0.0,
,51.0,0.00994640625,3978.562500000004,0.0,0.0
,52.0,0.0,0.0,0.0,
,53.0,0.0,0.0,0.0,
,54.0,0.0,0.0,0.0,
,55.0,0.0,0.0,0.0,
,56.0,0.0,0.0,0.0,
,57.0,0.0,0.0,0.0,
,58.0,0.0,0.0,0.0,
,59.0,0.0,0.0,0.0,
,60.0,0.0,0.0,0.0,
,61.0,0.0,0.0,0.0,
,62.0,0.0,0.0,0.0,
,63.0,0.1014463207636082,40578.52830544331,0.0,0.0
,64.0,0.0,0.0,0.0,
,65.0,0.0,0.0,0.0,
,66.0,0.0,0.0,0.0,
,67.0,0.0,0.0,0.0,
,68.0,0.0,0.0,0.0,
,69.0,0.0,0.0,0.0,
,70.0,0.0,0.0,0.0,
,71.0,0.0,0.0,0.0,
,72.0,0.0,0.0,0.0,
,73.0,0.0,0.0,0.0,
,74.0,0.0375,15000.0,0.0,0.0
,75.0,0.0,0.0,0.0,
,76.0,0.0,0.0,0.0,
,77.0,0.0,0.0,0.0,
,78.0,0.0,0.0,0.0,
,79.0,0.0,0.0,0.0,
,80.0,0.0,0.0,0.0,
,81.0,0.0,0.0,0.0,
,82.0,0.0,0.0,0.0,
,83.0,0.0,0.0,0.0,
,84.0,0.0,0.0,0.0,
,85.0,0.0,0.0,0.0,
,86.0,0.0,0.0,0.0,
,87.0,0.0,0.0,0.0,
,88.0,0.0,0.0,0.0,
,89.0,0.0,0.0,0.0,
,90.0,0.0,0.0,0.0,
,91.0,0.0,0.0,0.0,
,92.0,0.0,0.0,0.0,
,93.0,0.0464795824101551,18591.83296406204,0.0,0.0
,94.0,0.0,0.0,0.0,
,95.0,0.0,0.0,0.0,
,96.0,0.0,0.0,0.0,
,97.0,0.0,0.0,0.0,
,98.0,0.0,0.0,0.0,
,99.0,0.0,0.0,0.0,
,100.0,0.0293229326497842,11729.173059913704,0.0,0.0
,101.0,0.0,0.0,0.0,
,102.0,0.0,0.0,0.0,
,103.0,0.0,0.0,0.0,
,104.0,0.0,0.0,0.0,
,105.0,0.0,0.0,0.0,
,106.0,0.0,0.0,0.0,
,107.0,0.0,0.0,0.0,
,108.0,0.0,0.0,0.0,
,109.0,0.0,0.0,0.0,
,110.0,0.0,0.0,0.0,
,111.0,0.0,0.0,0.0,
,112.0,0.0,0.0,0.0,
,113.0,0.0,0.0,0.0,
,114.0,0.0,0.0,0.0,
,115.0,0.0,0.0,0.0,
,116.0,0.0,0.0,0.0,
,117.0,0.0,0.0,0.0,
,118.0,0.0,0.0,0.0,
,119.0,0.0,0.0,0.0,
,120.0,0.0,0.0,0.0,
,121.0,0.0,0.0,0.0,
,122.0,0.0,0.0,0.0,
,123.0,0.0,0.0,0.0,
,0.0,0.0,0.0,0.0,
,1.0,0.0,0.0,0.0,
,2.0,0.0,0.0,0.0,
,3.0,0.0170833333333333,6833.333333333333,0.0,0.0
,4.0,0.0,0.0,0.0,
,5.0,0.0,0.0,0.0,
,6.0,0.0,0.0,0.0,
,7.0,0.0,0.0,0.0,
,8.0,0.0,0.0,0.0,
,9.0,0.0,0.0,0.0,
,10.0,0.0,0.0,0.0,
,11.0,0.0,0.0,0.0,
,12.0,0.0,0.0,0.0,
,13.0,0.1034422549043798,41376.90196175192,0.0,0.0
,14.0,0.0,0.0,0.0,
,15.0,0.0952345398958699,38093.81595834797,0.0,0.0
,16.0,0.0,0.0,0.0,
,17.0,0.0,0.0,0.0,
,18.0,0.0,0.0,0.0,
,19.0,0.0,0.0,0.0,
,20.0,0.0,0.0,0.0,
,21.0,0.0,0.0,0.0,
,22.0,0.0,0.0,0.0,
,23.0,0.0,0.0,0.0,
,24.0,0.0,0.0,0.0,
,25.0,0.0233552373424252,9342.0949369701,0.0,0.0
,26.0,0.0,0.0,0.0,
,27.0,0.0,0.0,0.0,
,28.0,0.0,0.0,0.0,
,29.0,0.1837945178700926,73517.80714803704,0.0,0.0
,30.0,0.0,0.0,0.0,
,31.0,0.0,0.0,0.0,
,32.0,0.0,0.0,0.0,
,33.0,0.2590901709495203,103636.06837980816,0.0,0.0
,34.0,0.0,0.0,0.0,
,35.0,0.0,0.0,0.0,
,36.0,0.0107299999999999,4291.999999999996,0.0,0.0
,37.0,0.0,0.0,0.0,
,38.0,0.0,0.0,0.0,
,39.0,0.0,0.0,0.0,
,40.0,0.0,0.0,0.0,
,41.0,0.0,0.0,0.0,
,42.0,0.0,0.0,0.0,
,43.0,0.0,0.0,0.0,
,44.0,0.0,0.0,0.0,
,45.0,0.0,0.0,0.0,
,46.0,0.0,0.0,0.0,
,47.0,0.0,0.0,0.0,
,48.0,0.0,0.0,0.0,
,49.0,0.0,0.0,0.0,
,50.0,0.0,0.0,0.0,
,51.0,0.0363910451007692,14556.418040307684,0.0,0.0
,52.0,0.0,0.0,0.0,
,53.0,0.0,0.0,0.0,
,54.0,0.0,0.0,0.0,
,55.0,0.0,0.0,0.0,
,56.0,0.0,0.0,0.0,
,57.0,0.0,0.0,0.0,
,58.0,0.0,0.0,0.0,
,59.0,0.0,0.0,0.0,
,60.0,0.0,0.0,0.0,
,61.0,0.0,0.0,0.0,
,62.0,0.0,0.0,0.0,
,63.0,0.1114659998154727,44586.39992618911,0.0,0.0
,64.0,0.0,0.0,0.0,
,65.0,0.0,0.0,0.0,
,66.0,0.0,0.0,0.0,
,67.0,0.0,0.0,0.0,
,68.0,0.0,0.0,0.0,
,69.0,0.0,0.0,0.0,
,70.0,0.0,0.0,0.0,
,71.0,0.0,0.0,0.0,
,72.0,0.0,0.0,0.0,
,73.0,0.0,0.0,0.0,
,74.0,0.0152795836709749,6111.833468389972,0.0,0.0
,75.0,0.0,0.0,0.0,
,76.0,0.0,0.0,0.0,
,77.0,0.0,0.0,0.0,
,78.0,0.0,0.0,0.0,
,79.0,0.0,0.0,0.0,
,80.0,0.0,0.0,0.0,
,81.0,0.0,0.0,0.0,
,82.0,0.0,0.0,0.0,
,83.0,0.0,0.0,0.0,
,84.0,0.0,0.0,0.0,
,85.0,0.0,0.0,0.0,
,86.0,0.0180625065680152,7225.00262720608,0.0,0.0
,87.0,0.0,0.0,0.0,
,88.0,0.0,0.0,0.0,
,89.0,0.0,0.0,0.0,
,90.0,0.0,0.0,0.0,
,91.0,0.0,0.0,0.0,
,92.0,0.0,0.0,0.0,
,93.0,0.0484182525144152,19367.301005766112,0.0,0.0
,94.0,0.0,0.0,0.0,
,95.0,0.0,0.0,0.0,
,96.0,0.0,0.0,0.0,
,97.0,0.0,0.0,0.0,
,98.0,0.0,0.0,0.0,
,99.0,0.0,0.0,0.0,
,100.0,0.0307117247013977,12284.689880559108,0.0,0.0
,101.0,0.0,0.0,0.0,
,102.0,0.0,0.0,0.0,
,103.0,0.0,0.0,0.0,
,104.0,0.0,0.0,0.0,
,105.0,0.0,0.0,0.0,
,106.0,0.0,0.0,0.0,
,107.0,0.0,0.0,0.0,
,108.0,0.0,0.0,0.0,
,109.0,0.0,0.0,0.0,
,110.0,0.0,0.0,0.0,
,111.0,0.0,0.0,0.0,
,112.0,0.0,0.0,0.0,
,113.0,0.0,0.0,0.0,
,114.0,0.0,0.0,0.0,
,115.0,0.0,0.0,0.0,
,116.0,0.0,0.0,0.0,
,117.0,0.0,0.0,0.0,
,118.0,0.0,0.0,0.0,
,119.0,0.0,0.0,0.0,
,120.0,0.0,0.0,0.0,
,121.0,0.0,0.0,0.0,
,122.0,0.0,0.0,0.0,
,123.0,0.0,0.0,0.0,
,0.0,0.0,0.0,0.0,
,1.0,0.0,0.0,0.0,
,2.0,0.0526066777869387,21042.67111477549,0.0,0.0
,3.0,0.0087951264790001,3518.050591600057,0.0,0.0
,4.0,0.0,0.0,0.0,
,5.0,0.0,0.0,0.0,
,6.0,0.0,0.0,0.0,
,7.0,0.0085462102179138,3418.484087165557,0.0,
,8.0,0.0,0.0,0.0,
,9.0,0.0,0.0,0.0,
,10.0,0.0,0.0,0.0,
,11.0,0.0,0.0,0.0,
,12.0,0.0,0.0,0.0,
,13.0,0.100187337374944,40074.934949977614,0.0,0.0
,14.0,0.0,0.0,0.0,
,15.0,0.0386122836439389,15444.913457575576,0.0,0.0
,16.0,0.0,0.0,0.0,
,17.0,0.0,0.0,0.0,
,18.0,0.0147889156876281,5915.566275051254,0.0,
,19.0,0.0,0.0,0.0,
,20.0,0.0,0.0,0.0,
,21.0,0.0,0.0,0.0,
,22.0,0.0,0.0,0.0,
,23.0,0.0,0.0,0.0,
,24.0,0.0,0.0,0.0,
,25.0,0.0052149460974661,2085.978438986479,0.0,0.0
,26.0,0.0,0.0,0.0,
,27.0,0.0,0.0,0.0,
,28.0,0.0,0.0,0.0,
,29.0,0.058371384316704,23348.553726681625,0.0,0.0
,30.0,0.0,0.0,0.0,
,31.0,0.0,0.0,0.0,
,32.0,0.0,0.0,0.0,
,33.0,0.1167889910686247,46715.59642744991,0.0,0.0
,34.0,0.0,0.0,0.0,
,35.0,0.0,0.0,0.0,
,36.0,0.0259903261268717,10396.130450748688,0.0,0.0
,37.0,0.0,0.0,0.0,
,38.0,0.0,0.0,0.0,
,39.0,0.0,0.0,0.0,
,40.0,0.0,0.0,0.0,
,41.0,0.0,0.0,0.0,
,42.0,0.0,0.0,0.0,
,43.0,0.0703960090146148,28158.403605845942,0.0,0.0
,44.0,0.0,0.0,0.0,
,45.0,0.0,0.0,0.0,
,46.0,0.0,0.0,0.0,
,47.0,0.0,0.0,0.0,
,48.0,0.0,0.0,0.0,
,49.0,0.0,0.0,0.0,
,50.0,0.0,0.0,0.0,
,51.0,0.0028845305994713,1153.8122397885493,0.0,
,52.0,0.0,0.0,0.0,
,53.0,0.0,0.0,0.0,
,54.0,0.0,0.0,0.0,
,55.0,0.0,0.0,0.0,
,56.0,0.0,0.0,0.0,
,57.0,0.0,0.0,0.0,
,58.0,0.0,0.0,0.0,
,59.0,0.0,0.0,0.0,
,60.0,0.0,0.0,0.0,
,61.0,0.0,0.0,0.0,
,62.0,0.0,0.0,0.0,
,63.0,0.0453668404379762,18146.73617519048,0.0,0.0
,64.0,0.0,0.0,0.0,
,65.0,0.0,0.0,0.0,
,66.0,0.0,0.0,0.0,
,67.0,0.0,0.0,0.0,
,68.0,0.0,0.0,0.0,
,69.0,0.0,0.0,0.0,
,70.0,0.0,0.0,0.0,
,71.0,0.0,0.0,0.0,
,72.0,0.0,0.0,0.0,
,73.0,0.0,0.0,0.0,
,74.0,0.0318937962802536,12757.518512101444,0.0,0.0
,75.0,0.0,0.0,0.0,
,76.0,0.0,0.0,0.0,
,77.0,0.0,0.0,0.0,
,78.0,0.0,0.0,0.0,
,79.0,0.0,0.0,0.0,
,80.0,0.0,0.0,0.0,
,81.0,0.0280564961466159,11222.598458646387,0.0,0.0
,82.0,0.0,0.0,0.0,
,83.0,0.0,0.0,0.0,
,84.0,0.0,0.0,0.0,
,85.0,0.0,0.0,0.0,
,86.0,0.0360147147692707,14405.8859077083,0.0,0.0
,87.0,0.0049947231730515,1997.889269220609,0.0,0.0
,88.0,0.0,0.0,0.0,
,89.0,0.0,0.0,0.0,
,90.0,0.0,0.0,0.0,
,91.0,0.0,0.0,0.0,
,92.0,0.0,0.0,0.0,
,93.0,0.0873222910477562,34928.91641910251,0.0,0.0
,94.0,0.0,0.0,0.0,
,95.0,0.0,0.0,0.0,
,96.0,0.0,0.0,0.0,
,97.0,0.0,0.0,0.0,
,98.0,0.0,0.0,0.0,
,99.0,0.0,0.0,0.0,
,100.0,0.0433321031854964,17332.84127419859,0.0,0.0
,101.0,0.0,0.0,0.0,
,102.0,0.0,0.0,0.0,
,103.0,0.0,0.0,0.0,
,104.0,0.0,0.0,0.0,
,105.0,0.0,0.0,0.0,
,106.0,0.0,0.0,0.0,
,107.0,0.0,0.0,0.0,
,108.0,0.0,0.0,0.0,
,109.0,0.0,0.0,0.0,
,110.0,0.0,0.0,0.0,
,111.0,0.0,0.0,0.0,
,112.0,0.0,0.0,0.0,
,113.0,0.0,0.0,0.0,
,114.0,0.0,0.0,0.0,
,115.0,0.0,0.0,0.0,
,116.0,0.0,0.0,0.0,
,117.0,0.0,0.0,0.0,
,118.0,0.0,0.0,0.0,
,119.0,0.0,0.0,0.0,
,120.0,0.0,0.0,0.0,
,121.0,0.0,0.0,0.0,
,122.0,0.0,0.0,0.0,
,123.0,0.0,0.0,0.0,
,0.0,0.0,0.0,0.0,
,1.0,0.0,0.0,0.0,
,2.0,0.051518660280624,20607.46411224961,0.0,0.0
,3.0,0.0458796393579848,18351.855743193955,0.0,0.0
,4.0,0.0,0.0,0.0,
,5.0,0.0,0.0,0.0,
,6.0,0.0,0.0,0.0,
,7.0,0.0008272849919174,330.91399676699405,0.0,
,8.0,0.0,0.0,0.0,
,9.0,0.0,0.0,0.0,
,10.0,0.0,0.0,0.0,
,11.0,0.0,0.0,0.0,
,12.0,0.0,0.0,0.0,
,13.0,0.0591691840939679,23667.67363758719,0.0,0.0
,14.0,0.0,0.0,0.0,
,15.0,0.0466131517339469,18645.260693578795,0.0,0.0
,16.0,0.0,0.0,0.0,
,17.0,0.0,0.0,0.0,
,18.0,0.0327126417435804,13085.056697432165,0.0,0.0
,19.0,0.0,0.0,0.0,
,20.0,0.0,0.0,0.0,
,21.0,0.0,0.0,0.0,
,22.0,0.0,0.0,0.0,
,23.0,0.0,0.0,0.0,
,24.0,0.0,0.0,0.0,
,25.0,0.0373652848932144,14946.113957285756,0.0,0.0
,26.0,0.0,0.0,0.0,
,27.0,0.0,0.0,0.0,
,28.0,0.0,0.0,0.0,
,29.0,0.2202887792504897,88115.51170019587,0.0,0.0
,30.0,0.0,0.0,0.0,
,31.0,0.0,0.0,0.0,
,32.0,0.0,0.0,0.0,
,33.0,0.2430941770266329,97237.67081065316,0.0,0.0
,34.0,0.0,0.0,0.0,
,35.0,0.0,0.0,0.0,
,36.0,0.0392166105335151,15686.644213406073,0.0,0.0
,37.0,0.0,0.0,0.0,
,38.0,0.0,0.0,0.0,
,39.0,0.0,0.0,0.0,
,40.0,0.0,0.0,0.0,
,41.0,0.0,0.0,0.0,
,42.0,0.0,0.0,0.0,
,43.0,0.0477526461943143,19101.05847772575,0.0,0.0
,44.0,0.0,0.0,0.0,
,45.0,0.0,0.0,0.0,
,46.0,0.0,0.0,0.0,
,47.0,0.0,0.0,0.0,
,48.0,0.0,0.0,0.0,
,49.0,0.0,0.0,0.0,
,50.0,0.0,0.0,0.0,
,51.0,0.0658452341481436,26338.09365925748,0.0,0.0
,52.0,0.0,0.0,0.0,
,53.0,0.0,0.0,0.0,
,54.0,0.0,0.0,0.0,
,55.0,0.0,0.0,0.0,
,56.0,0.0,0.0,0.0,
,57.0,0.0,0.0,0.0,
,58.0,0.0,0.0,0.0,
,59.0,0.0,0.0,0.0,
,60.0,0.0,0.0,0.0,
,61.0,0.0,0.0,0.0,
,62.0,0.0,0.0,0.0,
,63.0,0.0516638315648021,20665.532625920863,0.0,0.0
,64.0,0.0,0.0,0.0,
,65.0,0.0,0.0,0.0,
,66.0,0.0,0.0,0.0,
,67.0,0.0,0.0,0.0,
,68.0,0.0,0.0,0.0,
,69.0,0.0,0.0,0.0,
,70.0,0.0,0.0,0.0,
,71.0,0.0,0.0,0.0,
,72.0,0.0,0.0,0.0,
,73.0,0.0,0.0,0.0,
,74.0,0.0061866666666666,2474.666666666665,0.0,0.0
,75.0,0.0,0.0,0.0,
,76.0,0.0,0.0,0.0,
,77.0,0.0,0.0,0.0,
,78.0,0.0,0.0,0.0,
,79.0,0.0,0.0,0.0,
,80.0,0.0,0.0,0.0,
,81.0,0.0240591551264942,9623.662050597688,0.0,
,82.0,0.0,0.0,0.0,
,83.0,0.0,0.0,0.0,
,84.0,0.0,0.0,0.0,
,85.0,0.0,0.0,0.0,
,86.0,0.000440253983075,176.10159323002162,0.0,
,87.0,0.0395272841337484,15810.91365349938,0.0,
,88.0,0.0,0.0,0.0,
,89.0,0.0,0.0,0.0,
,90.0,0.0,0.0,0.0,
,91.0,0.0,0.0,0.0,
,92.0,0.0,0.0,0.0,
,93.0,0.0479684155295471,19187.36621181888,0.0,0.0
,94.0,0.0,0.0,0.0,
,95.0,0.0,0.0,0.0,
,96.0,0.0,0.0,0.0,
,97.0,0.0,0.0,0.0,
,98.0,0.0,0.0,0.0,
,99.0,0.0,0.0,0.0,
,100.0,0.053044688536184,21217.87541447363,0.0,0.0
,101.0,0.0,0.0,0.0,
,102.0,0.0,0.0,0.0,
,103.0,0.0,0.0,0.0,
,104.0,0.0,0.0,0.0,
,105.0,0.0,0.0,0.0,
,106.0,0.0,0.0,0.0,
,107.0,0.0,0.0,0.0,
,108.0,0.0,0.0,0.0,
,109.0,0.0,0.0,0.0,
,110.0,0.0,0.0,0.0,
,111.0,0.0,0.0,0.0,
,112.0,0.0,0.0,0.0,
,113.0,0.0,0.0,0.0,
,114.0,0.0,0.0,0.0,
,115.0,0.0,0.0,0.0,
,116.0,0.0,0.0,0.0,
,117.0,0.0,0.0,0.0,
,118.0,0.0,0.0,0.0,
,119.0,0.0,0.0,0.0,
,120.0,0.0,0.0,0.0,
,121.0,0.0,0.0,0.0,
,122.0,0.0,0.0,0.0,
,123.0,0.0,0.0,0.0,
,0.0,0.0,0.0,0.0,
,1.0,0.0,0.0,0.0,
,2.0,0.006179841217287,2471.936486914832,0.0,
,3.0,0.0,0.0,0.0,
,4.0,0.0,0.0,0.0,
,5.0,0.0,0.0,0.0,
,6.0,0.0,0.0,0.0,
,7.0,0.0171199999999999,6847.999999999999,0.0,0.0
,8.0,0.0,0.0,0.0,
,9.0,0.0,0.0,0.0,
,10.0,0.0,0.0,0.0,
,11.0,0.0,0.0,0.0,
,12.0,0.0,0.0,0.0,
,13.0,0.0562534594368302,22501.38377473211,0.0,0.0
,14.0,0.0,0.0,0.0,
,15.0,0.0390592463896983,15623.69855587934,0.0,0.0
,16.0,0.0,0.0,0.0,
,17.0,0.0,0.0,0.0,
,18.0,0.0,0.0,0.0,
,19.0,0.0,0.0,0.0,
,20.0,0.0,0.0,0.0,
,21.0,0.0,0.0,0.0,
,22.0,0.0,0.0,0.0,
,23.0,0.0,0.0,0.0,
,24.0,0.0,0.0,0.0,
,25.0,0.0,0.0,0.0,
,26.0,0.0,0.0,0.0,
,27.0,0.0,0.0,0.0,
,28.0,0.0,0.0,0.0,
,29.0,0.1086863081115219,43474.523244608754,0.0,0.0
,30.0,0.0,0.0,0.0,
,31.0,0.0,0.0,0.0,
,32.0,0.0,0.0,0.0,
,33.0,0.1852467909316726,74098.71637266906,0.0,0.0
,34.0,0.0,0.0,0.0,
,35.0,0.0,0.0,0.0,
,36.0,0.0378387527685725,15135.501107429036,0.0,0.0
,37.0,0.0,0.0,0.0,
,38.0,0.0,0.0,0.0,
,39.0,0.0,0.0,0.0,
,40.0,0.0,0.0,0.0,
,41.0,0.0,0.0,0.0,
,42.0,0.0,0.0,0.0,
,43.0,0.0,0.0,0.0,
,44.0,0.0,0.0,0.0,
,45.0,0.0,0.0,0.0,
,46.0,0.0,0.0,0.0,
,47.0,0.0,0.0,0.0,
,48.0,0.0,0.0,0.0,
,49.0,0.0,0.0,0.0,
,50.0,0.0,0.0,0.0,
,51.0,0.0697411810395928,27896.47241583712,0.0,0.0
,52.0,0.0,0.0,0.0,
,53.0,0.0,0.0,0.0,
,54.0,0.0,0.0,0.0,
,55.0,0.0,0.0,0.0,
,56.0,0.0,0.0,0.0,
,57.0,0.0,0.0,0.0,
,58.0,0.0,0.0,0.0,
,59.0,0.0,0.0,0.0,
,60.0,0.0,0.0,0.0,
,61.0,0.0,0.0,0.0,
,62.0,0.0,0.0,0.0,
,63.0,0.0330477534381579,13219.101375263184,0.0,0.0
,64.0,0.0,0.0,0.0,
,65.0,0.0,0.0,0.0,
,66.0,0.0,0.0,0.0,
,67.0,0.0,0.0,0.0,
,68.0,0.0,0.0,0.0,
,69.0,0.0,0.0,0.0,
,70.0,0.0,0.0,0.0,
,71.0,0.0,0.0,0.0,
,72.0,0.0,0.0,0.0,
,73.0,0.0,0.0,0.0,
,74.0,0.013075,5230.00000000001,0.0,0.0
,75.0,0.0,0.0,0.0,
,76.0,0.0,0.0,0.0,
,77.0,0.0,0.0,0.0,
,78.0,0.0,0.0,0.0,
,79.0,0.0,0.0,0.0,
,80.0,0.0,0.0,0.0,
,81.0,0.0,0.0,0.0,
,82.0,0.0,0.0,0.0,
,83.0,0.0,0.0,0.0,
,84.0,0.0,0.0,0.0,
,85.0,0.0,0.0,0.0,
,86.0,0.0,0.0,0.0,
,87.0,0.0,0.0,0.0,
,88.0,0.0,0.0,0.0,
,89.0,0.0,0.0,0.0,
,90.0,0.0,0.0,0.0,
,91.0,0.0,0.0,0.0,
,92.0,0.0,0.0,0.0,
,93.0,0.0187360119047618,7494.40476190476,0.0,0.0
,94.0,0.0,0.0,0.0,
,95.0,0.0,0.0,0.0,
,96.0,0.0,0.0,0.0,
,97.0,0.0,0.0,0.0,
,98.0,0.0,0.0,0.0,
,99.0,0.0,0.0,0.0,
,100.0,0.0163473214285714,6538.928571428566,0.0,0.0
,101.0,0.0,0.0,0.0,
,102.0,0.0,0.0,0.0,
,103.0,0.0,0.0,0.0,
,104.0,0.0,0.0,0.0,
,105.0,0.0,0.0,0.0,
,106.0,0.0,0.0,0.0,
,107.0,0.0,0.0,0.0,
,108.0,0.0,0.0,0.0,
,109.0,0.0,0.0,0.0,
,110.0,0.0,0.0,0.0,
,111.0,0.0,0.0,0.0,
,112.0,0.0,0.0,0.0,
,113.0,0.0,0.0,0.0,
,114.0,0.0,0.0,0.0,
,115.0,0.0,0.0,0.0,
,116.0,0.0,0.0,0.0,
,117.0,0.0,0.0,0.0,
,118.0,0.0,0.0,0.0,
,119.0,0.0,0.0,0.0,
,120.0,0.0,0.0,0.0,
,121.0,0.0,0.0,0.0,
,122.0,0.0,0.0,0.0,
,123.0,0.0,0.0,0.0,
,0.0,0.0,0.0,0.0,
,1.0,0.0,0.0,0.0,
,2.0,0.0242195544053191,9687.821762127654,0.0,0.0
,3.0,0.0178470223558491,7138.808942339661,0.0,0.0
,4.0,0.0,0.0,0.0,
,5.0,0.0,0.0,0.0,
,6.0,0.0,0.0,0.0,
,7.0,0.0049302332012031,1972.0932804812785,0.0,
,8.0,0.0,0.0,0.0,
,9.0,0.0,0.0,0.0,
,10.0,0.0,0.0,0.0,
,11.0,0.0,0.0,0.0,
,12.0,0.0,0.0,0.0,
,13.0,0.134512566057328,53805.026422931216,0.0,0.0
,14.0,0.0,0.0,0.0,
,15.0,0.1453541710326955,58141.66841307822,0.0,0.0
,16.0,0.0,0.0,0.0,
,17.0,0.0,0.0,0.0,
,18.0,0.0015132339667855,605.2935867142328,0.0,
,19.0,0.0,0.0,0.0,
,20.0,0.0,0.0,0.0,
,21.0,0.0,0.0,0.0,
,22.0,0.0,0.0,0.0,
,23.0,0.0,0.0,0.0,
,24.0,0.0,0.0,0.0,
,25.0,0.0048971019843555,1958.8407937422087,0.0,0.0
,26.0,0.0,0.0,0.0,
,27.0,0.0,0.0,0.0,
,28.0,0.0,0.0,0.0,
,29.0,0.152468616297726,60987.44651909041,0.0,0.0
,30.0,0.0,0.0,0.0,
,31.0,0.0,0.0,0.0,
,32.0,0.0,0.0,0.0,
,33.0,0.1734516695821236,69380.66783284945,0.0,0.0
,34.0,0.0,0.0,0.0,
,35.0,0.0,0.0,0.0,
,36.0,0.0039035135220823,1561.4054088329583,0.0,0.0
,37.0,0.0,0.0,0.0,
,38.0,0.0,0.0,0.0,
,39.0,0.0,0.0,0.0,
,40.0,0.0,0.0,0.0,
,41.0,0.0,0.0,0.0,
,42.0,0.0,0.0,0.0,
,43.0,0.0,0.0,0.0,
,44.0,0.0,0.0,0.0,
,45.0,0.0,0.0,0.0,
,46.0,0.0,0.0,0.0,
,47.0,0.0,0.0,0.0,
,48.0,0.0,0.0,0.0,
,49.0,0.0,0.0,0.0,
,50.0,0.0,0.0,0.0,
,51.0,0.0,0.0,0.0,
,52.0,0.0,0.0,0.0,
,53.0,0.0,0.0,0.0,
,54.0,0.0,0.0,0.0,
,55.0,0.0,0.0,0.0,
,56.0,0.0,0.0,0.0,
,57.0,0.0,0.0,0.0,
,58.0,0.0,0.0,0.0,
,59.0,0.0,0.0,0.0,
,60.0,0.0,0.0,0.0,
,61.0,0.0,0.0,0.0,
,62.0,0.0,0.0,0.0,
,63.0,0.1429139249824429,57165.56999297719,0.0,0.0
,64.0,0.0,0.0,0.0,
,65.0,0.0,0.0,0.0,
,66.0,0.0,0.0,0.0,
,67.0,0.0,0.0,0.0,
,68.0,0.0,0.0,0.0,
,69.0,0.0,0.0,0.0,
,70.0,0.0,0.0,0.0,
,71.0,0.0,0.0,0.0,
,72.0,0.0,0.0,0.0,
,73.0,0.0,0.0,0.0,
,74.0,0.0061866666666666,2474.666666666665,0.0,0.0
,75.0,0.0,0.0,0.0,
,76.0,0.0,0.0,0.0,
,77.0,0.0,0.0,0.0,
,78.0,0.0,0.0,0.0,
,79.0,0.0,0.0,0.0,
,80.0,0.0,0.0,0.0,
,81.0,0.0,0.0,0.0,
,82.0,0.0,0.0,0.0,
,83.0,0.0,0.0,0.0,
,84.0,0.0,0.0,0.0,
,85.0,0.0,0.0,0.0,
,86.0,0.0190633324178589,7625.33296714356,0.0,0.0
,87.0,0.0117293462062529,4691.738482501188,0.0,0.0
,88.0,0.0,0.0,0.0,
,89.0,0.0,0.0,0.0,
,90.0,0.0,0.0,0.0,
,91.0,0.0,0.0,0.0,
,92.0,0.0,0.0,0.0,
,93.0,0.0759512206159249,30380.48824637,0.0,0.0
,94.0,0.0,0.0,0.0,
,95.0,0.0,0.0,0.0,
,96.0,0.0,0.0,0.0,
,97.0,0.0,0.0,0.0,
,98.0,0.0,0.0,0.0,
,99.0,0.0,0.0,0.0,
,100.0,0.1257019643383712,50280.785735348494,0.0,0.0
,101.0,0.0,0.0,0.0,
,102.0,0.0,0.0,0.0,
,103.0,0.0,0.0,0.0,
,104.0,0.0,0.0,0.0,
,105.0,0.0,0.0,0.0,
,106.0,0.0,0.0,0.0,
,107.0,0.0,0.0,0.0,
,108.0,0.0,0.0,0.0,
,109.0,0.0,0.0,0.0,
,110.0,0.0,0.0,0.0,
,111.0,0.0,0.0,0.0,
,112.0,0.0,0.0,0.0,
,113.0,0.0,0.0,0.0,
,114.0,0.0,0.0,0.0,
,115.0,0.0,0.0,0.0,
,116.0,0.0,0.0,0.0,
,117.0,0.0,0.0,0.0,
,118.0,0.0,0.0,0.0,
,119.0,0.0,0.0,0.0,
,120.0,0.0,0.0,0.0,
,121.0,0.0,0.0,0.0,
,122.0,0.0,0.0,0.0,
,123.0,0.0,0.0,0.0,
,0.0,0.0,0.0,0.0,
,1.0,0.0,0.0,0.0,
,2.0,0.0012001783284353,480.07133137413047,0.0,0.0
,3.0,0.0,0.0,0.0,
,4.0,0.0,0.0,0.0,
,5.0,0.0,0.0,0.0,
,6.0,0.0,0.0,0.0,
,7.0,0.0,0.0,0.0,
,8.0,0.0,0.0,0.0,
,9.0,0.0,0.0,0.0,
,10.0,0.0,0.0,0.0,
,11.0,0.0,0.0,0.0,
,12.0,0.0,0.0,0.0,
,13.0,0.0384064191998175,15362.567679927031,0.0,
,14.0,0.0,0.0,0.0,
,15.0,0.0489078017036891,19563.12068147568,0.0,0.0
,16.0,0.0,0.0,0.0,
,17.0,0.0,0.0,0.0,
,18.0,0.0416997530676721,16679.90122706884,0.0,
,19.0,0.0,0.0,0.0,
,20.0,0.0,0.0,0.0,
,21.0,0.0,0.0,0.0,
,22.0,0.0,0.0,0.0,
,23.0,0.0,0.0,0.0,
,24.0,0.0,0.0,0.0,
,25.0,0.0487752565645623,19510.102625824933,0.0,0.0
,26.0,0.0,0.0,0.0,
,27.0,0.0,0.0,0.0,
,28.0,0.0,0.0,0.0,
,29.0,0.1002754819505029,40110.19278020117,0.0,0.0
,30.0,0.0,0.0,0.0,
,31.0,0.0,0.0,0.0,
,32.0,0.0,0.0,0.0,
,33.0,0.0882491234573249,35299.64938292999,0.0,0.0
,34.0,0.0,0.0,0.0,
,35.0,0.0,0.0,0.0,
,36.0,0.0,0.0,0.0,
,37.0,0.0,0.0,0.0,
,38.0,0.0,0.0,0.0,
,39.0,0.0,0.0,0.0,
,40.0,0.0,0.0,0.0,
,41.0,0.0,0.0,0.0,
,42.0,0.0,0.0,0.0,
,43.0,0.0315339640189788,12613.58560759155,0.0,0.0
,44.0,0.0,0.0,0.0,
,45.0,0.0,0.0,0.0,
,46.0,0.0,0.0,0.0,
,47.0,0.0,0.0,0.0,
,48.0,0.0,0.0,0.0,
,49.0,0.0,0.0,0.0,
,50.0,0.0,0.0,0.0,
,51.0,0.0343978855157411,13759.154206296462,0.0,
,52.0,0.0,0.0,0.0,
,53.0,0.0,0.0,0.0,
,54.0,0.0,0.0,0.0,
,55.0,0.0,0.0,0.0,
,56.0,0.0,0.0,0.0,
,57.0,0.0,0.0,0.0,
,58.0,0.0,0.0,0.0,
,59.0,0.0,0.0,0.0,
,60.0,0.0,0.0,0.0,
,61.0,0.0,0.0,0.0,
,62.0,0.0,0.0,0.0,
,63.0,0.0223078908435492,8923.15633741971,0.0,0.0
,64.0,0.0,0.0,0.0,
,65.0,0.0,0.0,0.0,
,66.0,0.0,0.0,0.0,
,67.0,0.0,0.0,0.0,
,68.0,0.0,0.0,0.0,
,69.0,0.0,0.0,0.0,
,70.0,0.0,0.0,0.0,
,71.0,0.0,0.0,0.0,
,72.0,0.0,0.0,0.0,
,73.0,0.0,0.0,0.0,
,74.0,0.0476519945803179,19060.79783212716,0.0,0.0
,75.0,0.0,0.0,0.0,
,76.0,0.0,0.0,0.0,
,77.0,0.0,0.0,0.0,
,78.0,0.0,0.0,0.0,
,79.0,0.0,0.0,0.0,
,80.0,0.0,0.0,0.0,
,81.0,0.0056610098667839,2264.4039467135776,0.0,0.0
,82.0,0.0,0.0,0.0,
,83.0,0.0,0.0,0.0,
,84.0,0.0,0.0,0.0,
,85.0,0.0,0.0,0.0,
,86.0,0.0064720503195676,2588.8201278270644,0.0,
,87.0,0.0001062734686241,42.50938744964013,0.0,
,88.0,0.0,0.0,0.0,
,89.0,0.0,0.0,0.0,
,90.0,0.0,0.0,0.0,
,91.0,0.0,0.0,0.0,
,92.0,0.0,0.0,0.0,
,93.0,0.0152299085930072,6091.963437202891,0.0,0.0
,94.0,0.0,0.0,0.0,
,95.0,0.0,0.0,0.0,
,96.0,0.0,0.0,0.0,
,97.0,0.0,0.0,0.0,
,98.0,0.0,0.0,0.0,
,99.0,0.0,0.0,0.0,
,100.0,0.0373760645145551,14950.425805822046,0.0,0.0
,101.0,0.0,0.0,0.0,
,102.0,0.0,0.0,0.0,
,103.0,0.0,0.0,0.0,
,104.0,0.0,0.0,0.0,
,105.0,0.0,0.0,0.0,
,106.0,0.0,0.0,0.0,
,107.0,0.0,0.0,0.0,
,108.0,0.0,0.0,0.0,
,109.0,0.0,0.0,0.0,
,110.0,0.0,0.0,0.0,
,111.0,0.0,0.0,0.0,
,112.0,0.0,0.0,0.0,
,113.0,0.0,0.0,0.0,
,114.0,0.0,0.0,0.0,
,115.0,0.0,0.0,0.0,
,116.0,0.0,0.0,0.0,
,117.0,0.0,0.0,0.0,
,118.0,0.0,0.0,0.0,
,119.0,0.0,0.0,0.0,
,120.0,0.0,0.0,0.0,
,121.0,0.0,0.0,0.0,
,122.0,0.0,0.0,0.0,
,123.0,0.0,0.0,0.0,
,0.0,0.0,0.0,0.0,
,1.0,0.0,0.0,0.0,
,2.0,0.0008396925640378,335.87702561513265,0.0,0.0
,3.0,0.0011200971610131,448.0388644052588,0.0,0.0
,4.0,0.0,0.0,0.0,
,5.0,0.0,0.0,0.0,
,6.0,0.0,0.0,0.0,
,7.0,0.0015444954476349,617.7981790539776,0.0,0.0
,8.0,0.0,0.0,0.0,
,9.0,0.0,0.0,0.0,
,10.0,0.0,0.0,0.0,
,11.0,0.0,0.0,0.0,
,12.0,0.0,0.0,0.0,
,13.0,0.1159764574339924,46390.58297359699,0.0,0.0
,14.0,0.0,0.0,0.0,
,15.0,0.0418505129654252,16740.205186170104,0.0,0.0
,16.0,0.0,0.0,0.0,
,17.0,0.0,0.0,0.0,
,18.0,0.0082741533710597,3309.661348423919,0.0,0.0
,19.0,0.0,0.0,0.0,
,20.0,0.0,0.0,0.0,
,21.0,0.0,0.0,0.0,
,22.0,0.0,0.0,0.0,
,23.0,0.0,0.0,0.0,
,24.0,0.0,0.0,0.0,
,25.0,0.0048141489371697,1925.6595748678933,0.0,0.0
,26.0,0.0,0.0,0.0,
,27.0,0.0,0.0,0.0,
,28.0,0.0,0.0,0.0,
,29.0,0.1082001387388786,43280.05549555145,0.0,0.0
,30.0,0.0,0.0,0.0,
,31.0,0.0,0.0,0.0,
,32.0,0.0,0.0,0.0,
,33.0,0.2551598810183443,102063.95240733775,0.0,0.0
,34.0,0.0,0.0,0.0,
,35.0,0.0,0.0,0.0,
,36.0,0.0,0.0,0.0,
,37.0,0.0,0.0,0.0,
,38.0,0.0,0.0,0.0,
,39.0,0.0,0.0,0.0,
,40.0,0.0,0.0,0.0,
,41.0,0.0,0.0,0.0,
,42.0,0.0,0.0,0.0,
,43.0,0.0,0.0,0.0,
,44.0,0.0,0.0,0.0,
,45.0,0.0,0.0,0.0,
,46.0,0.0,0.0,0.0,
,47.0,0.0,0.0,0.0,
,48.0,0.0,0.0,0.0,
,49.0,0.0,0.0,0.0,
,50.0,0.0,0.0,0.0,
,51.0,0.0,0.0,0.0,
,52.0,0.0,0.0,0.0,
,53.0,0.0,0.0,0.0,
,54.0,0.0,0.0,0.0,
,55.0,0.0,0.0,0.0,
,56.0,0.0,0.0,0.0,
,57.0,0.0,0.0,0.0,
,58.0,0.0,0.0,0.0,
,59.0,0.0,0.0,0.0,
,60.0,0.0,0.0,0.0,
,61.0,0.0,0.0,0.0,
,62.0,0.0,0.0,0.0,
,63.0,0.0542442259487197,21697.690379487904,0.0,0.0
,64.0,0.0,0.0,0.0,
,65.0,0.0,0.0,0.0,
,66.0,0.0,0.0,0.0,
,67.0,0.0,0.0,0.0,
,68.0,0.0,0.0,0.0,
,69.0,0.0,0.0,0.0,
,70.0,0.0,0.0,0.0,
,71.0,0.0,0.0,0.0,
,72.0,0.0,0.0,0.0,
,73.0,0.0,0.0,0.0,
,74.0,0.0,0.0,0.0,
,75.0,0.0,0.0,0.0,
,76.0,0.0,0.0,0.0,
,77.0,0.0,0.0,0.0,
,78.0,0.0,0.0,0.0,
,79.0,0.0,0.0,0.0,
,80.0,0.0,0.0,0.0,
,81.0,0.0,0.0,0.0,
,82.0,0.0,0.0,0.0,
,83.0,0.0,0.0,0.0,
,84.0,0.0,0.0,0.0,
,85.0,0.0,0.0,0.0,
,86.0,0.0,0.0,0.0,
,87.0,0.0,0.0,0.0,
,88.0,0.0,0.0,0.0,
,89.0,0.0,0.0,0.0,
,90.0,0.0,0.0,0.0,
,91.0,0.0,0.0,0.0,
,92.0,0.0,0.0,0.0,
,93.0,0.0247476431630463,9899.057265218546,0.0,0.0
,94.0,0.0,0.0,0.0,
,95.0,0.0,0.0,0.0,
,96.0,0.0,0.0,0.0,
,97.0,0.0,0.0,0.0,
,98.0,0.0,0.0,0.0,
,99.0,0.0,0.0,0.0,
,100.0,0.0398652199173442,15946.087966937692,0.0,0.0
,101.0,0.0,0.0,0.0,
,102.0,0.0,0.0,0.0,
,103.0,0.0,0.0,0.0,
,104.0,0.0,0.0,0.0,
,105.0,0.0,0.0,0.0,
,106.0,0.0,0.0,0.0,
,107.0,0.0,0.0,0.0,
,108.0,0.0,0.0,0.0,
,109.0,0.0,0.0,0.0,
,110.0,0.0,0.0,0.0,
,111.0,0.0,0.0,0.0,
,112.0,0.0,0.0,0.0,
,113.0,0.0,0.0,0.0,
,114.0,0.0,0.0,0.0,
,115.0,0.0,0.0,0.0,
,116.0,0.0,0.0,0.0,
,117.0,0.0,0.0,0.0,
,118.0,0.0,0.0,0.0,
,119.0,0.0,0.0,0.0,
,120.0,0.0,0.0,0.0,
,121.0,0.0,0.0,0.0,
,122.0,0.0,0.0,0.0,
,123.0,0.0,0.0,0.0,
,0.0,0.0,0.0,0.0,
,1.0,0.0,0.0,0.0,
,2.0,0.0433909281527643,17356.37126110575,0.0,0.0
,3.0,0.0181105252424275,7244.21009697101,0.0,0.0
,4.0,0.0,0.0,0.0,
,5.0,0.0,0.0,0.0,
,6.0,0.0,0.0,0.0,
,7.0,0.0,0.0,0.0,
,8.0,0.0,0.0,0.0,
,9.0,0.0,0.0,0.0,
,10.0,0.0,0.0,0.0,
,11.0,0.0,0.0,0.0,
,12.0,0.0,0.0,0.0,
,13.0,0.1732319195587823,69292.76782351294,0.0,0.0
,14.0,0.0,0.0,0.0,
,15.0,0.1844641343929211,73785.65375716846,0.0,0.0
,16.0,0.0,0.0,0.0,
,17.0,0.0,0.0,0.0,
,18.0,0.0103295351495194,4131.814059807772,0.0,0.0
,19.0,0.0,0.0,0.0,
,20.0,0.0,0.0,0.0,
,21.0,0.0,0.0,0.0,
,22.0,0.0,0.0,0.0,
,23.0,0.0,0.0,0.0,
,24.0,0.0,0.0,0.0,
,25.0,0.0064790225941495,2591.609037659823,0.0,
,26.0,0.0,0.0,0.0,
,27.0,0.0,0.0,0.0,
,28.0,0.0,0.0,0.0,
,29.0,0.2021302869741421,80852.11478965684,0.0,0.0
,30.0,0.0,0.0,0.0,
,31.0,0.0,0.0,0.0,
,32.0,0.0,0.0,0.0,
,33.0,0.312900580643964,125160.2322575856,0.0,0.0
,34.0,0.0,0.0,0.0,
,35.0,0.0,0.0,0.0,
,36.0,0.0427254510322186,17090.180412887457,0.0,0.0
,37.0,0.0,0.0,0.0,
,38.0,0.0,0.0,0.0,
,39.0,0.0,0.0,0.0,
,40.0,0.0,0.0,0.0,
,41.0,0.0,0.0,0.0,
,42.0,0.0,0.0,0.0,
,43.0,0.0,0.0,0.0,
,44.0,0.0,0.0,0.0,
,45.0,0.0,0.0,0.0,
,46.0,0.0,0.0,0.0,
,47.0,0.0,0.0,0.0,
,48.0,0.0,0.0,0.0,
,49.0,0.0,0.0,0.0,
,50.0,0.0,0.0,0.0,
,51.0,0.057314580150105,22925.832060042,0.0,0.0
,52.0,0.0,0.0,0.0,
,53.0,0.0,0.0,0.0,
,54.0,0.0,0.0,0.0,
,55.0,0.0,0.0,0.0,
,56.0,0.0,0.0,0.0,
,57.0,0.0,0.0,0.0,
,58.0,0.0,0.0,0.0,
,59.0,0.0,0.0,0.0,
,60.0,0.0,0.0,0.0,
,61.0,0.0,0.0,0.0,
,62.0,0.0,0.0,0.0,
,63.0,0.0581829835078546,23273.193403141864,0.0,0.0
,64.0,0.0,0.0,0.0,
,65.0,0.0,0.0,0.0,
,66.0,0.0,0.0,0.0,
,67.0,0.0,0.0,0.0,
,68.0,0.0,0.0,0.0,
,69.0,0.0,0.0,0.0,
,70.0,0.0,0.0,0.0,
,71.0,0.0,0.0,0.0,
,72.0,0.0,0.0,0.0,
,73.0,0.0,0.0,0.0,
,74.0,0.0224857950212212,8994.318008488497,0.0,0.0
,75.0,0.0,0.0,0.0,
,76.0,0.0,0.0,0.0,
,77.0,0.0,0.0,0.0,
,78.0,0.0,0.0,0.0,
,79.0,0.0,0.0,0.0,
,80.0,0.0,0.0,0.0,
,81.0,0.0006441649963163,257.66599852654616,0.0,
,82.0,0.0,0.0,0.0,
,83.0,0.0,0.0,0.0,
,84.0,0.0,0.0,0.0,
,85.0,0.0,0.0,0.0,
,86.0,0.0118069789733997,4722.791589359913,0.0,0.0
,87.0,0.0381536930227609,15261.477209104369,0.0,0.0
,88.0,0.0,0.0,0.0,
,89.0,0.0,0.0,0.0,
,90.0,0.0,0.0,0.0,
,91.0,0.0,0.0,0.0,
,92.0,0.0,0.0,0.0,
,93.0,0.0581850643137395,23274.025725495827,0.0,0.0
,94.0,0.0,0.0,0.0,
,95.0,0.0,0.0,0.0,
,96.0,0.0,0.0,0.0,
,97.0,0.0,0.0,0.0,
,98.0,0.0,0.0,0.0,
,99.0,0.0,0.0,0.0,
,100.0,0.0288790635479575,11551.62541918301,0.0,0.0
,101.0,0.0,0.0,0.0,
,102.0,0.0,0.0,0.0,
,103.0,0.0,0.0,0.0,
,104.0,0.0,0.0,0.0,
,105.0,0.0,0.0,0.0,
,106.0,0.0,0.0,0.0,
,107.0,0.0,0.0,0.0,
,108.0,0.0,0.0,0.0,
,109.0,0.0,0.0,0.0,
,110.0,0.0,0.0,0.0,
,111.0,0.0,0.0,0.0,
,112.0,0.0,0.0,0.0,
,113.0,0.0,0.0,0.0,
,114.0,0.0,0.0,0.0,
,115.0,0.0,0.0,0.0,
,116.0,0.0,0.0,0.0,
,117.0,0.0,0.0,0.0,
,118.0,0.0,0.0,0.0,
,119.0,0.0,0.0,0.0,
,120.0,0.0,0.0,0.0,
,121.0,0.0,0.0,0.0,
,122.0,0.0,0.0,0.0,
,123.0,0.0,0.0,0.0,
,0.0,0.0,0.0,0.0,
,1.0,0.0,0.0,0.0,
,2.0,0.1481037410533118,59241.49642132474,0.0,0.0
,3.0,0.0660738431960157,26429.537278406304,0.0,0.0
,4.0,0.0,0.0,0.0,
,5.0,0.0,0.0,0.0,
,6.0,0.0,0.0,0.0,
,7.0,0.0209875293965331,8395.011758613278,0.0,0.0
,8.0,0.0,0.0,0.0,
,9.0,0.0,0.0,0.0,
,10.0,0.0,0.0,0.0,
,11.0,0.0,0.0,0.0,
,12.0,0.0,0.0,0.0,
,13.0,0.2492817557871562,99712.7023148625,0.0,0.0
,14.0,0.0,0.0,0.0,
,15.0,0.2814854804121451,112594.19216485806,0.0,0.0
,16.0,0.0,0.0,0.0,
,17.0,0.0,0.0,0.0,
,18.0,0.0,0.0,0.0,
,19.0,0.0,0.0,0.0,
,20.0,0.0,0.0,0.0,
,21.0,0.0,0.0,0.0,
,22.0,0.0,0.0,0.0,
,23.0,0.0,0.0,0.0,
,24.0,0.0,0.0,0.0,
,25.0,0.0,0.0,0.0,
,26.0,0.0,0.0,0.0,
,27.0,0.0,0.0,0.0,
,28.0,0.0,0.0,0.0,
,29.0,0.1900313081331611,76012.52325326444,0.0,0.0
,30.0,0.0,0.0,0.0,
,31.0,0.0,0.0,0.0,
,32.0,0.0,0.0,0.0,
,33.0,0.3766962972444899,150678.51889779596,0.0,0.0
,34.0,0.0,0.0,0.0,
,35.0,0.0,0.0,0.0,
,36.0,0.0616361982928241,24654.47931712965,0.0,0.0
,37.0,0.0,0.0,0.0,
,38.0,0.0,0.0,0.0,
,39.0,0.0,0.0,0.0,
,40.0,0.0,0.0,0.0,
,41.0,0.0,0.0,0.0,
,42.0,0.0,0.0,0.0,
,43.0,0.0084371156208565,3374.846248342604,0.0,
,44.0,0.0,0.0,0.0,
,45.0,0.0,0.0,0.0,
,46.0,0.0,0.0,0.0,
,47.0,0.0,0.0,0.0,
,48.0,0.0,0.0,0.0,
,49.0,0.0,0.0,0.0,
,50.0,0.0,0.0,0.0,
,51.0,0.0001218783645853,48.75134583412024,0.0,
,52.0,0.0,0.0,0.0,
,53.0,0.0,0.0,0.0,
,54.0,0.0,0.0,0.0,
,55.0,0.0,0.0,0.0,
,56.0,0.0,0.0,0.0,
,57.0,0.0,0.0,0.0,
,58.0,0.0,0.0,0.0,
,59.0,0.0,0.0,0.0,
,60.0,0.0,0.0,0.0,
,61.0,0.0,0.0,0.0,
,62.0,0.0,0.0,0.0,
,63.0,0.177078590699351,70831.43627974039,0.0,0.0
,64.0,0.0,0.0,0.0,
,65.0,0.0,0.0,0.0,
,66.0,0.0,0.0,0.0,
,67.0,0.0,0.0,0.0,
,68.0,0.0,0.0,0.0,
,69.0,0.0,0.0,0.0,
,70.0,0.0,0.0,0.0,
,71.0,0.0,0.0,0.0,
,72.0,0.0,0.0,0.0,
,73.0,0.0,0.0,0.0,
,74.0,0.0420995691169799,16839.827646791975,0.0,0.0
,75.0,0.0,0.0,0.0,
,76.0,0.0,0.0,0.0,
,77.0,0.0,0.0,0.0,
,78.0,0.0,0.0,0.0,
,79.0,0.0,0.0,0.0,
,80.0,0.0,0.0,0.0,
,81.0,0.0033132201135991,1325.288045439652,0.0,
,82.0,0.0,0.0,0.0,
,83.0,0.0,0.0,0.0,
,84.0,0.0,0.0,0.0,
,85.0,0.0,0.0,0.0,
,86.0,0.0101566128280865,4062.645131234625,0.0,0.0
,87.0,0.0517834644158035,20713.38576632141,0.0,0.0
,88.0,0.0,0.0,0.0,
,89.0,0.0,0.0,0.0,
,90.0,0.0,0.0,0.0,
,91.0,0.0,0.0,0.0,
,92.0,0.0,0.0,0.0,
,93.0,0.1736370388119486,69454.81552477945,0.0,0.0
,94.0,0.0,0.0,0.0,
,95.0,0.0,0.0,0.0,
,96.0,0.0,0.0,0.0,
,97.0,0.0,0.0,0.0,
,98.0,0.0,0.0,0.0,
,99.0,0.0,0.0,0.0,
,100.0,0.084855551178932,33942.22047157283,0.0,0.0
,101.0,0.0,0.0,0.0,
,102.0,0.0,0.0,0.0,
,103.0,0.0,0.0,0.0,
,104.0,0.0,0.0,0.0,
,105.0,0.0,0.0,0.0,
,106.0,0.0,0.0,0.0,
,107.0,0.0,0.0,0.0,
,108.0,0.0,0.0,0.0,
,109.0,0.0,0.0,0.0,
,110.0,0.0,0.0,0.0,
,111.0,0.0,0.0,0.0,
,112.0,0.0,0.0,0.0,
,113.0,0.0,0.0,0.0,
,114.0,0.0,0.0,0.0,
,115.0,0.0,0.0,0.0,
,116.0,0.0,0.0,0.0,
,117.0,0.0,0.0,0.0,
,118.0,0.0,0.0,0.0,
,119.0,0.0,0.0,0.0,
,120.0,0.0,0.0,0.0,
,121.0,0.0,0.0,0.0,
,122.0,0.0,0.0,0.0,
,123.0,0.0,0.0,0.0,
,0.0,0.0,0.0,0.0,
,1.0,0.0,0.0,0.0,
,2.0,0.0137716804242055,5508.672169682209,0.0,0.0
,3.0,0.0001804033995907,72.16135983630778,0.0,
,4.0,0.0,0.0,0.0,
,5.0,0.0,0.0,0.0,
,6.0,0.0,0.0,0.0,
,7.0,0.0,0.0,0.0,
,8.0,0.0,0.0,0.0,
,9.0,0.0,0.0,0.0,
,10.0,0.0,0.0,0.0,
,11.0,0.0,0.0,0.0,
,12.0,0.0,0.0,0.0,
,13.0,0.1354928359505416,54197.13438021663,0.0,0.0
,14.0,0.0,0.0,0.0,
,15.0,0.1074319204770305,42972.76819081223,0.0,0.0
,16.0,0.0,0.0,0.0,
,17.0,0.0,0.0,0.0,
,18.0,0.0,0.0,0.0,
,19.0,0.0,0.0,0.0,
,20.0,0.0,0.0,0.0,
,21.0,0.0,0.0,0.0,
,22.0,0.0,0.0,0.0,
,23.0,0.0,0.0,0.0,
,24.0,0.0,0.0,0.0,
,25.0,0.0,0.0,0.0,
,26.0,0.0,0.0,0.0,
,27.0,0.0,0.0,0.0,
,28.0,0.0,0.0,0.0,
,29.0,0.1490054884345157,59602.19537380627,0.0,0.0
,30.0,0.0,0.0,0.0,
,31.0,0.0,0.0,0.0,
,32.0,0.0,0.0,0.0,
,33.0,0.10240428210508,40961.71284203202,0.0,0.0
,34.0,0.0,0.0,0.0,
,35.0,0.0,0.0,0.0,
,36.0,0.0219114913334662,8764.596533386504,0.0,0.0
,37.0,0.0,0.0,0.0,
,38.0,0.0,0.0,0.0,
,39.0,0.0,0.0,0.0,
,40.0,0.0,0.0,0.0,
,41.0,0.0,0.0,0.0,
,42.0,0.0,0.0,0.0,
,43.0,0.0,0.0,0.0,
,44.0,0.0,0.0,0.0,
,45.0,0.0,0.0,0.0,
,46.0,0.0,0.0,0.0,
,47.0,0.0,0.0,0.0,
,48.0,0.0,0.0,0.0,
,49.0,0.0,0.0,0.0,
,50.0,0.0,0.0,0.0,
,51.0,0.0248877390001553,9955.095600062152,0.0,
,52.0,0.0,0.0,0.0,
,53.0,0.0,0.0,0.0,
,54.0,0.0,0.0,0.0,
,55.0,0.0,0.0,0.0,
,56.0,0.0,0.0,0.0,
,57.0,0.0,0.0,0.0,
,58.0,0.0,0.0,0.0,
,59.0,0.0,0.0,0.0,
,60.0,0.0,0.0,0.0,
,61.0,0.0,0.0,0.0,
,62.0,0.0,0.0,0.0,
,63.0,0.0169184044870616,6767.361794824647,0.0,0.0
,64.0,0.0,0.0,0.0,
,65.0,0.0,0.0,0.0,
,66.0,0.0,0.0,0.0,
,67.0,0.0,0.0,0.0,
,68.0,0.0,0.0,0.0,
,69.0,0.0,0.0,0.0,
,70.0,0.0,0.0,0.0,
,71.0,0.0,0.0,0.0,
,72.0,0.0,0.0,0.0,
,73.0,0.0,0.0,0.0,
,74.0,0.042690328648439,17076.13145937562,0.0,0.0
,75.0,0.0,0.0,0.0,
,76.0,0.0,0.0,0.0,
,77.0,0.0,0.0,0.0,
,78.0,0.0,0.0,0.0,
,79.0,0.0,0.0,0.0,
,80.0,0.0,0.0,0.0,
,81.0,0.0151215646263368,6048.625850534733,0.0,
,82.0,0.0,0.0,0.0,
,83.0,0.0,0.0,0.0,
,84.0,0.0,0.0,0.0,
,85.0,0.0,0.0,0.0,
,86.0,0.0262588973537866,10503.558941514668,0.0,0.0
,87.0,0.0062548241690561,2501.9296676224426,0.0,0.0
,88.0,0.0,0.0,0.0,
,89.0,0.0,0.0,0.0,
,90.0,0.0,0.0,0.0,
,91.0,0.0,0.0,0.0,
,92.0,0.0,0.0,0.0,
,93.0,0.078982819700833,31593.12788033321,0.0,0.0
,94.0,0.0,0.0,0.0,
,95.0,0.0,0.0,0.0,
,96.0,0.0,0.0,0.0,
,97.0,0.0,0.0,0.0,
,98.0,0.0,0.0,0.0,
,99.0,0.0,0.0,0.0,
,100.0,0.0173619971855374,6944.798874214987,0.0,0.0
,101.0,0.0,0.0,0.0,
,102.0,0.0,0.0,0.0,
,103.0,0.0,0.0,0.0,
,104.0,0.0,0.0,0.0,
,105.0,0.0,0.0,0.0,
,106.0,0.0,0.0,0.0,
,107.0,0.0,0.0,0.0,
,108.0,0.0,0.0,0.0,
,109.0,0.0,0.0,0.0,
,110.0,0.0,0.0,0.0,
,111.0,0.0,0.0,0.0,
,112.0,0.0,0.0,0.0,
,113.0,0.0,0.0,0.0,
,114.0,0.0,0.0,0.0,
,115.0,0.0,0.0,0.0,
,116.0,0.0,0.0,0.0,
,117.0,0.0,0.0,0.0,
,118.0,0.0,0.0,0.0,
,119.0,0.0,0.0,0.0,
,120.0,0.0,0.0,0.0,
,121.0,0.0,0.0,0.0,
,122.0,0.0,0.0,0.0,
,123.0,0.0,0.0,0.0,
,0.0,0.0,0.0,0.0,
,1.0,0.0,0.0,0.0,
,2.0,0.043337241081862,17334.896432744838,0.0,0.0
,3.0,0.0466557716272669,18662.308650906783,0.0,0.0
,4.0,0.0,0.0,0.0,
,5.0,0.0,0.0,0.0,
,6.0,0.0,0.0,0.0,
,7.0,0.0084722204942084,3388.8881976833786,0.0,
,8.0,0.0,0.0,0.0,
,9.0,0.0,0.0,0.0,
,10.0,0.0,0.0,0.0,
,11.0,0.0,0.0,0.0,
,12.0,0.0,0.0,0.0,
,13.0,0.1133226571314605,45329.06285258423,0.0,0.0
,14.0,0.0,0.0,0.0,
,15.0,0.036901056317613,14760.42252704521,0.0,0.0
,16.0,0.0,0.0,0.0,
,17.0,0.0,0.0,0.0,
,18.0,0.0137916497843699,5516.659913747999,0.0,0.0
,19.0,0.0,0.0,0.0,
,20.0,0.0,0.0,0.0,
,21.0,0.0,0.0,0.0,
,22.0,0.0,0.0,0.0,
,23.0,0.0,0.0,0.0,
,24.0,0.0,0.0,0.0,
,25.0,0.0,0.0,0.0,
,26.0,0.0,0.0,0.0,
,27.0,0.0,0.0,0.0,
,28.0,0.0,0.0,0.0,
,29.0,0.0639037962926564,25561.518517062566,0.0,0.0
,30.0,0.0,0.0,0.0,
,31.0,0.0,0.0,0.0,
,32.0,0.0,0.0,0.0,
,33.0,0.0804560370475887,32182.41481903548,0.0,0.0
,34.0,0.0,0.0,0.0,
,35.0,0.0,0.0,0.0,
,36.0,0.044350441884945,17740.176753978016,0.0,0.0
,37.0,0.0,0.0,0.0,
,38.0,0.0,0.0,0.0,
,39.0,0.0,0.0,0.0,
,40.0,0.0,0.0,0.0,
,41.0,0.0,0.0,0.0,
,42.0,0.0,0.0,0.0,
,43.0,0.0431101127072431,17244.045082897253,0.0,0.0
,44.0,0.0,0.0,0.0,
,45.0,0.0,0.0,0.0,
,46.0,0.0,0.0,0.0,
,47.0,0.0,0.0,0.0,
,48.0,0.0,0.0,0.0,
,49.0,0.0,0.0,0.0,
,50.0,0.0,0.0,0.0,
,51.0,0.0051299479430369,2051.9791772147887,0.0,
,52.0,0.0,0.0,0.0,
,53.0,0.0,0.0,0.0,
,54.0,0.0,0.0,0.0,
,55.0,0.0,0.0,0.0,
,56.0,0.0,0.0,0.0,
,57.0,0.0,0.0,0.0,
,58.0,0.0,0.0,0.0,
,59.0,0.0,0.0,0.0,
,60.0,0.0,0.0,0.0,
,61.0,0.0,0.0,0.0,
,62.0,0.0,0.0,0.0,
,63.0,0.0667929015312612,26717.1606125045,0.0,0.0
,64.0,0.0,0.0,0.0,
,65.0,0.0,0.0,0.0,
,66.0,0.0,0.0,0.0,
,67.0,0.0,0.0,0.0,
,68.0,0.0,0.0,0.0,
,69.0,0.0,0.0,0.0,
,70.0,0.0,0.0,0.0,
,71.0,0.0,0.0,0.0,
,72.0,0.0,0.0,0.0,
,73.0,0.0,0.0,0.0,
,74.0,0.0201240886522487,8049.635460899492,0.0,0.0
,75.0,0.0,0.0,0.0,
,76.0,0.0,0.0,0.0,
,77.0,0.0,0.0,0.0,
,78.0,0.0,0.0,0.0,
,79.0,0.0,0.0,0.0,
,80.0,0.0,0.0,0.0,
,81.0,0.0339356748364066,13574.269934562662,0.0,
,82.0,0.0,0.0,0.0,
,83.0,0.0,0.0,0.0,
,84.0,0.0,0.0,0.0,
,85.0,0.0,0.0,0.0,
,86.0,0.007177360064749,2870.9440258996383,0.0,
,87.0,0.0740156697025412,29606.267881016487,0.0,0.0
,88.0,0.0,0.0,0.0,
,89.0,0.0,0.0,0.0,
,90.0,0.0,0.0,0.0,
,91.0,0.0,0.0,0.0,
,92.0,0.0,0.0,0.0,
,93.0,0.0090362696628212,3614.507865128516,0.0,0.0
,94.0,0.0,0.0,0.0,
,95.0,0.0,0.0,0.0,
,96.0,0.0,0.0,0.0,
,97.0,0.0,0.0,0.0,
,98.0,0.0,0.0,0.0,
,99.0,0.0,0.0,0.0,
,100.0,0.0144747306659395,5789.892266375838,0.0,
,101.0,0.0,0.0,0.0,
,102.0,0.0,0.0,0.0,
,103.0,0.0,0.0,0.0,
,104.0,0.0,0.0,0.0,
,105.0,0.0,0.0,0.0,
,106.0,0.0,0.0,0.0,
,107.0,0.0,0.0,0.0,
,108.0,0.0,0.0,0.0,
,109.0,0.0,0.0,0.0,
,110.0,0.0,0.0,0.0,
,111.0,0.0,0.0,0.0,
,112.0,0.0,0.0,0.0,
,113.0,0.0,0.0,0.0,
,114.0,0.0,0.0,0.0,
,115.0,0.0,0.0,0.0,
,116.0,0.0,0.0,0.0,
,117.0,0.0,0.0,0.0,
,118.0,0.0,0.0,0.0,
,119.0,0.0,0.0,0.0,
,120.0,0.0,0.0,0.0,
,121.0,0.0,0.0,0.0,
,122.0,0.0,0.0,0.0,
,123.0,0.0,0.0,0.0,
,0.0,0.0,0.0,0.0,
,1.0,0.0,0.0,0.0,
,2.0,0.0378448627928949,15137.945117157964,0.0,0.0
,3.0,0.0155583170267244,6223.326810689798,0.0,
,4.0,0.0,0.0,0.0,
,5.0,0.0,0.0,0.0,
,6.0,0.0,0.0,0.0,
,7.0,0.0,0.0,0.0,
,8.0,0.0,0.0,0.0,
,9.0,0.0,0.0,0.0,
,10.0,0.0,0.0,0.0,
,11.0,0.0,0.0,0.0,
,12.0,0.0,0.0,0.0,
,13.0,0.0434182326160713,17367.293046428542,0.0,0.0
,14.0,0.0,0.0,0.0,
,15.0,0.0560367471298852,22414.698851954094,0.0,0.0
,16.0,0.0,0.0,0.0,
,17.0,0.0,0.0,0.0,
,18.0,0.0092779861115073,3711.194444602957,0.0,
,19.0,0.0,0.0,0.0,
,20.0,0.0,0.0,0.0,
,21.0,0.0,0.0,0.0,
,22.0,0.0,0.0,0.0,
,23.0,0.0,0.0,0.0,
,24.0,0.0,0.0,0.0,
,25.0,0.0134898808375525,5395.952335021014,0.0,0.0
,26.0,0.0,0.0,0.0,
,27.0,0.0,0.0,0.0,
,28.0,0.0,0.0,0.0,
,29.0,0.1057633807221437,42305.35228885751,0.0,0.0
,30.0,0.0,0.0,0.0,
,31.0,0.0,0.0,0.0,
,32.0,0.0,0.0,0.0,
,33.0,0.1860838381714982,74433.5352685993,0.0,0.0
,34.0,0.0,0.0,0.0,
,35.0,0.0,0.0,0.0,
,36.0,0.0,0.0,0.0,
,37.0,0.0,0.0,0.0,
,38.0,0.0,0.0,0.0,
,39.0,0.0,0.0,0.0,
,40.0,0.0,0.0,0.0,
,41.0,0.0,0.0,0.0,
,42.0,0.0,0.0,0.0,
,43.0,0.0,0.0,0.0,
,44.0,0.0,0.0,0.0,
,45.0,0.0,0.0,0.0,
,46.0,0.0,0.0,0.0,
,47.0,0.0,0.0,0.0,
,48.0,0.0,0.0,0.0,
,49.0,0.0,0.0,0.0,
,50.0,0.0,0.0,0.0,
,51.0,0.0166197323469309,6647.892938772376,0.0,0.0
,52.0,0.0,0.0,0.0,
,53.0,0.0,0.0,0.0,
,54.0,0.0,0.0,0.0,
,55.0,0.0,0.0,0.0,
,56.0,0.0,0.0,0.0,
,57.0,0.0,0.0,0.0,
,58.0,0.0,0.0,0.0,
,59.0,0.0,0.0,0.0,
,60.0,0.0,0.0,0.0,
,61.0,0.0,0.0,0.0,
,62.0,0.0,0.0,0.0,
,63.0,0.1085451240470382,43418.04961881528,0.0,0.0
,64.0,0.0,0.0,0.0,
,65.0,0.0,0.0,0.0,
,66.0,0.0,0.0,0.0,
,67.0,0.0,0.0,0.0,
,68.0,0.0,0.0,0.0,
,69.0,0.0,0.0,0.0,
,70.0,0.0,0.0,0.0,
,71.0,0.0,0.0,0.0,
,72.0,0.0,0.0,0.0,
,73.0,0.0,0.0,0.0,
,74.0,0.0199401490280093,7976.059611203759,0.0,0.0
,75.0,0.0,0.0,0.0,
,76.0,0.0,0.0,0.0,
,77.0,0.0,0.0,0.0,
,78.0,0.0,0.0,0.0,
,79.0,0.0,0.0,0.0,
,80.0,0.0,0.0,0.0,
,81.0,0.0,0.0,0.0,
,82.0,0.0,0.0,0.0,
,83.0,0.0,0.0,0.0,
,84.0,0.0,0.0,0.0,
,85.0,0.0,0.0,0.0,
,86.0,0.0,0.0,0.0,
,87.0,0.0,0.0,0.0,
,88.0,0.0,0.0,0.0,
,89.0,0.0,0.0,0.0,
,90.0,0.0,0.0,0.0,
,91.0,0.0,0.0,0.0,
,92.0,0.0,0.0,0.0,
,93.0,0.0795688204052762,31827.528162110502,0.0,0.0
,94.0,0.0,0.0,0.0,
,95.0,0.0,0.0,0.0,
,96.0,0.0,0.0,0.0,
,97.0,0.0,0.0,0.0,
,98.0,0.0,0.0,0.0,
,99.0,0.0,0.0,0.0,
,100.0,0.0423989524835335,16959.580993413412,0.0,0.0
,101.0,0.0,0.0,0.0,
,102.0,0.0,0.0,0.0,
,103.0,0.0,0.0,0.0,
,104.0,0.0,0.0,0.0,
,105.0,0.0,0.0,0.0,
,106.0,0.0,0.0,0.0,
,107.0,0.0,0.0,0.0,
,108.0,0.0,0.0,0.0,
,109.0,0.0,0.0,0.0,
,110.0,0.0,0.0,0.0,
,111.0,0.0,0.0,0.0,
,112.0,0.0,0.0,0.0,
,113.0,0.0,0.0,0.0,
,114.0,0.0,0.0,0.0,
,115.0,0.0,0.0,0.0,
,116.0,0.0,0.0,0.0,
,117.0,0.0,0.0,0.0,
,118.0,0.0,0.0,0.0,
,119.0,0.0,0.0,0.0,
,120.0,0.0,0.0,0.0,
,121.0,0.0,0.0,0.0,
,122.0,0.0,0.0,0.0,
,123.0,0.0,0.0,0.0,
,0.0,0.0,0.0,0.0,
,1.0,0.0,0.0,0.0,
,2.0,0.0,0.0,0.0,
,3.0,0.0,0.0,0.0,
,4.0,0.0,0.0,0.0,
,5.0,0.0,0.0,0.0,
,6.0,0.0,0.0,0.0,
,7.0,0.0,0.0,0.0,
,8.0,0.0,0.0,0.0,
,9.0,0.0,0.0,0.0,
,10.0,0.0,0.0,0.0,
,11.0,0.0,0.0,0.0,
,12.0,0.0,0.0,0.0,
,13.0,0.0,0.0,0.0,
,14.0,0.0,0.0,0.0,
,15.0,0.0,0.0,0.0,
,16.0,0.0,0.0,0.0,
,17.0,0.0,0.0,0.0,
,18.0,0.0,0.0,0.0,
,19.0,0.0,0.0,0.0,
,20.0,0.0,0.0,0.0,
,21.0,0.0,0.0,0.0,
,22.0,0.0,0.0,0.0,
,23.0,0.0,0.0,0.0,
,24.0,0.0,0.0,0.0,
,25.0,0.0,0.0,0.0,
,26.0,0.0,0.0,0.0,
,27.0,0.0,0.0,0.0,
,28.0,0.0,0.0,0.0,
,29.0,0.0,0.0,0.0,
,30.0,0.0,0.0,0.0,
,31.0,0.0,0.0,0.0,
,32.0,0.0,0.0,0.0,
,33.0,0.0,0.0,0.0,
,34.0,0.0,0.0,0.0,
,35.0,0.0,0.0,0.0,
,36.0,0.0,0.0,0.0,
,37.0,0.0,0.0,0.0,
,38.0,0.0,0.0,0.0,
,39.0,0.0,0.0,0.0,
,40.0,0.0,0.0,0.0,
,41.0,0.0,0.0,0.0,
,42.0,0.0,0.0,0.0,
,43.0,0.0,0.0,0.0,
,44.0,0.0,0.0,0.0,
,45.0,0.0,0.0,0.0,
,46.0,0.0,0.0,0.0,
,47.0,0.0,0.0,0.0,
,48.0,0.0,0.0,0.0,
,49.0,0.0,0.0,0.0,
,50.0,0.0,0.0,0.0,
,51.0,0.0,0.0,0.0,
,52.0,0.0,0.0,0.0,
,53.0,0.0,0.0,0.0,
,54.0,0.0,0.0,0.0,
,55.0,0.0,0.0,0.0,
,56.0,0.0,0.0,0.0,
,57.0,0.0,0.0,0.0,
,58.0,0.0,0.0,0.0,
,59.0,0.0,0.0,0.0,
,60.0,0.0,0.0,0.0,
,61.0,0.0,0.0,0.0,
,62.0,0.0,0.0,0.0,
,63.0,0.0,0.0,0.0,
,64.0,0.0,0.0,0.0,
,65.0,0.0,0.0,0.0,
,66.0,0.0,0.0,0.0,
,67.0,0.0,0.0,0.0,
,68.0,0.0,0.0,0.0,
,69.0,0.0,0.0,0.0,
,70.0,0.0,0.0,0.0,
,71.0,0.0,0.0,0.0,
,72.0,0.0,0.0,0.0,
,73.0,0.0,0.0,0.0,
,74.0,0.0,0.0,0.0,
,75.0,0.0,0.0,0.0,
,76.0,0.0,0.0,0.0,
,77.0,0.0,0.0,0.0,
,78.0,0.0,0.0,0.0,
,79.0,0.0,0.0,0.0,
,80.0,0.0,0.0,0.0,
,81.0,0.0,0.0,0.0,
,82.0,0.0,0.0,0.0,
,83.0,0.0,0.0,0.0,
,84.0,0.0,0.0,0.0,
,85.0,0.0,0.0,0.0,
,86.0,0.0,0.0,0.0,
,87.0,0.0,0.0,0.0,
,88.0,0.0,0.0,0.0,
,89.0,0.0,0.0,0.0,
,90.0,0.0,0.0,0.0,
,91.0,0.0,0.0,0.0,
,92.0,0.0,0.0,0.0,
,93.0,0.0,0.0,0.0,
,94.0,0.0,0.0,0.0,
,95.0,0.0,0.0,0.0,
,96.0,0.0,0.0,0.0,
,97.0,0.0,0.0,0.0,
,98.0,0.0,0.0,0.0,
,99.0,0.0,0.0,0.0,
,100.0,0.0,0.0,0.0,
,101.0,0.0,0.0,0.0,
,102.0,0.0,0.0,0.0,
,103.0,0.0,0.0,0.0,
,104.0,0.0,0.0,0.0,
,105.0,0.0,0.0,0.0,
,106.0,0.0,0.0,0.0,
,107.0,0.0,0.0,0.0,
,108.0,0.0,0.0,0.0,
,109.0,0.0,0.0,0.0,
,110.0,0.0,0.0,0.0,
,111.0,0.0,0.0,0.0,
,112.0,0.0,0.0,0.0,
,113.0,0.0,0.0,0.0,
,114.0,0.0,0.0,0.0,
,115.0,0.0,0.0,0.0,
,116.0,0.0,0.0,0.0,
,117.0,0.0,0.0,0.0,
,118.0,0.0,0.0,0.0,
,119.0,0.0,0.0,0.0,
,120.0,0.0,0.0,0.0,
,121.0,0.0,0.0,0.0,
,122.0,0.0,0.0,0.0,
,123.0,0.0,0.0,0.0,
,0.0,0.0,0.0,0.0,
,1.0,0.0,0.0,0.0,
,2.0,0.0,0.0,0.0,
,3.0,0.0,0.0,0.0,
,4.0,0.0,0.0,0.0,
,5.0,0.0,0.0,0.0,
,6.0,0.0,0.0,0.0,
,7.0,0.0,0.0,0.0,
,8.0,0.0,0.0,0.0,
,9.0,0.0,0.0,0.0,
,10.0,0.0,0.0,0.0,
,11.0,0.0,0.0,0.0,
,12.0,0.0,0.0,0.0,
,13.0,0.0,0.0,0.0,
,14.0,0.0,0.0,0.0,
,15.0,0.0,0.0,0.0,
,16.0,0.0,0.0,0.0,
,17.0,0.0,0.0,0.0,
,18.0,0.0,0.0,0.0,
,19.0,0.0,0.0,0.0,
,20.0,0.0,0.0,0.0,
,21.0,0.0,0.0,0.0,
,22.0,0.0,0.0,0.0,
,23.0,0.0,0.0,0.0,
,24.0,0.0,0.0,0.0,
,25.0,0.0,0.0,0.0,
,26.0,0.0,0.0,0.0,
,27.0,0.0,0.0,0.0,
,28.0,0.0,0.0,0.0,
,29.0,0.0,0.0,0.0,
,30.0,0.0,0.0,0.0,
,31.0,0.0,0.0,0.0,
,32.0,0.0,0.0,0.0,
,33.0,0.0,0.0,0.0,
,34.0,0.0,0.0,0.0,
,35.0,0.0,0.0,0.0,
,36.0,0.0,0.0,0.0,
,37.0,0.0,0.0,0.0,
,38.0,0.0,0.0,0.0,
,39.0,0.0,0.0,0.0,
,40.0,0.0,0.0,0.0,
,41.0,0.0,0.0,0.0,
,42.0,0.0,0.0,0.0,
,43.0,0.0,0.0,0.0,
,44.0,0.0,0.0,0.0,
,45.0,0.0,0.0,0.0,
,46.0,0.0,0.0,0.0,
,47.0,0.0,0.0,0.0,
,48.0,0.0,0.0,0.0,
,49.0,0.0,0.0,0.0,
,50.0,0.0,0.0,0.0,
,51.0,0.0,0.0,0.0,
,52.0,0.0,0.0,0.0,
,53.0,0.0,0.0,0.0,
,54.0,0.0,0.0,0.0,
,55.0,0.0,0.0,0.0,
,56.0,0.0,0.0,0.0,
,57.0,0.0,0.0,0.0,
,58.0,0.0,0.0,0.0,
,59.0,0.0,0.0,0.0,
,60.0,0.0,0.0,0.0,
,61.0,0.0,0.0,0.0,
,62.0,0.0,0.0,0.0,
,63.0,0.0,0.0,0.0,
,64.0,0.0,0.0,0.0,
,65.0,0.0,0.0,0.0,
,66.0,0.0,0.0,0.0,
,67.0,0.0,0.0,0.0,
,68.0,0.0,0.0,0.0,
,69.0,0.0,0.0,0.0,
,70.0,0.0,0.0,0.0,
,71.0,0.0,0.0,0.0,
,72.0,0.0,0.0,0.0,
,73.0,0.0,0.0,0.0,
,74.0,0.0,0.0,0.0,
,75.0,0.0,0.0,0.0,
,76.0,0.0,0.0,0.0,
,77.0,0.0,0.0,0.0,
,78.0,0.0,0.0,0.0,
,79.0,0.0,0.0,0.0,
,80.0,0.0,0.0,0.0,
,81.0,0.0,0.0,0.0,
,82.0,0.0,0.0,0.0,
,83.0,0.0,0.0,0.0,
,84.0,0.0,0.0,0.0,
,85.0,0.0,0.0,0.0,
,86.0,0.0,0.0,0.0,
,87.0,0.0,0.0,0.0,
,88.0,0.0,0.0,0.0,
,89.0,0.0,0.0,0.0,
,90.0,0.0,0.0,0.0,
,91.0,0.0,0.0,0.0,
,92.0,0.0,0.0,0.0,
,93.0,0.0,0.0,0.0,
,94.0,0.0,0.0,0.0,
,95.0,0.0,0.0,0.0,
,96.0,0.0,0.0,0.0,
,97.0,0.0,0.0,0.0,
,98.0,0.0,0.0,0.0,
,99.0,0.0,0.0,0.0,
,100.0,0.0,0.0,0.0,
,101.0,0.0,0.0,0.0,
,102.0,0.0,0.0,0.0,
,103.0,0.0,0.0,0.0,
,104.0,0.0,0.0,0.0,
,105.0,0.0,0.0,0.0,
,106.0,0.0,0.0,0.0,
,107.0,0.0,0.0,0.0,
,108.0,0.0,0.0,0.0,
,109.0,0.0,0.0,0.0,
,110.0,0.0,0.0,0.0,
,111.0,0.0,0.0,0.0,
,112.0,0.0,0.0,0.0,
,113.0,0.0,0.0,0.0,
,114.0,0.0,0.0,0.0,
,115.0,0.0,0.0,0.0,
,116.0,0.0,0.0,0.0,
,117.0,0.0,0.0,0.0,
,118.0,0.0,0.0,0.0,
,119.0,0.0,0.0,0.0,
,120.0,0.0,0.0,0.0,
,121.0,0.0,0.0,0.0,
,122.0,0.0,0.0,0.0,
,123.0,0.0,0.0,0.0,
