start_timestep;route;fleet_size;charge_cap;batt_cap;d_spec;SOC_init;incoming;arriving;depart_time;len;fleet_id
0.0;(12, 19, 24, 25);32.0;250.0;100.0;0.15;0.6000000000000001;{12: 32.0};{25: 32.0};{12: {0.0: 1.0, 12.0: 3.0, 16.0: 4.0, 84.0: 23.0, 92.0: 1.0}};4;0
4.0;(88, 84, 71, 58, 53, 28, 24, 20, 9, 8, 7, 2);23.0;250.0;100.0;0.15;1.0;{88: 23.0};{2: 23.0};{88: {4.0: 1.0, 32.0: 1.0, 36.0: 6.0, 44.0: 4.0, 52.0: 1.0, 56.0: 4.0, 68.0: 6.0}};12;1
4.0;(8, 9, 18, 12, 11);1311.0;250.0;100.0;0.15;1.0;{8: 1311.0};{11: 1311.0};{8: {4.0: 1.0, 20.0: 20.0, 24.0: 60.0, 28.0: 124.0, 32.0: 104.0, 36.0: 116.0, 40.0: 97.0, 44.0: 84.0, 48.0: 64.0, 52.0: 76.0, 56.0: 71.0, 60.0: 75.0, 64.0: 95.0, 68.0: 95.0, 72.0: 77.0, 76.0: 65.0, 80.0: 41.0, 84.0: 25.0, 88.0: 15.0, 92.0: 6.0}};5;2
4.0;(75, 76, 72, 70, 58, 53, 28, 25);20.0;250.0;100.0;0.15;1.0;{75: 20.0};{25: 20.0};{75: {4.0: 1.0, 52.0: 2.0, 56.0: 4.0, 76.0: 3.0, 84.0: 1.0, 92.0: 9.0}};8;3
8.0;(10, 11, 12, 18, 9);1.0;250.0;100.0;0.15;0.8000000000000003;{10: 1.0};{9: 1.0};{10: {8.0: 1.0}};5;4
12.0;(21, 20, 24, 25);91.0;250.0;100.0;0.15;0.9000000000000001;{21: 91.0};{25: 91.0};{21: {12.0: 2.0, 80.0: 57.0, 84.0: 23.0, 88.0: 7.0, 92.0: 2.0}};4;5
12.0;(28, 24, 20, 21, 22);39.0;250.0;100.0;0.15;1.0;{28: 39.0};{22: 39.0};{28: {12.0: 1.0, 24.0: 19.0, 68.0: 1.0, 80.0: 18.0}};5;6
12.0;(65, 80, 69, 58);432.0;250.0;100.0;0.15;1.0;{65: 432.0};{58: 432.0};{65: {12.0: 1.0, 16.0: 2.0, 24.0: 55.0, 36.0: 79.0, 44.0: 66.0, 48.0: 57.0, 52.0: 43.0, 56.0: 46.0, 68.0: 54.0, 84.0: 18.0, 88.0: 8.0, 92.0: 3.0}};4;7
12.0;(25, 24, 20, 9, 8);36.0;250.0;100.0;0.15;0.3;{25: 36.0};{8: 36.0};{25: {12.0: 1.0, 80.0: 35.0}};5;8
12.0;(32, 31, 17, 6);26.0;250.0;100.0;0.15;0.8000000000000003;{32: 26.0};{6: 26.0};{32: {12.0: 2.0, 16.0: 1.0, 20.0: 13.0, 88.0: 7.0, 92.0: 3.0}};4;9
12.0;(54, 61, 67, 77, 76);249.0;250.0;100.0;0.15;1.0;{54: 249.0};{76: 249.0};{54: {12.0: 1.0, 20.0: 3.0, 24.0: 21.0, 28.0: 27.0, 32.0: 21.0, 36.0: 19.0, 40.0: 20.0, 44.0: 13.0, 48.0: 13.0, 52.0: 9.0, 56.0: 14.0, 60.0: 12.0, 64.0: 16.0, 68.0: 18.0, 72.0: 18.0, 76.0: 6.0, 80.0: 9.0, 84.0: 7.0, 88.0: 2.0}};5;10
12.0;(13, 14, 17, 31, 32, 33, 45, 46, 47, 62, 71, 84, 88);505.0;250.0;100.0;0.15;1.0;{13: 505.0};{88: 505.0};{13: {12.0: 1.0, 16.0: 2.0, 20.0: 6.0, 24.0: 24.0, 28.0: 43.0, 32.0: 43.0, 36.0: 30.0, 40.0: 38.0, 44.0: 42.0, 48.0: 30.0, 52.0: 29.0, 56.0: 29.0, 60.0: 37.0, 64.0: 35.0, 68.0: 42.0, 72.0: 29.0, 76.0: 16.0, 80.0: 17.0, 84.0: 5.0, 88.0: 6.0, 92.0: 1.0}};13;11
12.0;(9, 20, 24, 25);407.0;250.0;100.0;0.15;1.0;{9: 407.0};{25: 407.0};{9: {12.0: 1.0, 16.0: 1.0, 24.0: 50.0, 28.0: 82.0, 48.0: 57.0, 52.0: 42.0, 56.0: 56.0, 64.0: 37.0, 76.0: 37.0, 80.0: 23.0, 84.0: 17.0, 88.0: 4.0}};4;12
12.0;(88, 84, 71, 69, 62, 47, 46, 45, 33, 32, 31, 17, 14);636.0;250.0;100.0;0.15;1.0;{88: 636.0};{14: 636.0};{88: {12.0: 1.0, 16.0: 3.0, 20.0: 13.0, 24.0: 24.0, 28.0: 52.0, 32.0: 39.0, 36.0: 83.0, 40.0: 35.0, 44.0: 37.0, 48.0: 34.0, 52.0: 27.0, 56.0: 31.0, 60.0: 58.0, 64.0: 38.0, 68.0: 57.0, 72.0: 33.0, 76.0: 20.0, 80.0: 16.0, 84.0: 24.0, 88.0: 11.0}};13;13
12.0;(56, 57, 58, 70, 72, 76);409.0;250.0;100.0;0.15;1.0;{56: 409.0};{76: 409.0};{56: {12.0: 1.0, 16.0: 3.0, 20.0: 4.0, 24.0: 26.0, 28.0: 21.0, 32.0: 52.0, 36.0: 33.0, 40.0: 32.0, 44.0: 33.0, 48.0: 19.0, 52.0: 24.0, 56.0: 28.0, 60.0: 26.0, 64.0: 16.0, 68.0: 17.0, 72.0: 26.0, 76.0: 25.0, 80.0: 13.0, 84.0: 8.0, 88.0: 2.0}};6;14
12.0;(88, 84, 71, 69, 62, 41, 40, 42, 43);351.0;250.0;100.0;0.15;1.0;{88: 351.0};{43: 351.0};{88: {12.0: 1.0, 16.0: 2.0, 20.0: 6.0, 24.0: 25.0, 28.0: 33.0, 32.0: 33.0, 36.0: 30.0, 40.0: 22.0, 44.0: 18.0, 48.0: 20.0, 52.0: 15.0, 56.0: 22.0, 60.0: 15.0, 64.0: 17.0, 68.0: 23.0, 72.0: 24.0, 76.0: 21.0, 80.0: 19.0, 84.0: 4.0, 88.0: 1.0}};9;15
12.0;(25, 24, 20, 21);50.0;250.0;100.0;0.15;0.9000000000000001;{25: 50.0};{21: 50.0};{25: {12.0: 2.0, 20.0: 16.0, 84.0: 19.0, 88.0: 9.0, 92.0: 4.0}};4;16
12.0;(62, 70, 72, 76);870.0;250.0;100.0;0.15;1.0;{62: 870.0};{76: 870.0};{62: {12.0: 2.0, 16.0: 2.0, 20.0: 3.0, 24.0: 41.0, 28.0: 79.0, 32.0: 75.0, 36.0: 67.0, 40.0: 70.0, 44.0: 64.0, 48.0: 49.0, 52.0: 44.0, 56.0: 57.0, 60.0: 51.0, 64.0: 57.0, 68.0: 49.0, 72.0: 54.0, 76.0: 41.0, 80.0: 35.0, 84.0: 19.0, 88.0: 8.0, 92.0: 3.0}};4;17
12.0;(75, 76, 72, 70, 69, 73, 86);242.0;250.0;100.0;0.15;1.0;{75: 242.0};{86: 242.0};{75: {12.0: 2.0, 16.0: 1.0, 20.0: 7.0, 24.0: 11.0, 28.0: 20.0, 32.0: 21.0, 36.0: 23.0, 40.0: 19.0, 44.0: 16.0, 48.0: 13.0, 52.0: 14.0, 56.0: 6.0, 60.0: 13.0, 64.0: 17.0, 68.0: 16.0, 72.0: 20.0, 76.0: 8.0, 80.0: 5.0, 84.0: 8.0, 92.0: 2.0}};7;18
12.0;(22, 23, 37, 43, 44, 33, 32, 31, 17, 14);2.0;250.0;100.0;0.15;0.7;{22: 2.0};{14: 2.0};{22: {12.0: 1.0, 24.0: 1.0}};10;19
12.0;(12, 18, 21, 22, 23, 37, 43, 44, 33);11.0;250.0;100.0;0.15;1.0;{12: 11.0};{33: 11.0};{12: {12.0: 1.0, 24.0: 1.0, 44.0: 2.0, 52.0: 1.0, 60.0: 1.0, 64.0: 4.0, 72.0: 1.0}};9;20
12.0;(8, 9, 20, 24, 25);58.0;250.0;100.0;0.15;1.0;{8: 58.0};{25: 58.0};{8: {12.0: 1.0, 32.0: 4.0, 36.0: 5.0, 40.0: 5.0, 44.0: 5.0, 48.0: 6.0, 52.0: 5.0, 56.0: 7.0, 60.0: 3.0, 72.0: 4.0, 76.0: 5.0, 80.0: 4.0, 84.0: 2.0, 88.0: 1.0, 92.0: 1.0}};5;21
12.0;(75, 76, 72, 70, 58);5.0;250.0;100.0;0.15;0.9000000000000001;{75: 5.0};{58: 5.0};{75: {12.0: 5.0}};5;22
12.0;(58, 70, 72, 76);5176.0;250.0;100.0;0.15;1.0;{58: 5176.0};{76: 5176.0};{58: {12.0: 1.0, 16.0: 14.0, 20.0: 75.0, 24.0: 276.0, 28.0: 464.0, 32.0: 514.0, 36.0: 414.0, 40.0: 413.0, 44.0: 382.0, 48.0: 300.0, 52.0: 242.0, 56.0: 254.0, 60.0: 283.0, 64.0: 318.0, 68.0: 332.0, 72.0: 339.0, 76.0: 260.0, 80.0: 163.0, 84.0: 78.0, 88.0: 46.0, 92.0: 8.0}};4;23
16.0;(28, 25, 26);117.0;250.0;100.0;0.15;1.0;{28: 117.0};{26: 117.0};{28: {16.0: 2.0, 20.0: 3.0, 24.0: 3.0, 28.0: 12.0, 32.0: 9.0, 36.0: 8.0, 40.0: 5.0, 44.0: 9.0, 48.0: 8.0, 52.0: 7.0, 56.0: 8.0, 60.0: 7.0, 64.0: 9.0, 68.0: 8.0, 72.0: 6.0, 76.0: 9.0, 84.0: 2.0, 88.0: 1.0, 92.0: 1.0}};3;24
16.0;(36, 37, 43, 44, 33);2.0;250.0;100.0;0.15;0.8000000000000003;{36: 2.0};{33: 2.0};{36: {16.0: 1.0, 84.0: 1.0}};5;25
16.0;(1, 7, 8, 9, 20, 24, 28, 57, 58, 71, 84, 88);509.0;250.0;100.0;0.15;1.0;{1: 509.0};{88: 509.0};{1: {16.0: 1.0, 20.0: 4.0, 24.0: 33.0, 28.0: 49.0, 32.0: 56.0, 36.0: 44.0, 40.0: 38.0, 44.0: 27.0, 48.0: 28.0, 52.0: 21.0, 56.0: 25.0, 60.0: 34.0, 64.0: 28.0, 68.0: 37.0, 72.0: 39.0, 76.0: 26.0, 80.0: 13.0, 84.0: 5.0, 88.0: 1.0}};12;26
16.0;(10, 11, 12, 19, 24, 28, 57, 58, 71, 84, 88);512.0;250.0;100.0;0.15;1.0;{10: 512.0};{88: 512.0};{10: {16.0: 3.0, 20.0: 6.0, 24.0: 27.0, 28.0: 42.0, 32.0: 58.0, 36.0: 40.0, 40.0: 35.0, 44.0: 34.0, 48.0: 29.0, 52.0: 33.0, 56.0: 24.0, 60.0: 28.0, 64.0: 33.0, 68.0: 38.0, 72.0: 32.0, 76.0: 29.0, 80.0: 14.0, 84.0: 5.0, 88.0: 2.0}};11;27
16.0;(36, 23, 22, 21, 20, 24, 25);6.0;250.0;100.0;0.15;0.9000000000000001;{36: 6.0};{25: 6.0};{36: {16.0: 1.0, 24.0: 1.0, 32.0: 1.0, 40.0: 1.0, 44.0: 1.0, 56.0: 1.0}};7;28
16.0;(25, 24, 19, 12, 11);1142.0;250.0;100.0;0.15;1.0;{25: 1142.0};{11: 1138.0, 12: 4.0};{25: {16.0: 5.0, 24.0: 67.0, 28.0: 125.0, 32.0: 129.0, 36.0: 110.0, 40.0: 111.0, 44.0: 95.0, 48.0: 83.0, 52.0: 66.0, 56.0: 74.0, 60.0: 87.0, 64.0: 77.0, 72.0: 93.0, 84.0: 20.0}};5;29
16.0;(8, 9, 20, 24, 28, 57, 58, 70, 72, 76);32.0;250.0;100.0;0.15;1.0;{8: 32.0};{76: 32.0};{8: {16.0: 1.0, 24.0: 1.0, 28.0: 3.0, 32.0: 3.0, 36.0: 4.0, 40.0: 2.0, 44.0: 2.0, 52.0: 2.0, 56.0: 2.0, 60.0: 2.0, 64.0: 2.0, 68.0: 4.0, 72.0: 2.0, 76.0: 2.0}};10;30
16.0;(33, 45, 46, 47, 62, 71, 84, 88);101.0;250.0;100.0;0.15;1.0;{33: 101.0};{88: 101.0};{33: {16.0: 1.0, 20.0: 4.0, 24.0: 7.0, 28.0: 6.0, 32.0: 11.0, 36.0: 14.0, 40.0: 5.0, 44.0: 2.0, 48.0: 4.0, 52.0: 6.0, 56.0: 4.0, 60.0: 9.0, 64.0: 8.0, 68.0: 7.0, 72.0: 4.0, 76.0: 6.0, 80.0: 2.0, 88.0: 1.0}};8;31
16.0;(88, 84, 71, 58, 53, 28, 24, 19, 12, 11);993.0;250.0;100.0;0.15;1.0;{88: 993.0};{11: 992.0, 12: 1.0};{88: {16.0: 3.0, 20.0: 17.0, 24.0: 39.0, 28.0: 88.0, 32.0: 108.0, 36.0: 81.0, 40.0: 71.0, 44.0: 57.0, 48.0: 63.0, 52.0: 56.0, 56.0: 54.0, 60.0: 60.0, 64.0: 65.0, 68.0: 72.0, 72.0: 60.0, 76.0: 34.0, 80.0: 44.0, 84.0: 16.0, 88.0: 3.0, 92.0: 2.0}};10;32
16.0;(10, 11, 12, 18, 9, 8);15.0;250.0;100.0;0.15;0.9000000000000001;{10: 15.0};{8: 15.0};{10: {16.0: 1.0, 84.0: 8.0, 88.0: 4.0, 92.0: 2.0}};6;33
16.0;(56, 57, 58, 73, 86);19.0;250.0;100.0;0.15;1.0;{56: 19.0};{86: 19.0};{56: {16.0: 1.0, 28.0: 2.0, 32.0: 2.0, 36.0: 1.0, 44.0: 5.0, 48.0: 1.0, 60.0: 1.0, 64.0: 1.0, 68.0: 2.0, 72.0: 1.0, 76.0: 2.0}};5;34
16.0;(56, 57, 58, 62);398.0;250.0;100.0;0.15;1.0;{56: 398.0};{62: 398.0};{56: {16.0: 1.0, 20.0: 8.0, 24.0: 23.0, 28.0: 30.0, 32.0: 25.0, 36.0: 25.0, 40.0: 34.0, 44.0: 37.0, 48.0: 19.0, 52.0: 24.0, 56.0: 18.0, 60.0: 25.0, 64.0: 22.0, 68.0: 34.0, 72.0: 33.0, 76.0: 22.0, 80.0: 10.0, 84.0: 3.0, 88.0: 2.0, 92.0: 3.0}};4;35
16.0;(86, 80, 65, 47, 46);157.0;250.0;100.0;0.15;1.0;{86: 157.0};{46: 157.0};{86: {16.0: 2.0, 24.0: 16.0, 44.0: 28.0, 48.0: 20.0, 56.0: 21.0, 64.0: 24.0, 68.0: 26.0, 80.0: 12.0, 84.0: 8.0}};5;36
16.0;(7, 2, 3, 4, 5, 6, 14);25.0;250.0;100.0;0.15;1.0;{7: 25.0};{14: 25.0};{7: {16.0: 1.0, 24.0: 1.0, 28.0: 1.0, 32.0: 1.0, 36.0: 1.0, 40.0: 2.0, 44.0: 1.0, 52.0: 4.0, 60.0: 7.0, 64.0: 2.0, 68.0: 2.0, 72.0: 1.0, 80.0: 1.0}};7;37
16.0;(8, 9, 20, 24, 25, 26);27.0;250.0;100.0;0.15;1.0;{8: 27.0};{26: 27.0};{8: {16.0: 1.0, 24.0: 3.0, 28.0: 8.0, 64.0: 8.0, 68.0: 7.0}};6;38
16.0;(65, 80, 69, 70, 72, 76);653.0;250.0;100.0;0.15;1.0;{65: 653.0};{76: 653.0};{65: {16.0: 3.0, 20.0: 5.0, 24.0: 23.0, 28.0: 64.0, 32.0: 58.0, 36.0: 47.0, 40.0: 70.0, 44.0: 48.0, 48.0: 29.0, 52.0: 33.0, 56.0: 44.0, 60.0: 40.0, 64.0: 36.0, 68.0: 50.0, 72.0: 42.0, 76.0: 30.0, 80.0: 16.0, 84.0: 9.0, 88.0: 5.0, 92.0: 1.0}};6;39
16.0;(1, 7, 8, 9, 18, 12);252.0;250.0;100.0;0.15;1.0;{1: 252.0};{12: 252.0};{1: {16.0: 2.0, 20.0: 7.0, 24.0: 8.0, 28.0: 18.0, 32.0: 25.0, 36.0: 18.0, 40.0: 20.0, 44.0: 22.0, 48.0: 15.0, 52.0: 16.0, 56.0: 15.0, 60.0: 15.0, 64.0: 24.0, 68.0: 18.0, 72.0: 9.0, 76.0: 9.0, 80.0: 6.0, 84.0: 3.0, 88.0: 2.0}};6;40
16.0;(25, 24, 20, 9);5.0;250.0;100.0;0.15;0.9000000000000001;{25: 5.0};{9: 5.0};{25: {16.0: 3.0, 92.0: 2.0}};4;41
16.0;(25, 24, 20, 21, 22, 23, 36);7.0;250.0;100.0;0.15;1.0;{25: 7.0};{36: 6.0, 21: 1.0};{25: {16.0: 2.0, 28.0: 1.0, 36.0: 1.0, 44.0: 1.0, 48.0: 1.0, 80.0: 1.0}};7;42
16.0;(12, 18, 9, 8);5.0;250.0;100.0;0.15;0.2;{12: 5.0};{8: 5.0};{12: {16.0: 5.0}};4;43
16.0;(75, 76, 72, 70, 69, 62);7.0;250.0;100.0;0.15;0.5;{75: 7.0};{62: 7.0};{75: {16.0: 4.0, 92.0: 3.0}};6;44
16.0;(8, 9, 18, 12);2.0;250.0;100.0;0.15;0.5000000000000001;{8: 2.0};{12: 2.0};{8: {16.0: 2.0}};4;45
16.0;(22, 21, 9, 8, 7, 2);113.0;250.0;100.0;0.15;1.0;{22: 113.0};{2: 113.0};{22: {16.0: 2.0, 20.0: 1.0, 24.0: 8.0, 32.0: 13.0, 36.0: 13.0, 40.0: 9.0, 44.0: 12.0, 52.0: 4.0, 56.0: 10.0, 60.0: 11.0, 64.0: 11.0, 72.0: 6.0, 76.0: 11.0, 80.0: 1.0, 84.0: 1.0}};6;46
16.0;(82, 81, 77, 72, 70, 69, 62, 47, 46, 45, 33, 32, 31, 17, 14);209.0;250.0;100.0;0.15;1.0;{82: 209.0};{14: 209.0};{82: {16.0: 2.0, 20.0: 2.0, 24.0: 13.0, 28.0: 21.0, 32.0: 19.0, 36.0: 13.0, 40.0: 22.0, 44.0: 14.0, 48.0: 11.0, 52.0: 12.0, 56.0: 13.0, 60.0: 11.0, 64.0: 15.0, 68.0: 6.0, 72.0: 12.0, 76.0: 8.0, 80.0: 11.0, 84.0: 3.0, 88.0: 1.0}};15;47
16.0;(86, 69, 58, 53, 28, 25);24.0;250.0;100.0;0.15;0.8999999999999999;{86: 24.0};{25: 24.0};{86: {16.0: 1.0, 48.0: 6.0, 64.0: 4.0, 68.0: 4.0, 72.0: 3.0, 76.0: 6.0}};6;48
16.0;(21, 20, 24, 25, 26);1210.0;250.0;100.0;0.15;1.0;{21: 1210.0};{26: 1208.0, 25: 2.0};{21: {16.0: 3.0, 20.0: 26.0, 24.0: 57.0, 28.0: 132.0, 32.0: 122.0, 36.0: 89.0, 40.0: 88.0, 44.0: 87.0, 48.0: 65.0, 52.0: 53.0, 56.0: 74.0, 60.0: 83.0, 64.0: 83.0, 68.0: 91.0, 72.0: 103.0, 76.0: 54.0}};5;49
16.0;(43, 42, 40, 41, 62, 71, 84, 88);284.0;250.0;100.0;0.15;1.0;{43: 284.0};{88: 284.0};{43: {16.0: 2.0, 20.0: 6.0, 24.0: 10.0, 28.0: 17.0, 32.0: 26.0, 36.0: 23.0, 40.0: 23.0, 44.0: 22.0, 48.0: 19.0, 52.0: 18.0, 56.0: 17.0, 60.0: 21.0, 64.0: 17.0, 68.0: 11.0, 72.0: 17.0, 76.0: 17.0, 80.0: 11.0, 84.0: 4.0, 88.0: 2.0, 92.0: 1.0}};8;50
16.0;(75, 76, 72, 70, 69, 73, 80, 65);622.0;250.0;100.0;0.15;1.0;{75: 622.0};{65: 622.0};{75: {16.0: 2.0, 20.0: 11.0, 24.0: 32.0, 28.0: 52.0, 32.0: 52.0, 36.0: 56.0, 40.0: 54.0, 44.0: 59.0, 48.0: 35.0, 52.0: 31.0, 56.0: 33.0, 60.0: 40.0, 64.0: 30.0, 68.0: 40.0, 72.0: 38.0, 76.0: 21.0, 80.0: 16.0, 84.0: 10.0, 88.0: 9.0, 92.0: 1.0}};8;51
16.0;(28, 57, 58, 73, 86);19.0;250.0;100.0;0.15;1.0;{28: 19.0};{86: 19.0};{28: {16.0: 1.0, 28.0: 2.0, 32.0: 2.0, 36.0: 3.0, 40.0: 1.0, 44.0: 2.0, 56.0: 3.0, 68.0: 1.0, 72.0: 2.0, 80.0: 1.0, 84.0: 1.0}};5;52
16.0;(58, 73, 80, 65);1008.0;250.0;100.0;0.15;1.0;{58: 1008.0};{65: 1008.0};{58: {16.0: 1.0, 20.0: 14.0, 24.0: 46.0, 28.0: 97.0, 32.0: 91.0, 36.0: 88.0, 40.0: 79.0, 44.0: 83.0, 48.0: 56.0, 52.0: 43.0, 56.0: 46.0, 60.0: 65.0, 64.0: 56.0, 68.0: 68.0, 72.0: 66.0, 76.0: 59.0, 80.0: 26.0, 84.0: 15.0, 88.0: 8.0, 92.0: 1.0}};4;53
16.0;(82, 81, 77, 76);218.0;250.0;100.0;0.15;1.0;{82: 218.0};{76: 218.0};{82: {16.0: 1.0, 20.0: 2.0, 24.0: 16.0, 28.0: 17.0, 32.0: 25.0, 36.0: 16.0, 40.0: 15.0, 44.0: 20.0, 48.0: 12.0, 52.0: 10.0, 56.0: 11.0, 60.0: 12.0, 64.0: 14.0, 68.0: 11.0, 72.0: 15.0, 76.0: 14.0, 80.0: 5.0, 84.0: 1.0, 92.0: 1.0}};4;54
16.0;(88, 84, 71, 58, 53, 28, 24, 20, 9, 8, 7, 1);1002.0;250.0;100.0;0.15;1.0;{88: 1002.0};{1: 1002.0};{88: {16.0: 3.0, 20.0: 15.0, 24.0: 56.0, 28.0: 102.0, 32.0: 87.0, 36.0: 70.0, 40.0: 73.0, 44.0: 65.0, 48.0: 73.0, 52.0: 57.0, 56.0: 57.0, 60.0: 60.0, 64.0: 60.0, 68.0: 52.0, 72.0: 62.0, 76.0: 54.0, 80.0: 23.0, 84.0: 20.0, 88.0: 11.0, 92.0: 2.0}};12;55
16.0;(75, 76, 72, 70, 58, 56);392.0;250.0;100.0;0.15;1.0;{75: 392.0};{56: 383.0, 58: 9.0};{75: {16.0: 11.0, 20.0: 2.0, 24.0: 21.0, 28.0: 31.0, 32.0: 31.0, 36.0: 30.0, 40.0: 25.0, 44.0: 29.0, 48.0: 23.0, 52.0: 17.0, 56.0: 12.0, 60.0: 22.0, 64.0: 32.0, 68.0: 32.0, 72.0: 38.0, 76.0: 18.0, 80.0: 8.0, 84.0: 4.0, 88.0: 5.0, 92.0: 1.0}};6;56
16.0;(13, 14, 17, 31, 32, 33, 45, 46, 47, 62, 70, 72, 77, 81, 82);308.0;250.0;100.0;0.15;1.0;{13: 308.0};{82: 308.0};{13: {16.0: 1.0, 20.0: 4.0, 24.0: 14.0, 28.0: 22.0, 32.0: 22.0, 36.0: 26.0, 40.0: 22.0, 44.0: 28.0, 48.0: 16.0, 52.0: 15.0, 56.0: 20.0, 60.0: 18.0, 64.0: 22.0, 68.0: 21.0, 72.0: 13.0, 76.0: 25.0, 80.0: 9.0, 84.0: 5.0, 88.0: 5.0}};15;57
16.0;(6, 17, 31, 32);77.0;250.0;100.0;0.15;0.7000000000000002;{6: 77.0};{32: 77.0};{6: {16.0: 1.0, 20.0: 11.0, 52.0: 56.0, 88.0: 7.0, 92.0: 2.0}};4;58
16.0;(2, 7, 8, 9, 20, 24, 28, 54, 61, 66, 82);2.0;250.0;100.0;0.15;0.6;{2: 2.0};{82: 2.0};{2: {16.0: 1.0, 52.0: 1.0}};11;59
20.0;(86, 69, 70, 72, 76);494.0;250.0;100.0;0.15;1.0;{86: 494.0};{76: 494.0};{86: {20.0: 10.0, 24.0: 24.0, 28.0: 49.0, 32.0: 41.0, 36.0: 50.0, 40.0: 43.0, 44.0: 32.0, 48.0: 31.0, 52.0: 26.0, 56.0: 21.0, 60.0: 40.0, 64.0: 26.0, 68.0: 33.0, 72.0: 24.0, 76.0: 21.0, 80.0: 15.0, 84.0: 3.0, 88.0: 5.0}};5;60
20.0;(12, 19, 24, 25, 26);1386.0;250.0;100.0;0.15;1.0;{12: 1386.0};{26: 1369.0, 25: 17.0};{12: {20.0: 19.0, 24.0: 61.0, 28.0: 137.0, 32.0: 133.0, 36.0: 109.0, 40.0: 104.0, 44.0: 105.0, 48.0: 90.0, 52.0: 76.0, 56.0: 71.0, 60.0: 86.0, 64.0: 105.0, 68.0: 93.0, 72.0: 80.0, 76.0: 70.0, 80.0: 37.0, 88.0: 10.0}};5;61
20.0;(9, 20, 24, 25, 26);489.0;250.0;100.0;0.15;1.0;{9: 489.0};{26: 479.0, 25: 10.0};{9: {20.0: 11.0, 32.0: 91.0, 36.0: 61.0, 40.0: 81.0, 44.0: 54.0, 60.0: 58.0, 68.0: 73.0, 72.0: 56.0, 92.0: 4.0}};5;62
20.0;(46, 47, 62, 58, 53);10.0;250.0;100.0;0.15;0.8000000000000003;{46: 10.0};{53: 10.0};{46: {20.0: 1.0, 48.0: 1.0, 52.0: 3.0, 60.0: 2.0, 64.0: 3.0}};5;63
20.0;(26, 25, 24, 20, 21);26.0;250.0;100.0;0.15;1.0;{26: 26.0};{21: 26.0};{26: {20.0: 2.0, 24.0: 5.0, 44.0: 4.0, 48.0: 2.0, 52.0: 1.0, 56.0: 2.0, 68.0: 2.0, 76.0: 1.0, 80.0: 6.0, 84.0: 1.0}};5;64
20.0;(28, 24, 20, 9, 8, 7, 2);4.0;250.0;100.0;0.15;0.8000000000000003;{28: 4.0};{2: 4.0};{28: {20.0: 1.0, 40.0: 1.0, 64.0: 2.0}};7;65
20.0;(47, 64, 65, 80, 86);106.0;250.0;100.0;0.15;1.0;{47: 106.0};{86: 106.0};{47: {20.0: 1.0, 24.0: 6.0, 28.0: 7.0, 32.0: 7.0, 36.0: 6.0, 40.0: 5.0, 44.0: 11.0, 48.0: 5.0, 52.0: 5.0, 56.0: 6.0, 60.0: 6.0, 64.0: 7.0, 68.0: 9.0, 72.0: 7.0, 76.0: 12.0, 80.0: 3.0, 84.0: 3.0}};5;66
20.0;(28, 57, 58, 70, 72, 76);111.0;250.0;100.0;0.15;1.0;{28: 111.0};{76: 111.0};{28: {20.0: 1.0, 24.0: 7.0, 28.0: 7.0, 32.0: 7.0, 36.0: 9.0, 40.0: 15.0, 44.0: 6.0, 48.0: 5.0, 52.0: 7.0, 56.0: 8.0, 60.0: 6.0, 64.0: 12.0, 68.0: 9.0, 72.0: 4.0, 76.0: 5.0, 80.0: 1.0, 84.0: 2.0}};6;67
20.0;(26, 25, 24, 19, 12);24.0;250.0;100.0;0.15;1.0;{26: 24.0};{12: 24.0};{26: {20.0: 1.0, 36.0: 8.0, 60.0: 8.0, 76.0: 4.0, 80.0: 2.0, 84.0: 1.0}};5;68
20.0;(28, 24, 20, 9, 8);12.0;250.0;100.0;0.15;0.9000000000000001;{28: 12.0};{8: 12.0};{28: {20.0: 1.0, 32.0: 2.0, 68.0: 2.0, 72.0: 2.0, 76.0: 4.0, 84.0: 1.0}};5;69
20.0;(75, 76, 72, 70, 69, 62, 41, 40, 42, 43);174.0;250.0;100.0;0.15;1.0;{75: 174.0};{43: 159.0, 62: 15.0};{75: {20.0: 17.0, 24.0: 9.0, 28.0: 9.0, 32.0: 15.0, 36.0: 11.0, 40.0: 8.0, 44.0: 5.0, 48.0: 11.0, 52.0: 6.0, 56.0: 6.0, 60.0: 5.0, 64.0: 4.0, 68.0: 9.0, 72.0: 2.0, 76.0: 51.0, 80.0: 5.0, 84.0: 1.0}};10;70
20.0;(46, 47, 62, 70, 72, 76);117.0;250.0;100.0;0.15;1.0;{46: 117.0};{76: 117.0};{46: {20.0: 2.0, 24.0: 4.0, 28.0: 9.0, 32.0: 14.0, 36.0: 9.0, 40.0: 6.0, 44.0: 14.0, 48.0: 4.0, 52.0: 6.0, 56.0: 6.0, 60.0: 4.0, 64.0: 9.0, 68.0: 8.0, 72.0: 10.0, 76.0: 4.0, 80.0: 7.0, 84.0: 1.0}};6;71
20.0;(75, 76, 77, 67, 61);234.0;250.0;100.0;0.15;1.0;{75: 234.0};{61: 234.0};{75: {20.0: 5.0, 24.0: 10.0, 28.0: 20.0, 32.0: 20.0, 36.0: 20.0, 40.0: 20.0, 44.0: 19.0, 48.0: 10.0, 52.0: 11.0, 56.0: 13.0, 60.0: 13.0, 64.0: 15.0, 68.0: 15.0, 72.0: 22.0, 76.0: 12.0, 80.0: 7.0, 84.0: 1.0, 88.0: 1.0}};5;72
20.0;(28, 24, 19, 12);16.0;250.0;100.0;0.15;0.9000000000000001;{28: 16.0};{12: 16.0};{28: {20.0: 1.0, 24.0: 2.0, 32.0: 1.0, 36.0: 4.0, 40.0: 2.0, 44.0: 1.0, 68.0: 2.0, 72.0: 1.0, 80.0: 1.0, 84.0: 1.0}};4;73
20.0;(22, 23, 38, 40);6.0;250.0;100.0;0.15;0.9000000000000001;{22: 6.0};{40: 6.0};{22: {20.0: 1.0, 48.0: 1.0, 60.0: 1.0, 68.0: 1.0, 72.0: 1.0, 76.0: 1.0}};4;74
20.0;(25, 24, 20, 9, 8, 7, 1);122.0;250.0;100.0;0.15;1.0;{25: 122.0};{1: 108.0, 8: 1.0, 9: 13.0};{25: {20.0: 15.0, 24.0: 2.0, 28.0: 1.0, 32.0: 1.0, 36.0: 2.0, 48.0: 3.0, 52.0: 1.0, 56.0: 1.0, 60.0: 3.0, 64.0: 2.0, 68.0: 61.0, 72.0: 3.0, 76.0: 2.0, 84.0: 19.0, 88.0: 6.0}};7;75
20.0;(23, 38, 40, 41, 62, 70, 72, 76);10.0;250.0;100.0;0.15;1.0;{23: 10.0};{76: 10.0};{23: {20.0: 1.0, 32.0: 2.0, 40.0: 1.0, 44.0: 2.0, 52.0: 2.0, 72.0: 1.0, 88.0: 1.0}};8;76
20.0;(12, 18, 21, 22, 23, 37, 43);4.0;250.0;100.0;0.15;1.0;{12: 4.0};{43: 4.0};{12: {20.0: 1.0, 28.0: 1.0, 40.0: 1.0, 76.0: 1.0}};7;77
20.0;(2, 7, 8, 9, 20, 24, 28, 57, 58, 71, 84, 88);4.0;250.0;100.0;0.15;1.0;{2: 4.0};{88: 4.0};{2: {20.0: 1.0, 40.0: 2.0, 52.0: 1.0}};12;78
20.0;(28, 24, 20, 21);21.0;250.0;100.0;0.15;1.0;{28: 21.0};{21: 21.0};{28: {20.0: 10.0, 24.0: 2.0, 64.0: 1.0, 84.0: 4.0, 88.0: 3.0, 92.0: 1.0}};4;79
20.0;(21, 20, 24, 28);16.0;250.0;100.0;0.15;0.8000000000000003;{21: 16.0};{28: 16.0};{21: {20.0: 3.0, 84.0: 6.0, 88.0: 1.0, 92.0: 6.0}};4;80
20.0;(28, 57, 58, 62);40.0;250.0;100.0;0.15;1.0;{28: 40.0};{62: 40.0};{28: {20.0: 2.0, 24.0: 1.0, 28.0: 4.0, 32.0: 2.0, 36.0: 3.0, 40.0: 6.0, 44.0: 1.0, 48.0: 2.0, 52.0: 2.0, 56.0: 2.0, 60.0: 2.0, 64.0: 4.0, 68.0: 3.0, 72.0: 2.0, 76.0: 1.0, 80.0: 2.0, 84.0: 1.0}};4;81
20.0;(86, 80, 65, 47);2.0;250.0;100.0;0.15;1.0;{86: 2.0};{47: 2.0};{86: {20.0: 2.0}};4;82
20.0;(7, 2, 3, 4, 5, 6, 17, 31, 32);35.0;250.0;100.0;0.15;1.0;{7: 35.0};{32: 35.0};{7: {20.0: 1.0, 24.0: 4.0, 28.0: 4.0, 32.0: 5.0, 36.0: 4.0, 40.0: 2.0, 44.0: 1.0, 48.0: 3.0, 56.0: 1.0, 64.0: 3.0, 68.0: 2.0, 72.0: 2.0, 80.0: 3.0}};9;83
20.0;(43, 42, 40, 41, 62, 70, 72, 76);97.0;250.0;100.0;0.15;1.0;{43: 97.0};{76: 95.0, 62: 2.0};{43: {20.0: 4.0, 24.0: 3.0, 28.0: 7.0, 32.0: 17.0, 36.0: 9.0, 40.0: 5.0, 44.0: 1.0, 48.0: 6.0, 52.0: 6.0, 56.0: 5.0, 60.0: 5.0, 64.0: 2.0, 68.0: 9.0, 72.0: 10.0, 76.0: 6.0, 80.0: 2.0}};8;84
20.0;(33, 44, 43, 37, 23, 22, 21, 9);5.0;250.0;100.0;0.15;1.0;{33: 5.0};{9: 5.0};{33: {20.0: 1.0, 32.0: 1.0, 56.0: 1.0, 76.0: 1.0, 80.0: 1.0}};8;85
20.0;(13, 14, 6, 5, 4, 3, 2, 7, 8);4.0;250.0;100.0;0.15;1.0;{13: 4.0};{8: 1.0, 7: 1.0, 3: 1.0, 5: 1.0};{13: {20.0: 4.0}};9;86
20.0;(36, 38, 40, 41, 62);1.0;250.0;100.0;0.15;0.5;{36: 1.0};{62: 1.0};{36: {20.0: 1.0}};5;87
20.0;(40, 38, 23, 22, 21, 20, 24, 25);14.0;250.0;100.0;0.15;1.0;{40: 14.0};{25: 14.0};{40: {20.0: 1.0, 48.0: 3.0, 52.0: 2.0, 60.0: 3.0, 64.0: 1.0, 76.0: 2.0, 80.0: 2.0}};8;88
20.0;(44, 33, 32, 31, 17, 14);30.0;250.0;100.0;0.15;1.0;{44: 30.0};{14: 30.0};{44: {20.0: 1.0, 24.0: 2.0, 32.0: 4.0, 36.0: 1.0, 40.0: 3.0, 44.0: 3.0, 48.0: 3.0, 52.0: 1.0, 60.0: 1.0, 64.0: 1.0, 68.0: 2.0, 72.0: 2.0, 76.0: 1.0, 80.0: 1.0, 88.0: 2.0, 92.0: 2.0}};6;89
20.0;(54, 61, 66, 82);36.0;250.0;100.0;0.15;1.0;{54: 36.0};{82: 36.0};{54: {20.0: 2.0, 24.0: 3.0, 28.0: 3.0, 32.0: 1.0, 36.0: 3.0, 40.0: 2.0, 44.0: 3.0, 48.0: 2.0, 52.0: 5.0, 56.0: 2.0, 60.0: 1.0, 64.0: 4.0, 72.0: 3.0, 76.0: 1.0, 80.0: 1.0}};4;90
20.0;(33, 45, 46, 47, 64, 65, 80, 86);6.0;250.0;100.0;0.15;0.9000000000000001;{33: 6.0};{86: 6.0};{33: {20.0: 1.0, 28.0: 1.0, 32.0: 1.0, 40.0: 1.0, 56.0: 1.0, 72.0: 1.0}};8;91
20.0;(25, 24, 20, 9, 8, 7, 2);101.0;250.0;100.0;0.15;1.0;{25: 101.0};{2: 101.0};{25: {20.0: 1.0, 56.0: 38.0, 60.0: 62.0}};7;92
20.0;(45, 33, 32, 31, 17, 14);15.0;250.0;100.0;0.15;1.0;{45: 15.0};{14: 15.0};{45: {20.0: 1.0, 28.0: 1.0, 36.0: 1.0, 40.0: 1.0, 44.0: 2.0, 48.0: 1.0, 52.0: 1.0, 56.0: 1.0, 60.0: 1.0, 64.0: 2.0, 68.0: 1.0, 72.0: 2.0}};6;93
20.0;(25, 28, 57, 58, 70, 72, 76);67.0;250.0;100.0;0.15;1.0;{25: 67.0};{76: 67.0};{25: {20.0: 1.0, 24.0: 4.0, 28.0: 5.0, 32.0: 11.0, 36.0: 4.0, 40.0: 5.0, 44.0: 4.0, 48.0: 2.0, 52.0: 2.0, 56.0: 2.0, 60.0: 3.0, 64.0: 5.0, 68.0: 6.0, 72.0: 3.0, 76.0: 4.0, 80.0: 4.0, 84.0: 2.0}};7;94
20.0;(12, 18, 9, 8, 7, 1);727.0;250.0;100.0;0.15;1.0;{12: 727.0};{1: 713.0, 8: 14.0};{12: {20.0: 17.0, 24.0: 10.0, 28.0: 112.0, 32.0: 109.0, 36.0: 20.0, 40.0: 90.0, 44.0: 23.0, 48.0: 13.0, 52.0: 11.0, 56.0: 66.0, 60.0: 82.0, 64.0: 15.0, 68.0: 15.0, 72.0: 77.0, 76.0: 44.0, 80.0: 2.0, 84.0: 13.0, 88.0: 7.0, 92.0: 1.0}};6;95
20.0;(75, 76, 72, 70, 69, 62, 47, 46);23.0;250.0;100.0;0.15;1.0;{75: 23.0};{46: 23.0};{75: {20.0: 5.0, 64.0: 12.0, 76.0: 6.0}};8;96
20.0;(41, 62, 70, 72, 76);40.0;250.0;100.0;0.15;1.0;{41: 40.0};{76: 40.0};{41: {20.0: 1.0, 24.0: 1.0, 28.0: 3.0, 32.0: 7.0, 36.0: 2.0, 40.0: 2.0, 44.0: 3.0, 48.0: 3.0, 52.0: 4.0, 60.0: 2.0, 64.0: 6.0, 68.0: 2.0, 72.0: 2.0, 76.0: 2.0}};5;97
20.0;(2, 7, 8, 9, 21, 22);86.0;250.0;100.0;0.15;1.0;{2: 86.0};{22: 86.0};{2: {20.0: 5.0, 28.0: 11.0, 40.0: 8.0, 56.0: 7.0, 60.0: 10.0, 64.0: 7.0, 68.0: 17.0, 72.0: 6.0, 76.0: 7.0, 80.0: 5.0, 84.0: 1.0, 88.0: 1.0, 92.0: 1.0}};6;98
20.0;(82, 81, 77, 72, 70, 58);23.0;250.0;100.0;0.15;0.9000000000000001;{82: 23.0};{58: 23.0};{82: {20.0: 1.0, 24.0: 2.0, 40.0: 3.0, 44.0: 2.0, 48.0: 2.0, 52.0: 2.0, 60.0: 5.0, 72.0: 3.0, 76.0: 2.0, 80.0: 1.0}};6;99
20.0;(43, 42, 40, 41, 64, 65, 80, 86);52.0;250.0;100.0;0.15;1.0;{43: 52.0};{86: 52.0};{43: {20.0: 1.0, 28.0: 3.0, 32.0: 1.0, 36.0: 3.0, 40.0: 3.0, 44.0: 5.0, 48.0: 4.0, 52.0: 4.0, 56.0: 2.0, 60.0: 4.0, 64.0: 7.0, 68.0: 1.0, 72.0: 4.0, 76.0: 6.0, 80.0: 2.0, 84.0: 2.0}};8;100
20.0;(10, 11, 12, 18, 9, 8, 7, 2);384.0;250.0;100.0;0.15;1.0;{10: 384.0};{2: 377.0, 8: 6.0, 9: 1.0};{10: {20.0: 8.0, 24.0: 24.0, 28.0: 57.0, 32.0: 44.0, 36.0: 51.0, 40.0: 31.0, 44.0: 27.0, 48.0: 31.0, 52.0: 26.0, 60.0: 34.0, 72.0: 36.0, 80.0: 15.0}};8;101
20.0;(26, 25, 28, 57, 58, 70, 72, 76);113.0;250.0;100.0;0.15;1.0;{26: 113.0};{76: 110.0, 28: 3.0};{26: {20.0: 4.0, 24.0: 7.0, 28.0: 2.0, 32.0: 17.0, 36.0: 14.0, 40.0: 10.0, 44.0: 9.0, 48.0: 7.0, 60.0: 9.0, 64.0: 13.0, 68.0: 7.0, 72.0: 12.0, 84.0: 2.0}};8;102
20.0;(43, 37, 23, 22, 21, 20, 24, 28);7.0;250.0;100.0;0.15;1.0;{43: 7.0};{28: 7.0};{43: {20.0: 1.0, 28.0: 2.0, 44.0: 1.0, 48.0: 2.0, 60.0: 1.0}};8;103
20.0;(36, 37, 43, 44, 33, 32, 31, 17, 6, 5, 4);97.0;250.0;100.0;0.15;1.0;{36: 97.0};{4: 96.0, 33: 1.0};{36: {20.0: 2.0, 24.0: 4.0, 28.0: 9.0, 32.0: 9.0, 36.0: 7.0, 40.0: 9.0, 44.0: 4.0, 48.0: 5.0, 52.0: 6.0, 56.0: 7.0, 60.0: 6.0, 64.0: 6.0, 68.0: 12.0, 72.0: 3.0, 76.0: 6.0, 80.0: 1.0, 88.0: 1.0}};11;104
20.0;(4, 5, 6, 17, 31, 32, 33, 44, 43, 37, 36);61.0;250.0;100.0;0.15;1.0;{4: 61.0};{36: 60.0, 32: 1.0};{4: {20.0: 2.0, 24.0: 2.0, 28.0: 5.0, 32.0: 1.0, 36.0: 7.0, 40.0: 2.0, 44.0: 11.0, 48.0: 2.0, 52.0: 2.0, 56.0: 3.0, 60.0: 4.0, 64.0: 3.0, 68.0: 5.0, 72.0: 7.0, 76.0: 2.0, 80.0: 2.0, 84.0: 1.0}};11;105
20.0;(58, 62, 47, 46, 45, 33, 32, 31, 17, 14);5.0;250.0;100.0;0.15;0.8999999999999999;{58: 5.0};{14: 4.0, 46: 1.0};{58: {20.0: 2.0, 64.0: 3.0}};10;106
20.0;(45, 44, 43, 42, 40);102.0;250.0;100.0;0.15;1.0;{45: 102.0};{40: 102.0};{45: {20.0: 1.0, 24.0: 5.0, 28.0: 11.0, 32.0: 12.0, 36.0: 5.0, 40.0: 11.0, 44.0: 11.0, 48.0: 3.0, 52.0: 3.0, 56.0: 13.0, 60.0: 6.0, 64.0: 1.0, 68.0: 4.0, 72.0: 6.0, 76.0: 6.0, 80.0: 3.0, 84.0: 1.0}};5;107
20.0;(65, 80, 69, 58, 53);84.0;250.0;100.0;0.15;0.8999999999999999;{65: 84.0};{53: 73.0, 58: 11.0};{65: {20.0: 12.0, 64.0: 72.0}};5;108
20.0;(55, 28, 25);5.0;250.0;100.0;0.15;0.9000000000000001;{55: 5.0};{25: 5.0};{55: {20.0: 1.0, 24.0: 2.0, 76.0: 2.0}};3;109
20.0;(40, 42, 43, 44, 45);100.0;250.0;100.0;0.15;1.0;{40: 100.0};{45: 100.0};{40: {20.0: 2.0, 24.0: 9.0, 28.0: 11.0, 32.0: 12.0, 36.0: 6.0, 40.0: 2.0, 44.0: 4.0, 48.0: 3.0, 52.0: 6.0, 56.0: 4.0, 60.0: 5.0, 64.0: 7.0, 68.0: 5.0, 72.0: 9.0, 76.0: 5.0, 80.0: 8.0, 84.0: 1.0, 88.0: 1.0}};5;110
20.0;(75, 76, 72, 70, 58, 53, 28, 24, 20, 9, 8);89.0;250.0;100.0;0.15;1.0;{75: 89.0};{8: 4.0, 28: 4.0, 58: 81.0};{75: {20.0: 86.0, 84.0: 3.0}};11;111
20.0;(46, 47, 62, 71, 84, 88);128.0;250.0;100.0;0.15;1.0;{46: 128.0};{88: 128.0};{46: {20.0: 1.0, 24.0: 6.0, 28.0: 8.0, 32.0: 10.0, 36.0: 7.0, 40.0: 15.0, 44.0: 13.0, 48.0: 8.0, 52.0: 8.0, 56.0: 5.0, 60.0: 10.0, 64.0: 9.0, 68.0: 2.0, 72.0: 13.0, 76.0: 3.0, 80.0: 6.0, 84.0: 4.0}};6;112
20.0;(8, 9, 21, 22);8.0;250.0;100.0;0.15;1.0;{8: 8.0};{22: 8.0};{8: {20.0: 1.0, 24.0: 1.0, 60.0: 3.0, 68.0: 3.0}};4;113
20.0;(33, 44, 43, 37, 36);35.0;250.0;100.0;0.15;1.0;{33: 35.0};{36: 35.0};{33: {20.0: 1.0, 24.0: 1.0, 28.0: 3.0, 32.0: 3.0, 36.0: 2.0, 40.0: 4.0, 44.0: 1.0, 48.0: 2.0, 52.0: 2.0, 56.0: 3.0, 60.0: 1.0, 64.0: 2.0, 68.0: 3.0, 72.0: 2.0, 76.0: 3.0, 80.0: 2.0}};5;114
20.0;(82, 66, 61, 28, 25, 26);180.0;250.0;100.0;0.15;1.0;{82: 180.0};{26: 177.0, 25: 1.0, 28: 2.0};{82: {20.0: 6.0, 24.0: 8.0, 28.0: 16.0, 32.0: 19.0, 36.0: 14.0, 40.0: 19.0, 44.0: 17.0, 48.0: 11.0, 52.0: 9.0, 56.0: 4.0, 60.0: 10.0, 64.0: 11.0, 68.0: 13.0, 72.0: 7.0, 76.0: 10.0, 80.0: 5.0, 88.0: 1.0}};6;115
20.0;(25, 24, 19, 12);201.0;250.0;100.0;0.15;0.7000000000000002;{25: 201.0};{12: 201.0};{25: {20.0: 18.0, 68.0: 85.0, 76.0: 58.0, 80.0: 33.0, 88.0: 3.0, 92.0: 4.0}};4;116
24.0;(40, 38, 23, 22, 21, 9, 8, 7, 2);4.0;250.0;100.0;0.15;0.9000000000000001;{40: 4.0};{2: 2.0, 9: 1.0, 22: 1.0};{40: {24.0: 3.0, 28.0: 1.0}};9;117
24.0;(36, 38, 40, 41, 62, 70, 72, 76);9.0;250.0;100.0;0.15;1.0;{36: 9.0};{76: 9.0};{36: {24.0: 1.0, 28.0: 1.0, 40.0: 2.0, 44.0: 1.0, 48.0: 3.0, 68.0: 1.0}};8;118
24.0;(86, 69, 58, 56);27.0;250.0;100.0;0.15;1.0;{86: 27.0};{56: 27.0};{86: {24.0: 3.0, 28.0: 3.0, 32.0: 1.0, 36.0: 2.0, 40.0: 1.0, 48.0: 3.0, 52.0: 2.0, 56.0: 1.0, 60.0: 3.0, 64.0: 3.0, 68.0: 1.0, 72.0: 2.0, 84.0: 1.0, 92.0: 1.0}};4;119
24.0;(75, 76, 77, 81, 82);111.0;250.0;100.0;0.15;1.0;{75: 111.0};{82: 111.0};{75: {24.0: 12.0, 28.0: 7.0, 32.0: 10.0, 36.0: 9.0, 40.0: 10.0, 44.0: 7.0, 48.0: 5.0, 52.0: 4.0, 56.0: 8.0, 60.0: 8.0, 64.0: 8.0, 68.0: 8.0, 72.0: 4.0, 76.0: 4.0, 80.0: 4.0, 84.0: 3.0}};5;120
24.0;(13, 14, 6, 5, 4, 3, 2, 7, 8, 9, 18, 12);26.0;250.0;100.0;0.15;1.0;{13: 26.0};{12: 26.0};{13: {24.0: 1.0, 28.0: 1.0, 32.0: 3.0, 36.0: 2.0, 40.0: 1.0, 44.0: 1.0, 48.0: 1.0, 60.0: 9.0, 64.0: 2.0, 72.0: 2.0, 80.0: 3.0}};12;121
24.0;(40, 38, 23, 22, 21, 9, 8, 7, 1);1.0;250.0;100.0;0.15;0.4;{40: 1.0};{1: 1.0};{40: {24.0: 1.0}};9;122
24.0;(75, 76, 72, 70, 58, 53, 28, 24, 19, 12, 11);115.0;250.0;100.0;0.15;1.0;{75: 115.0};{11: 113.0, 12: 2.0};{75: {24.0: 3.0, 28.0: 1.0, 32.0: 5.0, 36.0: 2.0, 40.0: 5.0, 48.0: 1.0, 60.0: 5.0, 68.0: 3.0, 76.0: 2.0, 84.0: 88.0}};11;123
24.0;(3, 4, 5, 6, 14);19.0;250.0;100.0;0.15;0.9000000000000001;{3: 19.0};{14: 19.0};{3: {24.0: 2.0, 28.0: 2.0, 32.0: 2.0, 36.0: 3.0, 40.0: 3.0, 44.0: 2.0, 48.0: 2.0, 60.0: 1.0, 72.0: 1.0, 76.0: 1.0}};5;124
24.0;(10, 11, 12, 18, 21, 22, 23, 38, 40, 41, 62);1.0;250.0;100.0;0.15;1.0;{10: 1.0};{62: 1.0};{10: {24.0: 1.0}};11;125
24.0;(88, 84, 78, 76);35.0;250.0;100.0;0.15;1.0;{88: 35.0};{76: 35.0};{88: {24.0: 3.0, 28.0: 5.0, 32.0: 2.0, 36.0: 4.0, 40.0: 3.0, 44.0: 2.0, 48.0: 2.0, 52.0: 1.0, 56.0: 4.0, 64.0: 2.0, 68.0: 1.0, 72.0: 2.0, 76.0: 2.0, 80.0: 1.0, 84.0: 1.0}};4;126
24.0;(21, 20, 24, 28, 57, 58, 70, 72, 76);546.0;250.0;100.0;0.15;1.0;{21: 546.0};{76: 521.0, 57: 1.0, 28: 24.0};{21: {24.0: 27.0, 28.0: 46.0, 32.0: 59.0, 36.0: 41.0, 40.0: 49.0, 44.0: 43.0, 48.0: 27.0, 52.0: 31.0, 60.0: 47.0, 64.0: 41.0, 68.0: 44.0, 72.0: 35.0, 76.0: 39.0, 80.0: 17.0}};9;127
24.0;(25, 28, 54, 61, 66, 82);54.0;250.0;100.0;0.15;1.0;{25: 54.0};{82: 54.0};{25: {24.0: 3.0, 28.0: 5.0, 32.0: 4.0, 36.0: 3.0, 40.0: 2.0, 44.0: 4.0, 52.0: 6.0, 56.0: 8.0, 60.0: 1.0, 64.0: 5.0, 68.0: 6.0, 72.0: 4.0, 76.0: 1.0, 80.0: 1.0, 84.0: 1.0}};6;128
24.0;(58, 70, 72, 77, 81, 82);25.0;250.0;100.0;0.15;0.9000000000000001;{58: 25.0};{82: 25.0};{58: {24.0: 3.0, 28.0: 3.0, 32.0: 1.0, 36.0: 2.0, 44.0: 1.0, 48.0: 1.0, 56.0: 3.0, 60.0: 1.0, 64.0: 2.0, 68.0: 3.0, 72.0: 1.0, 76.0: 2.0, 80.0: 1.0, 88.0: 1.0}};6;129
24.0;(2, 7, 8, 9, 20, 24, 25);15.0;250.0;100.0;0.15;0.9000000000000001;{2: 15.0};{25: 15.0};{2: {24.0: 1.0, 36.0: 2.0, 40.0: 1.0, 44.0: 1.0, 48.0: 2.0, 56.0: 3.0, 60.0: 1.0, 64.0: 1.0, 72.0: 2.0, 80.0: 1.0}};7;130
24.0;(57, 58, 73, 86);9.0;250.0;100.0;0.15;1.0;{57: 9.0};{86: 9.0};{57: {24.0: 1.0, 28.0: 1.0, 32.0: 1.0, 60.0: 1.0, 64.0: 1.0, 68.0: 2.0, 72.0: 2.0}};4;131
24.0;(57, 28, 24, 19, 12);3.0;250.0;100.0;0.15;1.0;{57: 3.0};{12: 3.0};{57: {24.0: 2.0, 56.0: 1.0}};5;132
24.0;(13, 14, 17, 31, 32, 33, 44, 43, 37, 23, 22);17.0;250.0;100.0;0.15;1.0;{13: 17.0};{22: 15.0, 23: 1.0, 44: 1.0};{13: {24.0: 3.0, 40.0: 7.0, 44.0: 4.0, 56.0: 3.0}};11;133
24.0;(75, 76, 72, 70, 58, 53, 28, 24, 20, 21);294.0;250.0;100.0;0.15;1.0;{75: 294.0};{21: 294.0};{75: {24.0: 1.0, 32.0: 1.0, 36.0: 1.0, 40.0: 1.0, 52.0: 282.0, 56.0: 2.0, 64.0: 2.0, 68.0: 2.0, 76.0: 1.0, 80.0: 1.0}};10;134
24.0;(5, 4, 3, 2, 7);5.0;250.0;100.0;0.15;1.0;{5: 5.0};{7: 5.0};{5: {24.0: 1.0, 36.0: 1.0, 48.0: 1.0, 80.0: 2.0}};5;135
24.0;(57, 28, 25);10.0;250.0;100.0;0.15;1.0;{57: 10.0};{25: 10.0};{57: {24.0: 1.0, 28.0: 1.0, 32.0: 2.0, 40.0: 1.0, 52.0: 2.0, 56.0: 1.0, 72.0: 2.0}};3;136
24.0;(12, 19, 24, 28, 57, 58, 70, 72, 76);30.0;250.0;100.0;0.15;1.0;{12: 30.0};{76: 28.0, 57: 1.0, 28: 1.0};{12: {24.0: 4.0, 28.0: 4.0, 32.0: 3.0, 36.0: 1.0, 40.0: 5.0, 44.0: 3.0, 56.0: 3.0, 68.0: 2.0, 72.0: 3.0, 76.0: 1.0, 88.0: 1.0}};9;137
24.0;(46, 47, 64, 65, 80, 86);91.0;250.0;100.0;0.15;1.0;{46: 91.0};{86: 91.0};{46: {24.0: 3.0, 28.0: 8.0, 32.0: 10.0, 36.0: 9.0, 40.0: 4.0, 44.0: 8.0, 48.0: 4.0, 52.0: 7.0, 56.0: 7.0, 60.0: 7.0, 64.0: 5.0, 68.0: 5.0, 72.0: 5.0, 76.0: 5.0, 80.0: 2.0, 84.0: 2.0}};6;138
24.0;(75, 76, 78, 84, 88);12.0;250.0;100.0;0.15;0.9000000000000001;{75: 12.0};{88: 12.0};{75: {24.0: 2.0, 28.0: 1.0, 32.0: 1.0, 36.0: 1.0, 52.0: 2.0, 68.0: 1.0, 72.0: 3.0, 80.0: 1.0}};5;139
24.0;(56, 57, 58, 73, 80, 65);6.0;250.0;100.0;0.15;1.0;{56: 6.0};{65: 6.0};{56: {24.0: 1.0, 36.0: 1.0, 44.0: 1.0, 52.0: 1.0, 68.0: 1.0, 76.0: 1.0}};6;140
24.0;(36, 37, 43, 44, 33, 32, 31, 17, 14);7.0;250.0;100.0;0.15;1.0;{36: 7.0};{14: 7.0};{36: {24.0: 1.0, 32.0: 1.0, 36.0: 1.0, 44.0: 1.0, 64.0: 1.0, 72.0: 1.0, 88.0: 1.0}};9;141
24.0;(44, 33, 32, 31, 17, 6, 5, 4, 3);11.0;250.0;100.0;0.15;1.0;{44: 11.0};{3: 10.0, 6: 1.0};{44: {24.0: 3.0, 32.0: 1.0, 64.0: 3.0, 76.0: 2.0, 80.0: 2.0}};9;142
24.0;(10, 11, 12, 19, 24, 28, 57, 58, 70, 72, 76);18.0;250.0;100.0;0.15;1.0;{10: 18.0};{76: 18.0};{10: {24.0: 3.0, 28.0: 2.0, 36.0: 2.0, 40.0: 2.0, 44.0: 2.0, 68.0: 2.0, 72.0: 2.0, 76.0: 3.0}};11;143
24.0;(3, 4, 5, 6, 17, 31, 32, 33, 44);8.0;250.0;100.0;0.15;1.0;{3: 8.0};{44: 6.0, 32: 2.0};{3: {24.0: 3.0, 36.0: 2.0, 44.0: 1.0, 52.0: 1.0, 56.0: 1.0}};9;144
24.0;(12, 18, 21, 22, 23, 38, 40);3.0;250.0;100.0;0.15;0.5;{12: 3.0};{40: 3.0};{12: {24.0: 1.0, 72.0: 2.0}};7;145
24.0;(75, 76, 72, 70, 58, 53, 28, 25, 26);68.0;250.0;100.0;0.15;1.0;{75: 68.0};{26: 64.0, 25: 4.0};{75: {24.0: 6.0, 28.0: 5.0, 32.0: 7.0, 36.0: 5.0, 40.0: 9.0, 44.0: 6.0, 48.0: 7.0, 60.0: 3.0, 64.0: 7.0, 68.0: 5.0, 72.0: 5.0, 80.0: 3.0}};9;146
24.0;(25, 24, 20, 9, 8, 7, 2, 3, 4, 5, 6, 14);432.0;250.0;100.0;0.15;1.0;{25: 432.0};{14: 384.0, 5: 1.0, 8: 5.0, 9: 42.0};{25: {24.0: 50.0, 36.0: 74.0, 40.0: 74.0, 52.0: 55.0, 64.0: 64.0, 72.0: 65.0, 76.0: 50.0}};12;147
24.0;(86, 80, 65, 41, 40, 42, 43);86.0;250.0;100.0;0.15;1.0;{86: 86.0};{43: 83.0, 41: 3.0};{86: {24.0: 4.0, 28.0: 9.0, 32.0: 9.0, 36.0: 7.0, 40.0: 13.0, 44.0: 5.0, 48.0: 4.0, 52.0: 9.0, 56.0: 3.0, 60.0: 4.0, 64.0: 2.0, 68.0: 2.0, 72.0: 6.0, 76.0: 2.0, 80.0: 3.0, 84.0: 3.0, 92.0: 1.0}};7;148
24.0;(25, 28, 57, 58, 73, 86);21.0;250.0;100.0;0.15;1.0;{25: 21.0};{86: 21.0};{25: {24.0: 2.0, 28.0: 3.0, 32.0: 2.0, 36.0: 1.0, 40.0: 2.0, 48.0: 2.0, 56.0: 1.0, 60.0: 2.0, 64.0: 4.0, 76.0: 1.0, 84.0: 1.0}};6;149
24.0;(10, 11, 12, 18, 21, 22, 23, 37, 43, 44, 33);11.0;250.0;100.0;0.15;1.0;{10: 11.0};{33: 9.0, 43: 1.0, 21: 1.0};{10: {24.0: 4.0, 28.0: 2.0, 40.0: 1.0, 52.0: 2.0, 60.0: 2.0}};11;150
24.0;(25, 28, 55);15.0;250.0;100.0;0.15;1.0;{25: 15.0};{55: 15.0};{25: {24.0: 2.0, 32.0: 2.0, 36.0: 4.0, 40.0: 2.0, 48.0: 2.0, 52.0: 1.0, 60.0: 1.0, 68.0: 1.0}};3;151
24.0;(25, 24, 20, 21, 22, 23, 37, 43, 44, 45);523.0;250.0;100.0;0.15;1.0;{25: 523.0};{45: 450.0, 43: 2.0, 21: 71.0};{25: {24.0: 74.0, 32.0: 112.0, 44.0: 104.0, 48.0: 84.0, 56.0: 81.0, 60.0: 68.0}};10;152
24.0;(45, 44, 43, 37, 23, 22, 21, 20, 24, 28);4.0;250.0;100.0;0.15;1.0;{45: 4.0};{28: 4.0};{45: {24.0: 1.0, 40.0: 1.0, 64.0: 2.0}};10;153
24.0;(45, 44, 43, 37, 23, 22, 21, 20, 24, 25);7.0;250.0;100.0;0.15;1.0;{45: 7.0};{25: 6.0, 22: 1.0};{45: {24.0: 2.0, 36.0: 2.0, 40.0: 2.0, 72.0: 1.0}};10;154
24.0;(1, 7, 8, 9, 21, 22);1.0;250.0;100.0;0.15;0.5;{1: 1.0};{22: 1.0};{1: {24.0: 1.0}};6;155
24.0;(1, 7, 8, 9, 20, 24, 25, 26);35.0;250.0;100.0;0.15;1.0;{1: 35.0};{26: 35.0};{1: {24.0: 1.0, 28.0: 3.0, 32.0: 4.0, 36.0: 3.0, 40.0: 6.0, 44.0: 7.0, 48.0: 2.0, 52.0: 3.0, 56.0: 2.0, 60.0: 1.0, 76.0: 3.0}};8;156
24.0;(9, 20, 24, 28, 54, 61, 66, 82);10.0;250.0;100.0;0.15;1.0;{9: 10.0};{82: 8.0, 28: 2.0};{9: {24.0: 3.0, 28.0: 1.0, 40.0: 3.0, 44.0: 1.0, 76.0: 1.0, 80.0: 1.0}};8;157
24.0;(10, 11, 12, 19, 24, 25, 26);34.0;250.0;100.0;0.15;1.0;{10: 34.0};{26: 33.0, 25: 1.0};{10: {24.0: 2.0, 28.0: 7.0, 32.0: 3.0, 36.0: 2.0, 40.0: 5.0, 44.0: 3.0, 48.0: 1.0, 60.0: 2.0, 64.0: 2.0, 68.0: 4.0, 72.0: 3.0}};7;158
24.0;(22, 21, 20, 24, 25, 26);3.0;250.0;100.0;0.15;1.0;{22: 3.0};{26: 2.0, 25: 1.0};{22: {24.0: 2.0, 76.0: 1.0}};6;159
24.0;(47, 62, 58);12.0;250.0;100.0;0.15;1.0;{47: 12.0};{58: 12.0};{47: {24.0: 1.0, 44.0: 1.0, 48.0: 1.0, 56.0: 1.0, 60.0: 2.0, 68.0: 1.0, 72.0: 3.0, 76.0: 1.0, 80.0: 1.0}};3;160
24.0;(75, 76, 72, 70, 69, 62, 47, 46, 45, 33, 32, 31, 17, 14);386.0;250.0;100.0;0.15;1.0;{75: 386.0};{14: 334.0, 46: 2.0, 47: 4.0, 62: 46.0};{75: {24.0: 53.0, 28.0: 2.0, 36.0: 104.0, 40.0: 82.0, 44.0: 1.0, 48.0: 53.0, 52.0: 57.0, 68.0: 1.0, 80.0: 33.0}};14;161
24.0;(33, 45, 46, 47, 62, 58);1.0;250.0;100.0;0.15;0.4;{33: 1.0};{58: 1.0};{33: {24.0: 1.0}};6;162
24.0;(28, 24, 20, 9);6.0;250.0;100.0;0.15;0.8000000000000003;{28: 6.0};{9: 6.0};{28: {24.0: 1.0, 32.0: 1.0, 36.0: 1.0, 56.0: 3.0}};4;163
24.0;(1, 7, 8, 9, 20, 24, 28, 57, 58, 70, 72, 76);21.0;250.0;100.0;0.15;1.0;{1: 21.0};{76: 19.0, 57: 1.0, 28: 1.0};{1: {24.0: 3.0, 32.0: 3.0, 36.0: 3.0, 44.0: 2.0, 52.0: 2.0, 56.0: 1.0, 60.0: 1.0, 64.0: 2.0, 72.0: 1.0, 76.0: 1.0, 80.0: 2.0}};12;164
24.0;(33, 44, 43, 42, 40);5.0;250.0;100.0;0.15;0.9000000000000001;{33: 5.0};{40: 5.0};{33: {24.0: 1.0, 32.0: 1.0, 40.0: 1.0, 44.0: 1.0, 72.0: 1.0}};5;165
24.0;(57, 58, 62, 47);1.0;250.0;100.0;0.15;0.6000000000000001;{57: 1.0};{47: 1.0};{57: {24.0: 1.0}};4;166
24.0;(12, 19, 24, 28, 54, 61, 66, 82);10.0;250.0;100.0;0.15;1.0;{12: 10.0};{82: 10.0};{12: {24.0: 1.0, 32.0: 1.0, 48.0: 4.0, 60.0: 1.0, 68.0: 2.0, 80.0: 1.0}};8;167
24.0;(22, 21, 20, 24, 28);28.0;250.0;100.0;0.15;1.0;{22: 28.0};{28: 28.0};{22: {24.0: 1.0, 28.0: 4.0, 32.0: 2.0, 36.0: 2.0, 40.0: 2.0, 44.0: 2.0, 56.0: 3.0, 60.0: 3.0, 68.0: 2.0, 72.0: 3.0, 76.0: 4.0}};5;168
24.0;(22, 23, 37, 43, 44, 45);4.0;250.0;100.0;0.15;0.8000000000000003;{22: 4.0};{45: 4.0};{22: {24.0: 1.0, 36.0: 3.0}};6;169
24.0;(86, 69, 58, 53, 28, 25, 26);62.0;250.0;100.0;0.15;1.0;{86: 62.0};{26: 59.0, 25: 1.0, 28: 2.0};{86: {24.0: 4.0, 28.0: 8.0, 32.0: 11.0, 36.0: 8.0, 40.0: 12.0, 44.0: 6.0, 52.0: 6.0, 56.0: 7.0}};7;170
24.0;(9, 21, 22, 23, 38, 40);3.0;250.0;100.0;0.15;0.8000000000000003;{9: 3.0};{40: 3.0};{9: {24.0: 1.0, 40.0: 1.0, 48.0: 1.0}};6;171
24.0;(26, 25, 28, 57, 58, 73, 86);6.0;250.0;100.0;0.15;1.0;{26: 6.0};{86: 6.0};{26: {24.0: 1.0, 36.0: 1.0, 72.0: 2.0, 76.0: 2.0}};7;172
24.0;(75, 76, 72, 70, 69, 62, 47, 46, 45, 33, 32, 31, 17, 6);309.0;250.0;100.0;0.15;1.0;{75: 309.0};{6: 309.0};{75: {24.0: 1.0, 28.0: 118.0, 44.0: 102.0, 68.0: 79.0, 88.0: 9.0}};14;173
24.0;(75, 76, 72, 70, 58, 53, 28, 24, 20, 9, 8, 7, 1);3376.0;250.0;100.0;0.15;1.0;{75: 3376.0};{1: 3116.0, 8: 1.0, 9: 2.0, 28: 7.0, 58: 250.0};{75: {24.0: 261.0, 28.0: 528.0, 32.0: 520.0, 36.0: 2.0, 40.0: 443.0, 48.0: 342.0, 56.0: 292.0, 60.0: 1.0, 68.0: 374.0, 72.0: 338.0, 76.0: 275.0}};13;174
24.0;(9, 21, 22, 23, 37, 43, 44, 45);3.0;250.0;100.0;0.15;0.9000000000000001;{9: 3.0};{45: 2.0, 43: 1.0};{9: {24.0: 2.0, 76.0: 1.0}};8;175
24.0;(57, 58, 73, 80, 65);3.0;250.0;100.0;0.15;0.8999999999999999;{57: 3.0};{65: 3.0};{57: {24.0: 1.0, 28.0: 1.0, 64.0: 1.0}};5;176
24.0;(26, 25, 28, 54, 61, 66, 82);50.0;250.0;100.0;0.15;1.0;{26: 50.0};{82: 50.0};{26: {24.0: 2.0, 28.0: 5.0, 32.0: 2.0, 36.0: 3.0, 40.0: 3.0, 44.0: 5.0, 48.0: 3.0, 52.0: 3.0, 56.0: 11.0, 60.0: 4.0, 64.0: 2.0, 76.0: 7.0}};7;177
24.0;(40, 38, 23, 22, 21, 20, 24, 28);14.0;250.0;100.0;0.15;0.9000000000000001;{40: 14.0};{28: 14.0};{40: {24.0: 1.0, 28.0: 1.0, 48.0: 2.0, 52.0: 1.0, 64.0: 3.0, 68.0: 2.0, 76.0: 2.0, 80.0: 1.0, 84.0: 1.0}};8;178
24.0;(2, 7, 8, 9, 21, 22, 23, 36);15.0;250.0;100.0;0.15;0.9000000000000001;{2: 15.0};{36: 9.0, 22: 6.0};{2: {24.0: 7.0, 44.0: 8.0}};8;179
24.0;(23, 37, 43, 44, 45);2.0;250.0;100.0;0.15;0.5;{23: 2.0};{45: 2.0};{23: {24.0: 1.0, 32.0: 1.0}};5;180
24.0;(88, 84, 71, 69, 62, 41, 40, 38, 36);6.0;250.0;100.0;0.15;0.8999999999999999;{88: 6.0};{36: 6.0};{88: {24.0: 1.0, 32.0: 1.0, 56.0: 2.0, 60.0: 1.0, 72.0: 1.0}};9;181
24.0;(40, 38, 23, 22, 21, 20, 24, 25, 26);4.0;250.0;100.0;0.15;1.0;{40: 4.0};{26: 3.0, 25: 1.0};{40: {24.0: 2.0, 44.0: 2.0}};9;182
24.0;(88, 84, 71, 69, 62, 47, 46, 45, 33, 32, 31, 17, 6);362.0;250.0;100.0;0.15;1.0;{88: 362.0};{6: 342.0, 33: 12.0, 46: 7.0, 47: 1.0};{88: {24.0: 21.0, 28.0: 53.0, 32.0: 55.0, 40.0: 39.0, 44.0: 31.0, 48.0: 37.0, 52.0: 26.0, 56.0: 24.0, 64.0: 27.0, 68.0: 2.0, 72.0: 33.0, 80.0: 14.0}};13;183
24.0;(2, 7, 8, 9, 18, 12);5.0;250.0;100.0;0.15;0.8000000000000003;{2: 5.0};{12: 5.0};{2: {24.0: 1.0, 48.0: 1.0, 56.0: 1.0, 64.0: 2.0}};6;184
24.0;(26, 25, 24, 19, 12, 11);112.0;250.0;100.0;0.15;1.0;{26: 112.0};{11: 107.0, 12: 5.0};{26: {24.0: 7.0, 28.0: 16.0, 32.0: 17.0, 40.0: 9.0, 44.0: 8.0, 48.0: 5.0, 52.0: 9.0, 56.0: 7.0, 64.0: 12.0, 68.0: 7.0, 72.0: 15.0}};6;185
24.0;(12, 18, 21, 22, 23, 37, 43, 44, 45);1.0;250.0;100.0;0.15;1.0;{12: 1.0};{45: 1.0};{12: {24.0: 1.0}};9;186
24.0;(82, 66, 61, 28, 24, 19, 12);15.0;250.0;100.0;0.15;1.0;{82: 15.0};{12: 14.0, 28: 1.0};{82: {24.0: 3.0, 28.0: 1.0, 40.0: 3.0, 44.0: 2.0, 48.0: 3.0, 68.0: 1.0, 72.0: 1.0, 76.0: 1.0}};7;187
24.0;(12, 18, 9, 8, 7, 2, 3, 4);48.0;250.0;100.0;0.15;0.4;{12: 48.0};{4: 1.0, 8: 47.0};{12: {24.0: 48.0}};8;188
24.0;(33, 44, 43, 37, 23, 22);1.0;250.0;100.0;0.15;0.4;{33: 1.0};{22: 1.0};{33: {24.0: 1.0}};6;189
24.0;(26, 25, 28, 57, 58, 62);2.0;250.0;100.0;0.15;0.6;{26: 2.0};{62: 2.0};{26: {24.0: 1.0, 44.0: 1.0}};6;190
24.0;(55, 28, 24, 20, 21);2.0;250.0;100.0;0.15;0.7000000000000002;{55: 2.0};{21: 2.0};{55: {24.0: 1.0, 44.0: 1.0}};5;191
24.0;(26, 25, 28, 55);11.0;250.0;100.0;0.15;1.0;{26: 11.0};{55: 11.0};{26: {24.0: 1.0, 28.0: 1.0, 32.0: 2.0, 36.0: 1.0, 44.0: 2.0, 48.0: 2.0, 60.0: 1.0, 76.0: 1.0}};4;192
24.0;(32, 31, 17, 14);52.0;250.0;100.0;0.15;0.8999999999999999;{32: 52.0};{14: 52.0};{32: {24.0: 1.0, 28.0: 6.0, 32.0: 4.0, 36.0: 3.0, 40.0: 5.0, 44.0: 4.0, 48.0: 4.0, 52.0: 3.0, 60.0: 5.0, 64.0: 2.0, 68.0: 7.0, 72.0: 2.0, 76.0: 4.0, 84.0: 2.0}};4;193
24.0;(55, 28, 24, 20, 9);3.0;250.0;100.0;0.15;1.0;{55: 3.0};{9: 3.0};{55: {24.0: 1.0, 48.0: 1.0, 80.0: 1.0}};5;194
24.0;(47, 62, 70, 72, 76);52.0;250.0;100.0;0.15;1.0;{47: 52.0};{76: 52.0};{47: {24.0: 4.0, 28.0: 3.0, 32.0: 8.0, 36.0: 4.0, 40.0: 4.0, 44.0: 5.0, 48.0: 3.0, 56.0: 6.0, 60.0: 3.0, 64.0: 1.0, 68.0: 4.0, 72.0: 4.0, 76.0: 2.0, 80.0: 1.0}};5;195
24.0;(6, 17, 31, 32, 33, 45, 46, 47, 62, 71, 84, 88);442.0;250.0;100.0;0.15;1.0;{6: 442.0};{88: 394.0, 32: 48.0};{6: {24.0: 49.0, 28.0: 83.0, 36.0: 69.0, 40.0: 1.0, 60.0: 57.0, 64.0: 3.0, 68.0: 69.0, 72.0: 59.0, 76.0: 52.0}};12;196
24.0;(32, 31, 17, 6, 5, 4, 3, 2, 7);641.0;250.0;100.0;0.15;1.0;{32: 641.0};{7: 605.0, 6: 36.0};{32: {24.0: 38.0, 28.0: 93.0, 32.0: 83.0, 40.0: 88.0, 44.0: 68.0, 56.0: 58.0, 60.0: 61.0, 64.0: 63.0, 76.0: 53.0, 80.0: 22.0, 84.0: 14.0}};9;197
24.0;(62, 58, 53, 28);21.0;250.0;100.0;0.15;1.0;{62: 21.0};{28: 21.0};{62: {24.0: 1.0, 28.0: 1.0, 32.0: 4.0, 48.0: 2.0, 52.0: 4.0, 56.0: 1.0, 60.0: 3.0, 68.0: 1.0, 72.0: 1.0, 76.0: 2.0, 84.0: 1.0}};4;198
24.0;(33, 45, 46, 47, 62, 70, 72, 76);17.0;250.0;100.0;0.15;1.0;{33: 17.0};{76: 17.0};{33: {24.0: 2.0, 28.0: 1.0, 32.0: 1.0, 36.0: 1.0, 40.0: 1.0, 44.0: 3.0, 48.0: 2.0, 52.0: 1.0, 68.0: 3.0, 72.0: 1.0, 76.0: 1.0}};8;199
24.0;(65, 80, 69, 70, 72, 77, 81, 82);5.0;250.0;100.0;0.15;1.0;{65: 5.0};{82: 5.0};{65: {24.0: 2.0, 40.0: 1.0, 52.0: 1.0, 60.0: 1.0}};8;200
24.0;(28, 54, 61, 66, 82);9.0;250.0;100.0;0.15;1.0;{28: 9.0};{82: 9.0};{28: {24.0: 1.0, 36.0: 1.0, 40.0: 2.0, 48.0: 1.0, 52.0: 1.0, 56.0: 1.0, 80.0: 1.0, 84.0: 1.0}};5;201
24.0;(46, 47, 62, 58);14.0;250.0;100.0;0.15;1.0;{46: 14.0};{58: 14.0};{46: {24.0: 3.0, 28.0: 2.0, 32.0: 2.0, 40.0: 1.0, 56.0: 2.0, 68.0: 3.0, 72.0: 1.0}};4;202
24.0;(13, 14, 6, 5, 4, 3, 2, 7, 8, 9, 20, 24, 25);57.0;250.0;100.0;0.15;1.0;{13: 57.0};{25: 51.0, 8: 1.0, 7: 2.0, 3: 1.0, 5: 2.0};{13: {24.0: 7.0, 48.0: 12.0, 52.0: 7.0, 56.0: 6.0, 64.0: 10.0, 68.0: 1.0, 72.0: 11.0, 84.0: 1.0, 88.0: 2.0}};13;203
24.0;(55, 57, 58, 62, 47, 46);3.0;250.0;100.0;0.15;1.0;{55: 3.0};{46: 3.0};{55: {24.0: 1.0, 28.0: 1.0, 48.0: 1.0}};6;204
24.0;(26, 25, 24, 20, 9, 8, 7, 1);26.0;250.0;100.0;0.15;1.0;{26: 26.0};{1: 25.0, 9: 1.0};{26: {24.0: 3.0, 28.0: 2.0, 32.0: 4.0, 40.0: 3.0, 44.0: 5.0, 52.0: 1.0, 56.0: 2.0, 60.0: 1.0, 68.0: 3.0, 84.0: 2.0}};8;205
28.0;(23, 38, 40, 41, 64, 65, 80, 86);2.0;250.0;100.0;0.15;1.0;{23: 2.0};{86: 2.0};{23: {28.0: 1.0, 80.0: 1.0}};8;206
28.0;(58, 62, 47, 46);22.0;250.0;100.0;0.15;1.0;{58: 22.0};{46: 22.0};{58: {28.0: 3.0, 40.0: 3.0, 44.0: 1.0, 52.0: 1.0, 56.0: 2.0, 60.0: 1.0, 68.0: 2.0, 72.0: 5.0, 80.0: 2.0, 84.0: 2.0}};4;207
28.0;(86, 80, 65, 41, 40, 38, 23, 22, 21, 18, 12);21.0;250.0;100.0;0.15;1.0;{86: 21.0};{12: 21.0};{86: {28.0: 1.0, 32.0: 4.0, 36.0: 3.0, 40.0: 1.0, 44.0: 2.0, 52.0: 1.0, 56.0: 2.0, 72.0: 2.0, 80.0: 2.0, 84.0: 3.0}};11;208
28.0;(40, 42, 43, 44, 33);4.0;250.0;100.0;0.15;0.6000000000000001;{40: 4.0};{33: 4.0};{40: {28.0: 2.0, 36.0: 1.0, 72.0: 1.0}};5;209
28.0;(28, 24, 20, 21, 22, 23, 38, 40);168.0;250.0;100.0;0.15;1.0;{28: 168.0};{40: 168.0};{28: {28.0: 4.0, 32.0: 65.0, 36.0: 2.0, 48.0: 37.0, 52.0: 32.0, 60.0: 27.0, 68.0: 1.0}};8;210
28.0;(25, 24, 20, 21, 22, 23, 38, 40);66.0;250.0;100.0;0.15;1.0;{25: 66.0};{40: 66.0};{25: {28.0: 1.0, 44.0: 2.0, 52.0: 1.0, 60.0: 1.0, 68.0: 2.0, 76.0: 59.0}};8;211
28.0;(41, 62, 71, 84, 88);5.0;250.0;100.0;0.15;1.0;{41: 5.0};{88: 5.0};{41: {28.0: 1.0, 36.0: 1.0, 40.0: 1.0, 68.0: 1.0, 76.0: 1.0}};5;212
28.0;(5, 6, 17, 31, 32);4.0;250.0;100.0;0.15;0.9000000000000001;{5: 4.0};{32: 4.0};{5: {28.0: 1.0, 44.0: 1.0, 56.0: 1.0, 68.0: 1.0}};5;213
28.0;(25, 28, 57, 58, 71, 84, 88);3.0;250.0;100.0;0.15;1.0;{25: 3.0};{88: 3.0};{25: {28.0: 1.0, 68.0: 1.0, 72.0: 1.0}};7;214
28.0;(43, 42, 40, 41, 62, 58, 56);7.0;250.0;100.0;0.15;1.0;{43: 7.0};{56: 5.0, 58: 2.0};{43: {28.0: 3.0, 32.0: 3.0, 40.0: 1.0}};7;215
28.0;(62, 41, 40, 38, 23, 22, 21, 18, 12, 11);1.0;250.0;100.0;0.15;0.5;{62: 1.0};{11: 1.0};{62: {28.0: 1.0}};10;216
28.0;(41, 62, 58, 53);6.0;250.0;100.0;0.15;1.0;{41: 6.0};{53: 5.0, 58: 1.0};{41: {28.0: 2.0, 56.0: 1.0, 68.0: 3.0}};4;217
28.0;(13, 14, 17, 31, 32, 33, 44, 43, 37, 36);23.0;250.0;100.0;0.15;1.0;{13: 23.0};{36: 22.0, 44: 1.0};{13: {28.0: 3.0, 32.0: 2.0, 36.0: 5.0, 40.0: 2.0, 56.0: 1.0, 60.0: 1.0, 64.0: 1.0, 68.0: 7.0, 72.0: 1.0}};10;218
28.0;(9, 18, 12, 11);15.0;250.0;100.0;0.15;1.0;{9: 15.0};{11: 15.0};{9: {28.0: 1.0, 36.0: 2.0, 40.0: 1.0, 44.0: 2.0, 48.0: 1.0, 60.0: 2.0, 68.0: 3.0, 72.0: 1.0, 80.0: 1.0, 84.0: 1.0}};4;219
28.0;(43, 37, 23, 22, 21, 20, 24, 25);15.0;250.0;100.0;0.15;1.0;{43: 15.0};{25: 15.0};{43: {28.0: 2.0, 40.0: 2.0, 44.0: 2.0, 56.0: 2.0, 60.0: 1.0, 64.0: 1.0, 68.0: 1.0, 72.0: 2.0, 84.0: 1.0, 88.0: 1.0}};8;220
28.0;(9, 21, 22, 23, 37, 43, 44, 33);9.0;250.0;100.0;0.15;0.8000000000000003;{9: 9.0};{33: 8.0, 43: 1.0};{9: {28.0: 2.0, 32.0: 3.0, 40.0: 1.0, 64.0: 1.0, 68.0: 1.0, 76.0: 1.0}};8;221
28.0;(4, 3, 2, 1);1.0;250.0;100.0;0.15;0.4000000000000001;{4: 1.0};{1: 1.0};{4: {28.0: 1.0}};4;222
28.0;(12, 19, 24, 28, 57, 58, 71, 84, 88);6.0;250.0;100.0;0.15;1.0;{12: 6.0};{88: 4.0, 28: 2.0};{12: {28.0: 3.0, 52.0: 3.0}};9;223
28.0;(25, 24, 20, 9, 8, 7, 2, 3, 4, 5);168.0;250.0;100.0;0.15;1.0;{25: 168.0};{5: 91.0, 2: 2.0, 8: 4.0, 9: 71.0};{25: {28.0: 78.0, 32.0: 90.0}};10;224
28.0;(25, 24, 20, 21, 22, 23, 37, 43);373.0;250.0;100.0;0.15;1.0;{25: 373.0};{43: 263.0, 22: 4.0, 21: 106.0};{25: {28.0: 112.0, 36.0: 95.0, 52.0: 63.0, 68.0: 69.0, 80.0: 34.0}};8;225
28.0;(33, 44, 43, 37, 23, 22, 21, 20, 24, 25);8.0;250.0;100.0;0.15;1.0;{33: 8.0};{25: 7.0, 23: 1.0};{33: {28.0: 2.0, 32.0: 3.0, 40.0: 1.0, 68.0: 1.0, 80.0: 1.0}};10;226
28.0;(28, 24, 20, 21, 22, 23, 37, 43, 44, 45);156.0;250.0;100.0;0.15;1.0;{28: 156.0};{45: 97.0, 22: 4.0, 21: 55.0};{28: {28.0: 60.0, 68.0: 49.0, 72.0: 47.0}};10;227
28.0;(43, 37, 23, 22, 21, 9, 8);21.0;250.0;100.0;0.15;1.0;{43: 21.0};{8: 17.0, 9: 4.0};{43: {28.0: 7.0, 32.0: 2.0, 36.0: 3.0, 48.0: 2.0, 56.0: 2.0, 60.0: 2.0, 72.0: 3.0}};7;228
28.0;(22, 21, 20, 24, 25);20.0;250.0;100.0;0.15;1.0;{22: 20.0};{25: 20.0};{22: {28.0: 1.0, 32.0: 1.0, 36.0: 1.0, 40.0: 1.0, 52.0: 3.0, 60.0: 1.0, 64.0: 3.0, 68.0: 3.0, 72.0: 4.0, 80.0: 1.0, 84.0: 1.0}};5;229
28.0;(22, 21, 9, 8, 7, 2, 3);37.0;250.0;100.0;0.15;0.8000000000000003;{22: 37.0};{3: 24.0, 2: 13.0};{22: {28.0: 14.0, 48.0: 9.0, 68.0: 14.0}};7;230
28.0;(23, 37, 43, 44, 33, 32, 31, 17, 6);3.0;250.0;100.0;0.15;0.8999999999999999;{23: 3.0};{6: 3.0};{23: {28.0: 1.0, 76.0: 2.0}};9;231
28.0;(6, 17, 31, 32, 33, 44, 43, 37, 36);15.0;250.0;100.0;0.15;1.0;{6: 15.0};{36: 13.0, 44: 2.0};{6: {28.0: 3.0, 32.0: 1.0, 36.0: 3.0, 48.0: 1.0, 56.0: 1.0, 60.0: 2.0, 64.0: 3.0, 76.0: 1.0}};9;232
28.0;(45, 44, 43, 37, 23, 22, 21, 9, 8);4.0;250.0;100.0;0.15;0.8000000000000003;{45: 4.0};{8: 3.0, 23: 1.0};{45: {28.0: 2.0, 60.0: 1.0, 72.0: 1.0}};9;233
28.0;(46, 47, 62, 70, 72, 77, 81, 82);3.0;250.0;100.0;0.15;0.7999999999999999;{46: 3.0};{82: 3.0};{46: {28.0: 1.0, 68.0: 1.0, 72.0: 1.0}};8;234
28.0;(22, 23, 38, 40, 41, 64, 65, 80, 86);14.0;250.0;100.0;0.15;0.9000000000000001;{22: 14.0};{86: 14.0};{22: {28.0: 1.0, 32.0: 2.0, 40.0: 2.0, 56.0: 3.0, 64.0: 4.0, 80.0: 2.0}};9;235
28.0;(28, 24, 19, 12, 11);12.0;250.0;100.0;0.15;0.9000000000000001;{28: 12.0};{11: 11.0, 12: 1.0};{28: {28.0: 3.0, 32.0: 1.0, 56.0: 2.0, 60.0: 1.0, 64.0: 2.0, 72.0: 3.0}};5;236
28.0;(55, 28, 24, 20, 9, 8);3.0;250.0;100.0;0.15;0.8000000000000003;{55: 3.0};{8: 3.0};{55: {28.0: 1.0, 32.0: 1.0, 72.0: 1.0}};6;237
28.0;(3, 4, 5, 6, 17, 31, 32);14.0;250.0;100.0;0.15;1.0;{3: 14.0};{32: 14.0};{3: {28.0: 1.0, 32.0: 3.0, 40.0: 3.0, 48.0: 2.0, 60.0: 1.0, 68.0: 2.0, 72.0: 1.0, 76.0: 1.0}};7;238
28.0;(26, 25, 28, 57, 58, 73, 80, 65);13.0;250.0;100.0;0.15;1.0;{26: 13.0};{65: 1.0, 57: 1.0, 28: 11.0};{26: {28.0: 13.0}};8;239
28.0;(36, 23, 22, 21, 20, 24, 28);2.0;250.0;100.0;0.15;0.7000000000000002;{36: 2.0};{28: 2.0};{36: {28.0: 1.0, 36.0: 1.0}};7;240
28.0;(82, 81, 77, 72, 70, 69, 73, 80, 65);9.0;250.0;100.0;0.15;1.0;{82: 9.0};{65: 9.0};{82: {28.0: 3.0, 36.0: 3.0, 48.0: 1.0, 60.0: 1.0, 68.0: 1.0}};9;241
28.0;(1, 7, 8, 9, 21, 22, 23, 37, 43);4.0;250.0;100.0;0.15;0.8000000000000003;{1: 4.0};{43: 3.0, 21: 1.0};{1: {28.0: 2.0, 36.0: 1.0, 72.0: 1.0}};9;242
28.0;(82, 81, 77, 72, 70, 58, 56);26.0;250.0;100.0;0.15;0.9000000000000001;{82: 26.0};{56: 18.0, 58: 8.0};{82: {28.0: 9.0, 32.0: 7.0, 36.0: 3.0, 56.0: 2.0, 68.0: 5.0}};7;243
28.0;(86, 80, 65, 47, 46, 45, 33);170.0;250.0;100.0;0.15;0.9000000000000001;{86: 170.0};{33: 131.0, 46: 23.0, 47: 16.0};{86: {28.0: 42.0, 36.0: 41.0, 40.0: 41.0, 60.0: 19.0, 72.0: 27.0}};7;244
28.0;(64, 41, 40, 42, 43);5.0;250.0;100.0;0.15;0.8999999999999999;{64: 5.0};{43: 5.0};{64: {28.0: 2.0, 32.0: 1.0, 56.0: 1.0, 60.0: 1.0}};5;245
28.0;(21, 20, 24, 28, 54, 61, 66, 82);31.0;250.0;100.0;0.15;0.8000000000000003;{21: 31.0};{82: 31.0};{21: {28.0: 1.0, 32.0: 1.0, 44.0: 2.0, 56.0: 26.0, 60.0: 1.0}};8;246
28.0;(9, 20, 24, 28, 57, 58, 71, 84, 88);1.0;250.0;100.0;0.15;0.7;{9: 1.0};{88: 1.0};{9: {28.0: 1.0}};9;247
28.0;(75, 76, 72, 70, 69, 62, 41, 40, 38, 36);157.0;250.0;100.0;0.15;1.0;{75: 157.0};{36: 153.0, 41: 4.0};{75: {28.0: 6.0, 36.0: 6.0, 44.0: 6.0, 64.0: 69.0, 68.0: 2.0, 72.0: 68.0}};10;248
28.0;(88, 84, 71, 58, 53, 28, 25, 26);2.0;250.0;100.0;0.15;0.8999999999999999;{88: 2.0};{26: 1.0, 25: 1.0};{88: {28.0: 2.0}};8;249
28.0;(88, 84, 71, 69, 62, 41, 40, 38, 23);3.0;250.0;100.0;0.15;1.0;{88: 3.0};{23: 3.0};{88: {28.0: 1.0, 36.0: 1.0, 68.0: 1.0}};9;250
28.0;(65, 80, 69, 58, 53, 28, 25);143.0;250.0;100.0;0.15;1.0;{65: 143.0};{25: 55.0, 58: 88.0};{65: {28.0: 89.0, 76.0: 54.0}};7;251
28.0;(86, 80, 65, 41, 40, 38, 36);4.0;250.0;100.0;0.15;1.0;{86: 4.0};{36: 4.0};{86: {28.0: 1.0, 32.0: 1.0, 56.0: 1.0, 60.0: 1.0}};7;252
28.0;(82, 66, 61, 28, 24, 20, 21);13.0;250.0;100.0;0.15;1.0;{82: 13.0};{21: 13.0};{82: {28.0: 1.0, 32.0: 1.0, 36.0: 2.0, 40.0: 1.0, 44.0: 3.0, 64.0: 1.0, 68.0: 2.0, 72.0: 2.0}};7;253
28.0;(36, 23, 22, 21, 20, 24, 25, 26);1.0;250.0;100.0;0.15;0.7000000000000002;{36: 1.0};{26: 1.0};{36: {28.0: 1.0}};8;254
28.0;(5, 4, 3, 2, 7, 8, 9, 20, 24, 25);13.0;250.0;100.0;0.15;0.9000000000000001;{5: 13.0};{25: 13.0};{5: {28.0: 1.0, 32.0: 5.0, 56.0: 2.0, 60.0: 3.0, 64.0: 2.0}};10;255
28.0;(75, 76, 72, 70, 69, 62, 41, 40, 38, 23);14.0;250.0;100.0;0.15;1.0;{75: 14.0};{23: 14.0};{75: {28.0: 2.0, 32.0: 3.0, 36.0: 1.0, 40.0: 2.0, 44.0: 2.0, 48.0: 1.0, 56.0: 1.0, 68.0: 2.0}};10;256
28.0;(55, 57, 58, 62, 41);4.0;250.0;100.0;0.15;1.0;{55: 4.0};{41: 4.0};{55: {28.0: 1.0, 36.0: 1.0, 44.0: 1.0, 48.0: 1.0}};5;257
28.0;(2, 7, 8, 9, 18, 12, 11);36.0;250.0;100.0;0.15;1.0;{2: 36.0};{11: 36.0};{2: {28.0: 4.0, 32.0: 3.0, 36.0: 4.0, 40.0: 4.0, 44.0: 3.0, 52.0: 3.0, 60.0: 1.0, 68.0: 5.0, 72.0: 4.0, 76.0: 4.0, 84.0: 1.0}};7;258
28.0;(9, 20, 24, 28, 57, 58, 70, 72, 76);41.0;250.0;100.0;0.15;1.0;{9: 41.0};{76: 41.0};{9: {28.0: 2.0, 32.0: 6.0, 40.0: 2.0, 44.0: 3.0, 52.0: 7.0, 56.0: 5.0, 60.0: 3.0, 64.0: 3.0, 72.0: 2.0, 76.0: 1.0, 80.0: 3.0, 84.0: 2.0, 88.0: 2.0}};9;259
28.0;(82, 66, 61, 28, 24, 20, 9, 8);19.0;250.0;100.0;0.15;1.0;{82: 19.0};{8: 16.0, 9: 3.0};{82: {28.0: 5.0, 36.0: 3.0, 40.0: 2.0, 52.0: 5.0, 64.0: 3.0, 80.0: 1.0}};8;260
28.0;(62, 41, 40, 42, 43);20.0;250.0;100.0;0.15;1.0;{62: 20.0};{43: 20.0};{62: {28.0: 2.0, 32.0: 3.0, 36.0: 1.0, 40.0: 2.0, 44.0: 2.0, 48.0: 2.0, 56.0: 2.0, 60.0: 1.0, 64.0: 1.0, 68.0: 1.0, 72.0: 1.0, 76.0: 1.0, 80.0: 1.0}};5;261
28.0;(28, 24, 20, 9, 8, 7, 1);10.0;250.0;100.0;0.15;1.0;{28: 10.0};{1: 10.0};{28: {28.0: 1.0, 40.0: 3.0, 48.0: 1.0, 52.0: 1.0, 64.0: 3.0, 84.0: 1.0}};7;262
28.0;(5, 4, 3, 2, 7, 8, 9, 18, 12, 11);6.0;250.0;100.0;0.15;0.8000000000000003;{5: 6.0};{11: 4.0, 12: 1.0, 7: 1.0};{5: {28.0: 3.0, 72.0: 3.0}};10;263
28.0;(5, 4, 3, 2, 1);3.0;250.0;100.0;0.15;1.0;{5: 3.0};{1: 3.0};{5: {28.0: 1.0, 48.0: 1.0, 52.0: 1.0}};5;264
28.0;(45, 33, 32, 31, 17, 6);3.0;250.0;100.0;0.15;0.6;{45: 3.0};{6: 3.0};{45: {28.0: 3.0}};6;265
28.0;(2, 7, 8, 9, 20, 24, 28, 57, 58, 70, 72, 76);9.0;250.0;100.0;0.15;1.0;{2: 9.0};{76: 9.0};{2: {28.0: 2.0, 32.0: 1.0, 36.0: 2.0, 40.0: 1.0, 48.0: 1.0, 68.0: 1.0, 88.0: 1.0}};12;266
28.0;(8, 9, 21, 22, 23, 38, 40, 41, 64, 65, 80, 86);16.0;250.0;100.0;0.15;0.9000000000000001;{8: 16.0};{86: 16.0};{8: {28.0: 1.0, 40.0: 2.0, 44.0: 6.0, 52.0: 3.0, 64.0: 2.0, 72.0: 2.0}};12;267
28.0;(28, 24, 20, 9, 8, 7, 2, 3, 4, 5, 6, 14);14.0;250.0;100.0;0.15;1.0;{28: 14.0};{14: 12.0, 8: 1.0, 9: 1.0};{28: {28.0: 3.0, 44.0: 8.0, 68.0: 3.0}};12;268
28.0;(62, 70, 72, 77, 81, 82);5.0;250.0;100.0;0.15;0.9000000000000001;{62: 5.0};{82: 5.0};{62: {28.0: 1.0, 32.0: 2.0, 40.0: 1.0, 60.0: 1.0}};6;269
28.0;(12, 18, 21, 22, 23, 38, 40, 41, 64, 65, 80, 86);8.0;250.0;100.0;0.15;0.7000000000000002;{12: 8.0};{86: 8.0};{12: {28.0: 1.0, 32.0: 1.0, 40.0: 3.0, 68.0: 2.0, 80.0: 1.0}};12;270
28.0;(8, 9, 20, 24, 28, 57, 58, 71, 84, 88);11.0;250.0;100.0;0.15;1.0;{8: 11.0};{88: 10.0, 28: 1.0};{8: {28.0: 2.0, 32.0: 3.0, 40.0: 3.0, 44.0: 1.0, 56.0: 2.0}};10;271
28.0;(21, 9, 8, 7, 1);5.0;250.0;100.0;0.15;0.9000000000000001;{21: 5.0};{1: 5.0};{21: {28.0: 1.0, 48.0: 1.0, 72.0: 2.0, 76.0: 1.0}};5;272
28.0;(58, 62, 41, 40, 42, 43);12.0;250.0;100.0;0.15;1.0;{58: 12.0};{43: 12.0};{58: {28.0: 1.0, 36.0: 1.0, 40.0: 1.0, 44.0: 2.0, 60.0: 1.0, 64.0: 1.0, 68.0: 2.0, 72.0: 1.0, 76.0: 1.0, 80.0: 1.0}};6;273
28.0;(58, 62, 41, 40, 38, 23);2.0;250.0;100.0;0.15;0.5;{58: 2.0};{23: 2.0};{58: {28.0: 1.0, 60.0: 1.0}};6;274
28.0;(12, 18, 9, 8, 7, 2);4.0;250.0;100.0;0.15;0.8000000000000003;{12: 4.0};{2: 4.0};{12: {28.0: 1.0, 32.0: 2.0, 56.0: 1.0}};6;275
28.0;(13, 14, 17, 31, 32, 33, 45, 46, 47, 62, 70, 72, 76);29.0;250.0;100.0;0.15;1.0;{13: 29.0};{76: 29.0};{13: {28.0: 2.0, 32.0: 4.0, 36.0: 3.0, 40.0: 3.0, 44.0: 4.0, 48.0: 1.0, 56.0: 1.0, 64.0: 4.0, 68.0: 4.0, 72.0: 3.0}};13;276
28.0;(13, 14, 6, 5, 4, 3, 2, 7, 8, 9, 20, 24, 25, 26);64.0;250.0;100.0;0.15;1.0;{13: 64.0};{26: 36.0, 25: 4.0, 8: 1.0, 7: 7.0, 3: 5.0, 5: 11.0};{13: {28.0: 29.0, 32.0: 14.0, 36.0: 21.0}};14;277
28.0;(26, 25, 24, 20, 21, 22);3.0;250.0;100.0;0.15;0.9000000000000001;{26: 3.0};{22: 1.0, 21: 2.0};{26: {28.0: 3.0}};6;278
28.0;(75, 76, 72, 70, 58, 53, 28, 24, 20, 9, 8, 7, 2);1507.0;250.0;100.0;0.15;1.0;{75: 1507.0};{2: 1507.0};{75: {28.0: 1.0, 36.0: 435.0, 40.0: 2.0, 44.0: 403.0, 48.0: 2.0, 60.0: 324.0, 64.0: 340.0}};13;279
28.0;(9, 20, 24, 28, 55);3.0;250.0;100.0;0.15;0.6000000000000001;{9: 3.0};{55: 3.0};{9: {28.0: 1.0, 52.0: 1.0, 60.0: 1.0}};5;280
28.0;(13, 14, 6, 5, 4, 3, 2, 7, 8, 9, 20, 24, 28);39.0;250.0;100.0;0.15;1.0;{13: 39.0};{28: 39.0};{13: {28.0: 1.0, 36.0: 1.0, 40.0: 10.0, 44.0: 10.0, 68.0: 17.0}};13;281
28.0;(28, 57, 58, 73, 80, 65);4.0;250.0;100.0;0.15;1.0;{28: 4.0};{65: 4.0};{28: {28.0: 1.0, 32.0: 1.0, 44.0: 1.0, 60.0: 1.0}};6;282
28.0;(86, 80, 65, 41, 40, 38, 23, 22, 21, 9, 8, 7, 2);13.0;250.0;100.0;0.15;1.0;{86: 13.0};{2: 8.0, 9: 2.0, 22: 1.0, 23: 1.0, 41: 1.0};{86: {28.0: 6.0, 44.0: 5.0, 52.0: 2.0}};13;283
28.0;(57, 28, 24, 20, 21);2.0;250.0;100.0;0.15;0.7000000000000002;{57: 2.0};{21: 2.0};{57: {28.0: 1.0, 44.0: 1.0}};5;284
28.0;(44, 33, 32, 31, 17, 6);5.0;250.0;100.0;0.15;0.7999999999999999;{44: 5.0};{6: 5.0};{44: {28.0: 1.0, 52.0: 1.0, 68.0: 1.0, 72.0: 2.0}};6;285
28.0;(82, 81, 77, 72, 70, 69, 62, 41, 40, 42, 43);12.0;250.0;100.0;0.15;1.0;{82: 12.0};{43: 12.0};{82: {28.0: 1.0, 32.0: 1.0, 36.0: 1.0, 40.0: 1.0, 44.0: 2.0, 52.0: 1.0, 60.0: 1.0, 68.0: 2.0, 76.0: 2.0}};11;286
28.0;(23, 38, 40, 41, 62, 70, 72, 77, 81, 82);2.0;250.0;100.0;0.15;0.8000000000000003;{23: 2.0};{82: 1.0, 62: 1.0};{23: {28.0: 2.0}};10;287
28.0;(21, 9, 8, 7, 2);5.0;250.0;100.0;0.15;1.0;{21: 5.0};{2: 5.0};{21: {28.0: 1.0, 32.0: 1.0, 36.0: 1.0, 48.0: 2.0}};5;288
28.0;(82, 81, 77, 72, 70, 69, 62, 41, 40, 38, 23);4.0;250.0;100.0;0.15;1.0;{82: 4.0};{23: 3.0, 41: 1.0};{82: {28.0: 2.0, 76.0: 2.0}};11;289
32.0;(57, 28, 24, 20, 9, 8);3.0;250.0;100.0;0.15;0.6000000000000001;{57: 3.0};{8: 3.0};{57: {32.0: 1.0, 60.0: 1.0, 72.0: 1.0}};6;290
32.0;(45, 44, 43, 37, 23);1.0;250.0;100.0;0.15;0.6000000000000001;{45: 1.0};{23: 1.0};{45: {32.0: 1.0}};5;291
32.0;(10, 11, 12, 19, 24, 28, 55);2.0;250.0;100.0;0.15;0.9000000000000001;{10: 2.0};{55: 2.0};{10: {32.0: 1.0, 60.0: 1.0}};7;292
32.0;(57, 58, 62, 41, 40, 42, 43);7.0;250.0;100.0;0.15;0.8999999999999999;{57: 7.0};{43: 6.0, 41: 1.0};{57: {32.0: 2.0, 44.0: 1.0, 48.0: 1.0, 60.0: 2.0, 72.0: 1.0}};7;293
32.0;(10, 11, 12, 18, 21, 22, 23, 38, 40);1.0;250.0;100.0;0.15;0.4;{10: 1.0};{40: 1.0};{10: {32.0: 1.0}};9;294
32.0;(36, 23, 22, 21, 9, 8);3.0;250.0;100.0;0.15;1.0;{36: 3.0};{8: 3.0};{36: {32.0: 1.0, 36.0: 1.0, 64.0: 1.0}};6;295
32.0;(25, 28, 57, 58, 62);5.0;250.0;100.0;0.15;1.0;{25: 5.0};{62: 5.0};{25: {32.0: 1.0, 40.0: 1.0, 52.0: 1.0, 56.0: 1.0, 64.0: 1.0}};5;296
32.0;(47, 62, 58, 53);2.0;250.0;100.0;0.15;0.8999999999999999;{47: 2.0};{53: 1.0, 58: 1.0};{47: {32.0: 2.0}};4;297
32.0;(62, 47, 46, 45, 33, 32, 31, 17, 14);2.0;250.0;100.0;0.15;1.0;{62: 2.0};{14: 2.0};{62: {32.0: 1.0, 80.0: 1.0}};9;298
32.0;(40, 42, 43, 44, 33, 32, 31, 17, 14);5.0;250.0;100.0;0.15;1.0;{40: 5.0};{14: 5.0};{40: {32.0: 1.0, 48.0: 1.0, 64.0: 1.0, 80.0: 1.0, 84.0: 1.0}};9;299
32.0;(8, 9, 21, 22, 23, 38, 40);4.0;250.0;100.0;0.15;1.0;{8: 4.0};{40: 4.0};{8: {32.0: 1.0, 36.0: 1.0, 76.0: 2.0}};7;300
32.0;(8, 9, 21, 22, 23, 37, 43);17.0;250.0;100.0;0.15;0.9000000000000001;{8: 17.0};{43: 13.0, 22: 4.0};{8: {32.0: 7.0, 52.0: 1.0, 56.0: 5.0, 64.0: 1.0, 72.0: 1.0, 80.0: 2.0}};7;301
32.0;(65, 80, 69, 58, 56);200.0;250.0;100.0;0.15;1.0;{65: 200.0};{56: 97.0, 58: 103.0};{65: {32.0: 104.0, 72.0: 61.0, 76.0: 1.0, 80.0: 34.0}};5;302
32.0;(6, 17, 31, 32, 33, 44, 43, 37, 23);19.0;250.0;100.0;0.15;1.0;{6: 19.0};{23: 19.0};{6: {32.0: 1.0, 84.0: 18.0}};9;303
32.0;(6, 17, 31, 32, 33, 44, 43, 42, 40);75.0;250.0;100.0;0.15;0.7999999999999999;{6: 75.0};{40: 1.0, 44: 1.0, 32: 73.0};{6: {32.0: 75.0}};9;304
32.0;(5, 4, 3, 2, 7, 8, 9, 18, 12);5.0;250.0;100.0;0.15;1.0;{5: 5.0};{12: 5.0};{5: {32.0: 1.0, 44.0: 3.0, 60.0: 1.0}};9;305
32.0;(55, 28, 25, 26);19.0;250.0;100.0;0.15;1.0;{55: 19.0};{26: 16.0, 25: 3.0};{55: {32.0: 5.0, 40.0: 1.0, 48.0: 3.0, 56.0: 2.0, 60.0: 2.0, 64.0: 2.0, 68.0: 2.0, 72.0: 2.0}};4;306
32.0;(47, 62, 71, 84, 88);5.0;250.0;100.0;0.15;1.0;{47: 5.0};{88: 5.0};{47: {32.0: 2.0, 48.0: 1.0, 64.0: 1.0, 68.0: 1.0}};5;307
32.0;(36, 38, 40, 41, 62, 58);1.0;250.0;100.0;0.15;0.5;{36: 1.0};{58: 1.0};{36: {32.0: 1.0}};6;308
32.0;(86, 80, 65, 47, 46, 45, 33, 32, 31, 17, 6);71.0;250.0;100.0;0.15;1.0;{86: 71.0};{6: 42.0, 46: 16.0, 47: 13.0};{86: {32.0: 31.0, 52.0: 21.0, 76.0: 19.0}};11;309
32.0;(26, 25, 24, 20, 21, 22, 23, 37, 43, 44, 45);5.0;250.0;100.0;0.15;0.9000000000000001;{26: 5.0};{45: 1.0, 43: 1.0, 22: 1.0, 21: 2.0};{26: {32.0: 5.0}};11;310
32.0;(13, 14, 17, 31, 32, 33, 45, 46, 47, 64);3.0;250.0;100.0;0.15;1.0;{13: 3.0};{64: 3.0};{13: {32.0: 1.0, 36.0: 1.0, 40.0: 1.0}};10;311
32.0;(88, 84, 78, 77, 67, 61);2.0;250.0;100.0;0.15;0.5;{88: 2.0};{61: 2.0};{88: {32.0: 1.0, 72.0: 1.0}};6;312
32.0;(1, 7, 8, 9, 21, 22, 23, 37, 43, 44, 45);1.0;250.0;100.0;0.15;0.9000000000000001;{1: 1.0};{45: 1.0};{1: {32.0: 1.0}};11;313
32.0;(55, 57, 58, 62, 41, 40, 42, 43);4.0;250.0;100.0;0.15;1.0;{55: 4.0};{43: 4.0};{55: {32.0: 1.0, 52.0: 1.0, 64.0: 1.0, 76.0: 1.0}};8;314
32.0;(56, 53, 28, 24, 20, 9, 8, 7, 1);2.0;250.0;100.0;0.15;0.7;{56: 2.0};{1: 2.0};{56: {32.0: 1.0, 72.0: 1.0}};9;315
32.0;(13, 14, 17, 31, 32, 33, 44, 43, 42, 40);26.0;250.0;100.0;0.15;1.0;{13: 26.0};{40: 20.0, 44: 6.0};{13: {32.0: 7.0, 36.0: 2.0, 44.0: 1.0, 64.0: 5.0, 72.0: 5.0, 76.0: 6.0}};10;316
32.0;(25, 28, 57, 58, 73, 80, 65);6.0;250.0;100.0;0.15;0.8999999999999999;{25: 6.0};{65: 6.0};{25: {32.0: 1.0, 40.0: 4.0, 76.0: 1.0}};7;317
32.0;(2, 7, 8, 9, 21, 22, 23, 38, 40, 41, 64, 65, 80, 86);25.0;250.0;100.0;0.15;0.6000000000000001;{2: 25.0};{86: 14.0, 22: 11.0};{2: {32.0: 12.0, 52.0: 13.0}};14;318
32.0;(5, 4, 3, 2, 7, 8, 9, 21);2.0;250.0;100.0;0.15;0.3;{5: 2.0};{21: 2.0};{5: {32.0: 1.0, 72.0: 1.0}};8;319
32.0;(36, 38, 40, 41, 64, 65, 80, 86);2.0;250.0;100.0;0.15;0.5;{36: 2.0};{86: 2.0};{36: {32.0: 1.0, 44.0: 1.0}};8;320
32.0;(43, 37, 23, 22, 21, 18, 12, 11);4.0;250.0;100.0;0.15;1.0;{43: 4.0};{11: 4.0};{43: {32.0: 1.0, 56.0: 1.0, 80.0: 1.0, 84.0: 1.0}};8;321
32.0;(40, 38, 23, 22, 21, 18, 12, 11);2.0;250.0;100.0;0.15;0.9000000000000001;{40: 2.0};{11: 1.0, 22: 1.0};{40: {32.0: 2.0}};8;322
32.0;(25, 24, 20, 21, 22, 23, 37, 43, 44, 33);105.0;250.0;100.0;0.15;0.8000000000000003;{25: 105.0};{33: 105.0};{25: {32.0: 1.0, 40.0: 103.0, 44.0: 1.0}};10;323
32.0;(82, 66, 61, 28, 24, 20, 9, 8, 7, 2);17.0;250.0;100.0;0.15;1.0;{82: 17.0};{2: 14.0, 8: 1.0, 9: 2.0};{82: {32.0: 4.0, 48.0: 3.0, 68.0: 6.0, 72.0: 4.0}};10;324
32.0;(21, 18, 12, 11);5.0;250.0;100.0;0.15;0.7000000000000002;{21: 5.0};{11: 5.0};{21: {32.0: 1.0, 44.0: 1.0, 60.0: 1.0, 64.0: 2.0}};4;325
32.0;(45, 44, 43, 37, 36);4.0;250.0;100.0;0.15;1.0;{45: 4.0};{36: 4.0};{45: {32.0: 1.0, 44.0: 1.0, 64.0: 1.0, 84.0: 1.0}};5;326
32.0;(1, 2, 3, 4, 5, 6, 17, 31, 32);9.0;250.0;100.0;0.15;1.0;{1: 9.0};{32: 9.0};{1: {32.0: 2.0, 36.0: 2.0, 40.0: 1.0, 56.0: 1.0, 60.0: 2.0, 72.0: 1.0}};9;327
32.0;(8, 9, 20, 24, 28, 54, 61, 66, 82);6.0;250.0;100.0;0.15;1.0;{8: 6.0};{82: 6.0};{8: {32.0: 1.0, 36.0: 1.0, 40.0: 1.0, 56.0: 1.0, 68.0: 1.0, 84.0: 1.0}};9;328
32.0;(8, 9, 21, 22, 23, 36);3.0;250.0;100.0;0.15;1.0;{8: 3.0};{36: 3.0};{8: {32.0: 1.0, 40.0: 1.0, 64.0: 1.0}};6;329
32.0;(62, 41, 40, 38, 23, 22, 21, 9, 8);1.0;250.0;100.0;0.15;0.4;{62: 1.0};{8: 1.0};{62: {32.0: 1.0}};9;330
32.0;(75, 76, 72, 70, 69, 62, 47, 46, 45, 33);297.0;250.0;100.0;0.15;0.8999999999999999;{75: 297.0};{33: 174.0, 46: 12.0, 47: 7.0, 62: 104.0};{75: {32.0: 127.0, 56.0: 68.0, 60.0: 66.0, 72.0: 13.0, 84.0: 23.0}};10;331
32.0;(10, 11, 12, 18, 21, 22, 23, 37, 43, 44, 45);1.0;250.0;100.0;0.15;0.3;{10: 1.0};{45: 1.0};{10: {32.0: 1.0}};11;332
32.0;(36, 23, 22, 21, 18, 12, 11);1.0;250.0;100.0;0.15;0.9000000000000001;{36: 1.0};{11: 1.0};{36: {32.0: 1.0}};7;333
32.0;(41, 62, 58, 56);9.0;250.0;100.0;0.15;0.8999999999999999;{41: 9.0};{56: 7.0, 58: 2.0};{41: {32.0: 3.0, 44.0: 2.0, 72.0: 2.0, 80.0: 2.0}};4;334
32.0;(86, 80, 65, 41, 40, 38, 23, 22, 21, 9);5.0;250.0;100.0;0.15;1.0;{86: 5.0};{9: 5.0};{86: {32.0: 2.0, 48.0: 3.0}};10;335
32.0;(8, 7, 2, 3, 4, 5, 6, 14);9.0;250.0;100.0;0.15;0.9000000000000001;{8: 9.0};{14: 9.0};{8: {32.0: 1.0, 44.0: 2.0, 56.0: 2.0, 64.0: 2.0, 72.0: 2.0}};8;336
32.0;(21, 20, 24, 28, 55);6.0;250.0;100.0;0.15;0.9000000000000001;{21: 6.0};{55: 6.0};{21: {32.0: 3.0, 40.0: 1.0, 48.0: 1.0, 52.0: 1.0}};5;337
32.0;(43, 37, 23, 22, 21, 20, 24, 25, 26);20.0;250.0;100.0;0.15;0.9000000000000001;{43: 20.0};{26: 14.0, 25: 3.0, 22: 3.0};{43: {32.0: 7.0, 36.0: 3.0, 48.0: 4.0, 76.0: 6.0}};9;338
36.0;(43, 37, 23, 22, 21, 18, 12);8.0;250.0;100.0;0.15;1.0;{43: 8.0};{12: 8.0};{43: {36.0: 2.0, 40.0: 1.0, 48.0: 1.0, 64.0: 1.0, 68.0: 2.0, 72.0: 1.0}};7;339
36.0;(57, 28, 25, 26);5.0;250.0;100.0;0.15;0.8000000000000003;{57: 5.0};{26: 5.0};{57: {36.0: 1.0, 48.0: 1.0, 76.0: 2.0, 84.0: 1.0}};4;340
36.0;(32, 31, 17, 6, 5, 4, 3);191.0;250.0;100.0;0.15;1.0;{32: 191.0};{3: 120.0, 4: 2.0, 5: 1.0, 6: 68.0};{32: {36.0: 73.0, 48.0: 55.0, 72.0: 63.0}};7;341
36.0;(22, 23, 38, 40, 41, 62);3.0;250.0;100.0;0.15;0.7000000000000002;{22: 3.0};{62: 2.0, 40: 1.0};{22: {36.0: 2.0, 56.0: 1.0}};6;342
36.0;(36, 38, 40, 41, 62, 70, 72, 77, 81, 82);1.0;250.0;100.0;0.15;0.7;{36: 1.0};{82: 1.0};{36: {36.0: 1.0}};10;343
36.0;(43, 42, 40, 41, 62, 70, 72, 77, 81, 82);12.0;250.0;100.0;0.15;1.0;{43: 12.0};{82: 11.0, 62: 1.0};{43: {36.0: 2.0, 40.0: 5.0, 44.0: 1.0, 60.0: 2.0, 72.0: 2.0}};10;344
36.0;(57, 58, 62, 47, 46);2.0;250.0;100.0;0.15;0.6000000000000001;{57: 2.0};{46: 2.0};{57: {36.0: 1.0, 48.0: 1.0}};5;345
36.0;(9, 21, 22, 23, 37, 43);5.0;250.0;100.0;0.15;0.6000000000000001;{9: 5.0};{43: 5.0};{9: {36.0: 2.0, 44.0: 2.0, 56.0: 1.0}};6;346
36.0;(10, 11, 12, 18, 21, 22, 23, 37, 43);3.0;250.0;100.0;0.15;0.8000000000000003;{10: 3.0};{43: 2.0, 21: 1.0};{10: {36.0: 2.0, 72.0: 1.0}};9;347
36.0;(13, 14, 17, 31, 32, 33, 45, 46, 47, 62, 58, 56);1.0;250.0;100.0;0.15;0.6;{13: 1.0};{56: 1.0};{13: {36.0: 1.0}};12;348
36.0;(26, 25, 24, 20, 21, 22, 23, 38, 40);9.0;250.0;100.0;0.15;0.9000000000000001;{26: 9.0};{40: 6.0, 21: 3.0};{26: {36.0: 4.0, 64.0: 5.0}};9;349
36.0;(28, 24, 20, 9);1.0;250.0;100.0;0.15;0.3;{28: 1.0};{9: 1.0};{28: {36.0: 1.0}};4;350
36.0;(8, 9, 21, 22, 23, 37, 43, 44, 45);6.0;250.0;100.0;0.15;1.0;{8: 6.0};{45: 4.0, 22: 2.0};{8: {36.0: 3.0, 44.0: 1.0, 48.0: 2.0}};9;351
36.0;(26, 25, 24, 20, 9, 8);10.0;250.0;100.0;0.15;1.0;{26: 10.0};{8: 6.0, 9: 4.0};{26: {36.0: 6.0, 72.0: 2.0, 80.0: 2.0}};6;352
36.0;(9, 20, 24, 28, 57);3.0;250.0;100.0;0.15;1.0;{9: 3.0};{57: 1.0, 28: 2.0};{9: {36.0: 3.0}};5;353
36.0;(86, 80, 65, 41, 40, 38, 23, 22, 21, 9, 8);24.0;250.0;100.0;0.15;1.0;{86: 24.0};{8: 23.0, 9: 1.0};{86: {36.0: 3.0, 40.0: 3.0, 64.0: 4.0, 68.0: 5.0, 72.0: 2.0, 76.0: 6.0, 80.0: 1.0}};11;354
36.0;(44, 33, 32, 31, 17, 6, 5);3.0;250.0;100.0;0.15;1.0;{44: 3.0};{5: 2.0, 6: 1.0};{44: {36.0: 2.0, 44.0: 1.0}};7;355
36.0;(36, 38, 40, 41, 62, 71, 84, 88);3.0;250.0;100.0;0.15;1.0;{36: 3.0};{88: 3.0};{36: {36.0: 1.0, 48.0: 1.0, 76.0: 1.0}};8;356
36.0;(23, 38, 40, 41, 62, 58);1.0;250.0;100.0;0.15;0.7;{23: 1.0};{58: 1.0};{23: {36.0: 1.0}};6;357
36.0;(3, 4, 5, 6, 17, 31, 32, 33, 45);1.0;250.0;100.0;0.15;1.0;{3: 1.0};{45: 1.0};{3: {36.0: 1.0}};9;358
36.0;(55, 28, 24, 19, 12, 11);2.0;250.0;100.0;0.15;0.7000000000000002;{55: 2.0};{11: 2.0};{55: {36.0: 1.0, 48.0: 1.0}};6;359
36.0;(55, 57, 58, 62, 47, 46, 45, 33, 32, 31, 17, 14);2.0;250.0;100.0;0.15;1.0;{55: 2.0};{14: 1.0, 47: 1.0};{55: {36.0: 2.0}};12;360
36.0;(62, 71, 84, 88);2.0;250.0;100.0;0.15;1.0;{62: 2.0};{88: 2.0};{62: {36.0: 1.0, 52.0: 1.0}};4;361
36.0;(2, 7, 8, 9, 21, 22, 23, 38, 40);18.0;250.0;100.0;0.15;0.9000000000000001;{2: 18.0};{40: 10.0, 22: 8.0};{2: {36.0: 9.0, 48.0: 9.0}};9;362
36.0;(46, 47, 62, 58, 56);7.0;250.0;100.0;0.15;1.0;{46: 7.0};{56: 6.0, 58: 1.0};{46: {36.0: 2.0, 44.0: 5.0}};5;363
36.0;(62, 58, 53, 28, 25);19.0;250.0;100.0;0.15;1.0;{62: 19.0};{25: 14.0, 28: 5.0};{62: {36.0: 7.0, 40.0: 8.0, 80.0: 4.0}};5;364
36.0;(12, 18, 9, 8, 7, 2, 3, 4, 5, 6, 14);332.0;250.0;100.0;0.15;0.9000000000000001;{12: 332.0};{14: 247.0, 2: 1.0, 8: 84.0};{12: {36.0: 86.0, 44.0: 58.0, 52.0: 43.0, 64.0: 63.0, 68.0: 54.0, 80.0: 28.0}};11;365
36.0;(23, 37, 43, 44, 33, 32, 31, 17, 14);2.0;250.0;100.0;0.15;0.8999999999999999;{23: 2.0};{14: 2.0};{23: {36.0: 1.0, 44.0: 1.0}};9;366
36.0;(40, 38, 23, 22, 21, 9, 8);8.0;250.0;100.0;0.15;1.0;{40: 8.0};{8: 7.0, 22: 1.0};{40: {36.0: 2.0, 40.0: 2.0, 64.0: 1.0, 68.0: 2.0, 76.0: 1.0}};7;367
36.0;(28, 24, 20, 21, 22, 23, 37, 43, 44, 33);36.0;250.0;100.0;0.15;1.0;{28: 36.0};{33: 1.0, 43: 1.0, 21: 34.0};{28: {36.0: 36.0}};10;368
36.0;(28, 24, 20, 21, 22, 23, 36);46.0;250.0;100.0;0.15;0.8000000000000003;{28: 46.0};{36: 46.0};{28: {36.0: 1.0, 44.0: 45.0}};7;369
36.0;(41, 64, 65, 80, 86);8.0;250.0;100.0;0.15;1.0;{41: 8.0};{86: 8.0};{41: {36.0: 1.0, 40.0: 2.0, 44.0: 1.0, 56.0: 2.0, 72.0: 1.0, 76.0: 1.0}};5;370
36.0;(45, 44, 43, 37, 23, 22, 21, 9);2.0;250.0;100.0;0.15;0.8000000000000003;{45: 2.0};{9: 2.0};{45: {36.0: 1.0, 48.0: 1.0}};8;371
36.0;(47, 62, 58, 56);1.0;250.0;100.0;0.15;0.7999999999999999;{47: 1.0};{56: 1.0};{47: {36.0: 1.0}};4;372
40.0;(26, 25, 24, 20, 21, 22, 23, 36);6.0;250.0;100.0;0.15;0.9000000000000001;{26: 6.0};{36: 1.0, 21: 5.0};{26: {40.0: 6.0}};8;373
40.0;(57, 58, 62, 47, 46, 45, 33, 32, 31, 17, 14);3.0;250.0;100.0;0.15;0.7000000000000002;{57: 3.0};{14: 2.0, 46: 1.0};{57: {40.0: 2.0, 64.0: 1.0}};11;374
40.0;(43, 42, 40, 41, 62, 58, 53);7.0;250.0;100.0;0.15;1.0;{43: 7.0};{53: 6.0, 58: 1.0};{43: {40.0: 4.0, 48.0: 1.0, 60.0: 1.0, 64.0: 1.0}};7;375
40.0;(21, 9, 8, 7, 2, 3, 4, 5);2.0;250.0;100.0;0.15;1.0;{21: 2.0};{5: 2.0};{21: {40.0: 1.0, 56.0: 1.0}};8;376
40.0;(45, 44, 43, 37, 23, 22, 21, 9, 8, 7, 1);1.0;250.0;100.0;0.15;0.5;{45: 1.0};{1: 1.0};{45: {40.0: 1.0}};11;377
40.0;(33, 44, 43, 37, 23, 22, 21, 18, 12, 11);8.0;250.0;100.0;0.15;0.9000000000000001;{33: 8.0};{11: 7.0, 12: 1.0};{33: {40.0: 2.0, 44.0: 1.0, 52.0: 1.0, 56.0: 1.0, 60.0: 2.0, 84.0: 1.0}};10;378
40.0;(45, 44, 43, 37, 23, 22, 21, 18, 12, 11);1.0;250.0;100.0;0.15;0.8000000000000003;{45: 1.0};{11: 1.0};{45: {40.0: 1.0}};10;379
40.0;(28, 24, 20, 21, 22, 23, 37, 43);149.0;250.0;100.0;0.15;1.0;{28: 149.0};{43: 99.0, 22: 1.0, 21: 49.0};{28: {40.0: 51.0, 56.0: 28.0, 60.0: 1.0, 64.0: 38.0, 76.0: 31.0}};8;380
40.0;(88, 84, 71, 58, 53, 28, 24, 20, 21);3.0;250.0;100.0;0.15;1.0;{88: 3.0};{21: 3.0};{88: {40.0: 2.0, 44.0: 1.0}};9;381
40.0;(58, 53, 28, 24, 20, 9, 8, 7, 1);3.0;250.0;100.0;0.15;0.7999999999999999;{58: 3.0};{1: 3.0};{58: {40.0: 1.0, 44.0: 1.0, 68.0: 1.0}};9;382
40.0;(44, 33, 32, 31, 17, 6, 5, 4);2.0;250.0;100.0;0.15;1.0;{44: 2.0};{4: 1.0, 6: 1.0};{44: {40.0: 2.0}};8;383
40.0;(47, 62, 70, 72, 77, 81, 82);1.0;250.0;100.0;0.15;0.7999999999999999;{47: 1.0};{82: 1.0};{47: {40.0: 1.0}};7;384
40.0;(12, 19, 24, 28, 55);3.0;250.0;100.0;0.15;0.8000000000000003;{12: 3.0};{55: 3.0};{12: {40.0: 2.0, 76.0: 1.0}};5;385
40.0;(6, 17, 31, 32, 33, 45, 46, 47, 62, 70, 72, 76);230.0;250.0;100.0;0.15;1.0;{6: 230.0};{76: 129.0, 32: 101.0};{6: {40.0: 102.0, 44.0: 68.0, 64.0: 59.0, 72.0: 1.0}};12;386
40.0;(41, 62, 58);3.0;250.0;100.0;0.15;0.8999999999999999;{41: 3.0};{58: 3.0};{41: {40.0: 1.0, 60.0: 1.0, 84.0: 1.0}};3;387
40.0;(55, 28, 24, 19, 12);3.0;250.0;100.0;0.15;0.5;{55: 3.0};{12: 3.0};{55: {40.0: 1.0, 44.0: 1.0, 64.0: 1.0}};5;388
40.0;(57, 28, 24, 19, 12, 11);3.0;250.0;100.0;0.15;0.7000000000000002;{57: 3.0};{11: 3.0};{57: {40.0: 1.0, 64.0: 1.0, 72.0: 1.0}};6;389
40.0;(32, 31, 17, 6, 5, 4, 3, 2, 1);80.0;250.0;100.0;0.15;0.8000000000000003;{32: 80.0};{1: 80.0};{32: {40.0: 1.0, 60.0: 2.0, 68.0: 75.0, 80.0: 2.0}};9;390
40.0;(6, 17, 31, 32, 33, 44);5.0;250.0;100.0;0.15;1.0;{6: 5.0};{44: 5.0};{6: {40.0: 1.0, 44.0: 2.0, 68.0: 1.0, 80.0: 1.0}};6;391
40.0;(4, 3, 2, 7, 8, 9, 18, 12);1.0;250.0;100.0;0.15;0.3;{4: 1.0};{12: 1.0};{4: {40.0: 1.0}};8;392
40.0;(46, 45, 33, 32, 31, 17, 14);3.0;250.0;100.0;0.15;0.8999999999999999;{46: 3.0};{14: 3.0};{46: {40.0: 1.0, 56.0: 1.0, 64.0: 1.0}};7;393
40.0;(28, 24, 20, 9, 8, 7, 1);5.0;250.0;100.0;0.15;0.5000000000000001;{28: 5.0};{1: 2.0, 8: 2.0, 9: 1.0};{28: {40.0: 5.0}};7;394
40.0;(65, 80, 69, 58, 53, 28);132.0;250.0;100.0;0.15;0.8999999999999999;{65: 132.0};{28: 63.0, 58: 69.0};{65: {40.0: 70.0, 60.0: 62.0}};6;395
40.0;(5, 6, 17, 31, 32, 33, 44);2.0;250.0;100.0;0.15;0.5;{5: 2.0};{44: 1.0, 32: 1.0};{5: {40.0: 2.0}};7;396
44.0;(56, 57, 58, 70, 72, 77, 81, 82);3.0;250.0;100.0;0.15;1.0;{56: 3.0};{82: 3.0};{56: {44.0: 1.0, 60.0: 1.0, 80.0: 1.0}};8;397
44.0;(88, 84, 71, 69, 73, 80, 65);3.0;250.0;100.0;0.15;0.8999999999999999;{88: 3.0};{65: 3.0};{88: {44.0: 1.0, 56.0: 1.0, 64.0: 1.0}};7;398
44.0;(8, 9, 20, 24, 28, 55);3.0;250.0;100.0;0.15;0.7000000000000002;{8: 3.0};{55: 3.0};{8: {44.0: 1.0, 52.0: 1.0, 76.0: 1.0}};6;399
44.0;(9, 21, 22, 23, 36);2.0;250.0;100.0;0.15;0.5;{9: 2.0};{36: 2.0};{9: {44.0: 1.0, 52.0: 1.0}};5;400
44.0;(57, 28, 24, 20, 9);3.0;250.0;100.0;0.15;1.0;{57: 3.0};{9: 3.0};{57: {44.0: 1.0, 52.0: 1.0, 64.0: 1.0}};5;401
44.0;(1, 7, 8, 9, 21, 22, 23, 36);3.0;250.0;100.0;0.15;0.6000000000000001;{1: 3.0};{36: 1.0, 21: 2.0};{1: {44.0: 3.0}};8;402
44.0;(62, 58, 53, 28, 25, 26);3.0;250.0;100.0;0.15;1.0;{62: 3.0};{26: 1.0, 28: 2.0};{62: {44.0: 3.0}};6;403
44.0;(43, 42, 40, 41, 62, 58);8.0;250.0;100.0;0.15;1.0;{43: 8.0};{58: 8.0};{43: {44.0: 1.0, 52.0: 2.0, 56.0: 1.0, 80.0: 3.0, 84.0: 1.0}};6;404
44.0;(45, 44, 43, 37, 23, 22, 21, 20, 24, 25, 26);2.0;250.0;100.0;0.15;1.0;{45: 2.0};{26: 1.0, 25: 1.0};{45: {44.0: 2.0}};11;405
44.0;(22, 21, 18, 12, 11);3.0;250.0;100.0;0.15;0.7000000000000002;{22: 3.0};{11: 3.0};{22: {44.0: 1.0, 48.0: 2.0}};5;406
44.0;(9, 21, 22, 23, 38, 40, 41, 64, 65, 80, 86);8.0;250.0;100.0;0.15;1.0;{9: 8.0};{86: 8.0};{9: {44.0: 2.0, 52.0: 1.0, 60.0: 2.0, 68.0: 2.0, 72.0: 1.0}};11;407
44.0;(88, 84, 71, 58, 53, 28, 25);7.0;250.0;100.0;0.15;1.0;{88: 7.0};{25: 7.0};{88: {44.0: 1.0, 60.0: 1.0, 68.0: 1.0, 72.0: 3.0, 76.0: 1.0}};7;408
44.0;(10, 11, 12, 18, 21, 22, 23, 36);1.0;250.0;100.0;0.15;0.8000000000000003;{10: 1.0};{36: 1.0};{10: {44.0: 1.0}};8;409
44.0;(75, 76, 72, 70, 58, 53, 28, 24, 19, 12);209.0;250.0;100.0;0.15;1.0;{75: 209.0};{12: 209.0};{75: {44.0: 1.0, 56.0: 4.0, 72.0: 2.0, 80.0: 162.0, 88.0: 40.0}};10;410
44.0;(43, 37, 23, 22, 21, 9, 8, 7, 1);7.0;250.0;100.0;0.15;1.0;{43: 7.0};{1: 7.0};{43: {44.0: 2.0, 52.0: 3.0, 68.0: 2.0}};9;411
44.0;(23, 38, 40, 41, 62, 71, 84, 88);1.0;250.0;100.0;0.15;0.8999999999999999;{23: 1.0};{88: 1.0};{23: {44.0: 1.0}};8;412
44.0;(55, 28, 24, 20, 9, 8, 7, 2);1.0;250.0;100.0;0.15;0.5;{55: 1.0};{2: 1.0};{55: {44.0: 1.0}};8;413
44.0;(4, 3, 2, 7, 8, 9, 20, 24, 25);5.0;250.0;100.0;0.15;1.0;{4: 5.0};{25: 5.0};{4: {44.0: 1.0, 48.0: 2.0, 60.0: 2.0}};9;414
44.0;(22, 23, 37, 43);5.0;250.0;100.0;0.15;1.0;{22: 5.0};{43: 5.0};{22: {44.0: 2.0, 56.0: 1.0, 64.0: 1.0, 68.0: 1.0}};4;415
44.0;(62, 41, 40, 38, 23, 22, 21, 9);1.0;250.0;100.0;0.15;0.3;{62: 1.0};{9: 1.0};{62: {44.0: 1.0}};8;416
44.0;(25, 24, 20, 9, 8, 7, 2, 3);67.0;250.0;100.0;0.15;0.9000000000000001;{25: 67.0};{3: 1.0, 2: 1.0, 8: 7.0, 9: 58.0};{25: {44.0: 67.0}};8;417
48.0;(13, 14, 17, 31, 32, 33, 44);2.0;250.0;100.0;0.15;0.7;{13: 2.0};{44: 2.0};{13: {48.0: 1.0, 80.0: 1.0}};7;418
48.0;(12, 19, 24, 28, 57);1.0;250.0;100.0;0.15;0.8000000000000003;{12: 1.0};{57: 1.0};{12: {48.0: 1.0}};5;419
48.0;(25, 24, 20, 9, 8, 7, 2, 3, 4);50.0;250.0;100.0;0.15;0.7000000000000002;{25: 50.0};{4: 1.0, 2: 1.0, 8: 4.0, 9: 44.0};{25: {48.0: 50.0}};9;420
48.0;(22, 21, 20, 24, 28, 55);2.0;250.0;100.0;0.15;1.0;{22: 2.0};{55: 1.0, 28: 1.0};{22: {48.0: 2.0}};6;421
48.0;(22, 21, 9, 8, 7, 1);2.0;250.0;100.0;0.15;0.4;{22: 2.0};{1: 2.0};{22: {48.0: 1.0, 72.0: 1.0}};6;422
48.0;(22, 23, 37, 43, 44, 33);2.0;250.0;100.0;0.15;1.0;{22: 2.0};{33: 1.0, 43: 1.0};{22: {48.0: 2.0}};6;423
48.0;(58, 71, 84, 88);2.0;250.0;100.0;0.15;0.7;{58: 2.0};{88: 2.0};{58: {48.0: 1.0, 68.0: 1.0}};4;424
48.0;(6, 17, 31, 32, 33, 45, 46, 47, 64, 65, 80, 86);50.0;250.0;100.0;0.15;0.8999999999999999;{6: 50.0};{86: 2.0, 45: 1.0, 32: 47.0};{6: {48.0: 49.0, 72.0: 1.0}};12;425
48.0;(1, 7, 8, 9, 21);2.0;250.0;100.0;0.15;0.5;{1: 2.0};{21: 2.0};{1: {48.0: 2.0}};5;426
48.0;(82, 81, 77, 72, 70, 69, 62, 41, 40, 38, 36);2.0;250.0;100.0;0.15;0.7999999999999999;{82: 2.0};{36: 2.0};{82: {48.0: 1.0, 56.0: 1.0}};11;427
48.0;(8, 9, 21, 22, 23, 38, 40, 41, 62);1.0;250.0;100.0;0.15;0.4;{8: 1.0};{62: 1.0};{8: {48.0: 1.0}};9;428
48.0;(12, 18, 9, 8, 7, 2, 3, 4, 5);51.0;250.0;100.0;0.15;1.0;{12: 51.0};{5: 1.0, 2: 2.0, 8: 48.0};{12: {48.0: 51.0}};9;429
52.0;(62, 41, 40, 38, 23, 22);1.0;250.0;100.0;0.15;0.7000000000000002;{62: 1.0};{22: 1.0};{62: {52.0: 1.0}};6;430
52.0;(28, 24, 20, 9, 8, 7, 2, 3, 4, 5);3.0;250.0;100.0;0.15;0.6000000000000001;{28: 3.0};{5: 1.0, 8: 1.0, 9: 1.0};{28: {52.0: 3.0}};10;431
52.0;(26, 25, 24, 20, 9, 8, 7, 2, 3, 4, 5);3.0;250.0;100.0;0.15;0.7000000000000002;{26: 3.0};{5: 1.0, 2: 1.0, 8: 1.0};{26: {52.0: 3.0}};11;432
52.0;(2, 7, 8, 9, 20, 24, 25, 26);7.0;250.0;100.0;0.15;0.7000000000000002;{2: 7.0};{26: 5.0, 25: 2.0};{2: {52.0: 3.0, 68.0: 4.0}};8;433
52.0;(82, 81, 77, 72, 70, 69, 62, 47, 46, 45, 33, 32, 31, 17, 6);2.0;250.0;100.0;0.15;1.0;{82: 2.0};{6: 2.0};{82: {52.0: 1.0, 68.0: 1.0}};15;434
52.0;(13, 14, 17, 31, 32, 33, 45, 46, 47, 62, 58, 53);4.0;250.0;100.0;0.15;1.0;{13: 4.0};{53: 3.0, 58: 1.0};{13: {52.0: 2.0, 56.0: 2.0}};12;435
52.0;(1, 7, 8, 9, 20, 24, 28, 55);2.0;250.0;100.0;0.15;0.6000000000000001;{1: 2.0};{55: 2.0};{1: {52.0: 1.0, 72.0: 1.0}};8;436
52.0;(40, 38, 23, 22, 21, 18, 12);3.0;250.0;100.0;0.15;0.8000000000000003;{40: 3.0};{12: 3.0};{40: {52.0: 1.0, 56.0: 1.0, 60.0: 1.0}};7;437
52.0;(32, 31, 17, 6, 5, 4);45.0;250.0;100.0;0.15;0.9000000000000001;{32: 45.0};{4: 1.0, 6: 44.0};{32: {52.0: 45.0}};6;438
52.0;(1, 2, 3, 4, 5);3.0;250.0;100.0;0.15;1.0;{1: 3.0};{5: 3.0};{1: {52.0: 1.0, 64.0: 1.0, 68.0: 1.0}};5;439
52.0;(36, 37, 43, 44, 45);4.0;250.0;100.0;0.15;0.8000000000000003;{36: 4.0};{45: 4.0};{36: {52.0: 1.0, 56.0: 1.0, 72.0: 2.0}};5;440
52.0;(45, 33, 32, 31, 17, 6, 5, 4, 3);1.0;250.0;100.0;0.15;0.7;{45: 1.0};{3: 1.0};{45: {52.0: 1.0}};9;441
56.0;(36, 23, 22, 21, 9, 8, 7, 1);2.0;250.0;100.0;0.15;0.9000000000000001;{36: 2.0};{1: 1.0, 9: 1.0};{36: {56.0: 2.0}};8;442
56.0;(26, 25, 24, 20, 9, 8, 7, 2);5.0;250.0;100.0;0.15;1.0;{26: 5.0};{2: 3.0, 8: 1.0, 9: 1.0};{26: {56.0: 3.0, 68.0: 2.0}};8;443
56.0;(21, 20, 24, 28, 57);1.0;250.0;100.0;0.15;0.8000000000000003;{21: 1.0};{57: 1.0};{21: {56.0: 1.0}};5;444
56.0;(10, 11, 12, 18, 9, 8, 7, 2, 3, 4, 5);139.0;250.0;100.0;0.15;1.0;{10: 139.0};{5: 110.0, 4: 1.0, 2: 4.0, 8: 23.0, 9: 1.0};{10: {56.0: 30.0, 64.0: 36.0, 68.0: 39.0, 76.0: 34.0}};11;445
56.0;(10, 11, 12, 19, 24, 25);6.0;250.0;100.0;0.15;0.9000000000000001;{10: 6.0};{25: 6.0};{10: {56.0: 1.0, 76.0: 2.0, 80.0: 2.0, 92.0: 1.0}};6;446
56.0;(1, 7, 8, 9, 21, 22, 23, 38, 40, 41, 62);2.0;250.0;100.0;0.15;0.9000000000000001;{1: 2.0};{62: 1.0, 22: 1.0};{1: {56.0: 2.0}};11;447
56.0;(28, 57, 58, 71, 84, 88);1.0;250.0;100.0;0.15;0.6;{28: 1.0};{88: 1.0};{28: {56.0: 1.0}};6;448
56.0;(3, 2, 7, 8, 9, 20, 24, 25);1.0;250.0;100.0;0.15;0.3;{3: 1.0};{25: 1.0};{3: {56.0: 1.0}};8;449
56.0;(6, 17, 31, 32, 33, 45, 46, 47, 62, 70, 72, 77, 81, 82);56.0;250.0;100.0;0.15;1.0;{6: 56.0};{82: 1.0, 32: 55.0};{6: {56.0: 56.0}};14;450
56.0;(12, 18, 21, 22, 23, 38, 40, 41, 62);1.0;250.0;100.0;0.15;0.9000000000000001;{12: 1.0};{62: 1.0};{12: {56.0: 1.0}};9;451
56.0;(10, 11, 12, 18, 21);2.0;250.0;100.0;0.15;0.6000000000000001;{10: 2.0};{21: 2.0};{10: {56.0: 1.0, 68.0: 1.0}};5;452
56.0;(22, 21, 18, 12);2.0;250.0;100.0;0.15;0.9000000000000001;{22: 2.0};{12: 2.0};{22: {56.0: 1.0, 76.0: 1.0}};4;453
60.0;(3, 2, 7, 8, 9, 21, 22);3.0;250.0;100.0;0.15;1.0;{3: 3.0};{22: 3.0};{3: {60.0: 1.0, 64.0: 1.0, 76.0: 1.0}};7;454
60.0;(8, 7, 2, 3, 4, 5);1.0;250.0;100.0;0.15;0.8000000000000003;{8: 1.0};{5: 1.0};{8: {60.0: 1.0}};6;455
60.0;(82, 66, 61, 28, 24, 20, 9);8.0;250.0;100.0;0.15;0.8000000000000003;{82: 8.0};{9: 5.0, 28: 3.0};{82: {60.0: 4.0, 76.0: 2.0, 84.0: 2.0}};7;456
60.0;(36, 23, 22, 21, 18, 12);1.0;250.0;100.0;0.15;0.5;{36: 1.0};{12: 1.0};{36: {60.0: 1.0}};6;457
60.0;(12, 18, 21, 22, 23, 36);1.0;250.0;100.0;0.15;0.9000000000000001;{12: 1.0};{36: 1.0};{12: {60.0: 1.0}};6;458
60.0;(2, 7, 8, 9, 20, 24, 28, 55);1.0;250.0;100.0;0.15;0.7000000000000002;{2: 1.0};{55: 1.0};{2: {60.0: 1.0}};8;459
60.0;(4, 3, 2, 7, 8, 9, 18, 12, 11);1.0;250.0;100.0;0.15;0.5;{4: 1.0};{11: 1.0};{4: {60.0: 1.0}};9;460
60.0;(26, 25, 24, 20, 9, 8, 7, 2, 3, 4, 5, 6, 14);5.0;250.0;100.0;0.15;0.7000000000000002;{26: 5.0};{14: 4.0, 9: 1.0};{26: {60.0: 2.0, 64.0: 3.0}};13;461
60.0;(88, 84, 71, 58, 56);1.0;250.0;100.0;0.15;0.6;{88: 1.0};{56: 1.0};{88: {60.0: 1.0}};5;462
60.0;(13, 14, 17, 31, 32, 33, 44, 43, 37, 23);10.0;250.0;100.0;0.15;0.7999999999999999;{13: 10.0};{23: 3.0, 44: 7.0};{13: {60.0: 8.0, 64.0: 1.0, 76.0: 1.0}};10;463
60.0;(63, 41, 40, 38, 23, 22, 21, 9, 8, 7, 1);1.0;250.0;100.0;0.15;0.9000000000000001;{63: 1.0};{1: 1.0};{63: {60.0: 1.0}};11;464
60.0;(86, 80, 65, 41, 40, 38, 23, 22);1.0;250.0;100.0;0.15;1.0;{86: 1.0};{22: 1.0};{86: {60.0: 1.0}};8;465
60.0;(26, 25, 24, 20, 21, 22, 23, 37, 43);14.0;250.0;100.0;0.15;0.8000000000000003;{26: 14.0};{43: 9.0, 21: 5.0};{26: {60.0: 6.0, 64.0: 1.0, 72.0: 7.0}};9;466
60.0;(36, 23, 22, 21, 9, 8, 7, 2);2.0;250.0;100.0;0.15;0.6000000000000001;{36: 2.0};{2: 2.0};{36: {60.0: 1.0, 68.0: 1.0}};8;467
64.0;(57, 58, 62, 41);2.0;250.0;100.0;0.15;1.0;{57: 2.0};{41: 2.0};{57: {64.0: 1.0, 80.0: 1.0}};4;468
64.0;(62, 41, 40, 38, 23);1.0;250.0;100.0;0.15;0.4;{62: 1.0};{23: 1.0};{62: {64.0: 1.0}};5;469
64.0;(4, 3, 2, 7);4.0;250.0;100.0;0.15;0.9000000000000001;{4: 4.0};{7: 4.0};{4: {64.0: 1.0, 80.0: 2.0, 88.0: 1.0}};4;470
64.0;(25, 24, 20, 21, 22);181.0;250.0;100.0;0.15;0.7000000000000002;{25: 181.0};{22: 86.0, 21: 95.0};{25: {64.0: 98.0, 72.0: 83.0}};5;471
64.0;(4, 5, 6, 14);1.0;250.0;100.0;0.15;1.0;{4: 1.0};{14: 1.0};{4: {64.0: 1.0}};4;472
64.0;(23, 37, 43, 44, 33);1.0;250.0;100.0;0.15;0.8000000000000003;{23: 1.0};{33: 1.0};{23: {64.0: 1.0}};5;473
64.0;(12, 19, 24, 28);5.0;250.0;100.0;0.15;0.9000000000000001;{12: 5.0};{28: 5.0};{12: {64.0: 3.0, 84.0: 2.0}};4;474
64.0;(2, 7, 8, 9, 20, 24, 28);3.0;250.0;100.0;0.15;0.8000000000000003;{2: 3.0};{28: 3.0};{2: {64.0: 2.0, 80.0: 1.0}};7;475
64.0;(41, 62, 70, 72, 77, 81, 82);3.0;250.0;100.0;0.15;0.8999999999999999;{41: 3.0};{82: 3.0};{41: {64.0: 1.0, 72.0: 1.0, 84.0: 1.0}};7;476
64.0;(33, 45, 46, 47, 62, 70, 72, 77, 81, 82);1.0;250.0;100.0;0.15;0.6;{33: 1.0};{82: 1.0};{33: {64.0: 1.0}};10;477
64.0;(28, 24, 19, 12, 11);1.0;250.0;100.0;0.15;0.5;{28: 1.0};{11: 1.0};{28: {64.0: 1.0}};5;478
64.0;(1, 7, 8, 9, 20, 24, 25);6.0;250.0;100.0;0.15;0.9000000000000001;{1: 6.0};{25: 6.0};{1: {64.0: 5.0, 68.0: 1.0}};7;479
64.0;(33, 44, 43, 37, 23, 22, 21, 20, 24, 25, 26);1.0;250.0;100.0;0.15;0.9000000000000001;{33: 1.0};{26: 1.0};{33: {64.0: 1.0}};11;480
64.0;(45, 44, 43, 37, 23, 22, 21, 18, 12);1.0;250.0;100.0;0.15;1.0;{45: 1.0};{12: 1.0};{45: {64.0: 1.0}};9;481
64.0;(82, 81, 77, 72, 70, 69, 62, 41);1.0;250.0;100.0;0.15;0.5;{82: 1.0};{41: 1.0};{82: {64.0: 1.0}};8;482
64.0;(40, 42, 43, 44, 33, 32, 31, 17, 6);2.0;250.0;100.0;0.15;0.7999999999999999;{40: 2.0};{6: 1.0, 33: 1.0};{40: {64.0: 2.0}};9;483
64.0;(33, 44, 43, 37, 23, 22, 21, 18, 12);4.0;250.0;100.0;0.15;0.9000000000000001;{33: 4.0};{12: 4.0};{33: {64.0: 2.0, 72.0: 2.0}};9;484
68.0;(5, 4, 3, 2, 7, 8, 9, 20, 24, 25, 26);3.0;250.0;100.0;0.15;0.7000000000000002;{5: 3.0};{26: 1.0, 7: 2.0};{5: {68.0: 3.0}};11;485
68.0;(9, 20, 24, 28);1.0;250.0;100.0;0.15;0.6000000000000001;{9: 1.0};{28: 1.0};{9: {68.0: 1.0}};4;486
68.0;(33, 44, 43, 37, 23, 22, 21, 20, 24, 28);1.0;250.0;100.0;0.15;1.0;{33: 1.0};{28: 1.0};{33: {68.0: 1.0}};10;487
68.0;(62, 41, 40, 38, 23, 22, 21, 18, 12);1.0;250.0;100.0;0.15;0.3;{62: 1.0};{12: 1.0};{62: {68.0: 1.0}};9;488
68.0;(1, 7, 8, 9, 21, 22, 23, 38, 40);2.0;250.0;100.0;0.15;0.6000000000000001;{1: 2.0};{40: 1.0, 21: 1.0};{1: {68.0: 2.0}};9;489
68.0;(62, 41, 40, 38, 36);1.0;250.0;100.0;0.15;0.6000000000000001;{62: 1.0};{36: 1.0};{62: {68.0: 1.0}};5;490
68.0;(13, 14, 17, 31, 32, 33, 45, 46, 47, 62, 58);2.0;250.0;100.0;0.15;0.7;{13: 2.0};{58: 2.0};{13: {68.0: 1.0, 76.0: 1.0}};11;491
72.0;(5, 4, 3, 2, 7, 8, 9, 20, 24, 28);1.0;250.0;100.0;0.15;0.8000000000000003;{5: 1.0};{28: 1.0};{5: {72.0: 1.0}};10;492
72.0;(40, 38, 23, 22, 21, 9);1.0;250.0;100.0;0.15;0.8000000000000003;{40: 1.0};{9: 1.0};{40: {72.0: 1.0}};6;493
72.0;(62, 47, 46, 45, 33);2.0;250.0;100.0;0.15;0.8000000000000003;{62: 2.0};{33: 2.0};{62: {72.0: 1.0, 76.0: 1.0}};5;494
76.0;(88, 84, 71, 69, 62, 47, 46, 45, 33, 32, 31, 17, 6, 5, 4);28.0;250.0;100.0;0.15;1.0;{88: 28.0};{4: 1.0, 6: 3.0, 33: 9.0, 46: 15.0};{88: {76.0: 28.0}};15;495
76.0;(57, 28, 24, 20, 9, 8, 7, 2);1.0;250.0;100.0;0.15;0.5;{57: 1.0};{2: 1.0};{57: {76.0: 1.0}};8;496
76.0;(7, 2, 3, 4);2.0;250.0;100.0;0.15;0.7000000000000002;{7: 2.0};{4: 2.0};{7: {76.0: 1.0, 88.0: 1.0}};4;497
76.0;(4, 3, 2, 7, 8);1.0;250.0;100.0;0.15;0.8000000000000003;{4: 1.0};{8: 1.0};{4: {76.0: 1.0}};5;498
76.0;(9, 21, 22, 23, 38, 40, 41, 62);1.0;250.0;100.0;0.15;0.9000000000000001;{9: 1.0};{62: 1.0};{9: {76.0: 1.0}};8;499
76.0;(58, 62, 41, 40, 38, 36);1.0;250.0;100.0;0.15;0.8999999999999999;{58: 1.0};{36: 1.0};{58: {76.0: 1.0}};6;500
76.0;(36, 23, 22, 21, 9);1.0;250.0;100.0;0.15;0.7000000000000002;{36: 1.0};{9: 1.0};{36: {76.0: 1.0}};5;501
76.0;(58, 62, 47, 46, 45, 33);2.0;250.0;100.0;0.15;0.8000000000000003;{58: 2.0};{33: 1.0, 46: 1.0};{58: {76.0: 2.0}};6;502
76.0;(10, 11, 12, 18, 21, 22);2.0;250.0;100.0;0.15;1.0;{10: 2.0};{22: 1.0, 21: 1.0};{10: {76.0: 2.0}};6;503
76.0;(13, 14, 6, 5, 4, 3);2.0;250.0;100.0;0.15;0.8000000000000003;{13: 2.0};{3: 2.0};{13: {76.0: 2.0}};6;504
80.0;(6, 17, 31, 32, 33, 45);23.0;250.0;100.0;0.15;0.7999999999999999;{6: 23.0};{45: 1.0, 32: 22.0};{6: {80.0: 23.0}};6;505
80.0;(55, 28, 24, 20, 21, 22);2.0;250.0;100.0;0.15;0.6000000000000001;{55: 2.0};{22: 1.0, 21: 1.0};{55: {80.0: 2.0}};6;506
80.0;(86, 69, 58, 53, 28);1.0;250.0;100.0;0.15;0.7;{86: 1.0};{28: 1.0};{86: {80.0: 1.0}};5;507
80.0;(26, 25, 28);5.0;250.0;100.0;0.15;0.6000000000000001;{26: 5.0};{28: 5.0};{26: {80.0: 4.0, 88.0: 1.0}};3;508
80.0;(43, 37, 23, 22, 21, 9);1.0;250.0;100.0;0.15;0.9000000000000001;{43: 1.0};{9: 1.0};{43: {80.0: 1.0}};6;509
84.0;(7, 2, 3, 4, 5);1.0;250.0;100.0;0.15;0.3;{7: 1.0};{5: 1.0};{7: {84.0: 1.0}};5;510
84.0;(82, 66, 61, 28, 25);2.0;250.0;100.0;0.15;0.8000000000000003;{82: 2.0};{25: 2.0};{82: {84.0: 1.0, 92.0: 1.0}};5;511
84.0;(5, 4, 3, 2, 7, 8);1.0;250.0;100.0;0.15;0.8000000000000003;{5: 1.0};{8: 1.0};{5: {84.0: 1.0}};6;512
92.0;(88, 84, 71, 69, 62, 47, 46);2.0;250.0;100.0;0.15;0.7999999999999999;{88: 2.0};{46: 1.0, 62: 1.0};{88: {92.0: 2.0}};7;513
